sample_id,gt_label_int,gt_label_name,origin,louvain_cluster
0,1,goldfish,imagenet_r,0
1,1,goldfish,imagenet_sketch,11
2,2,great_white_shark,imagenet,2
3,2,great_white_shark,imagenet_r,3
4,2,great_white_shark,imagenet_r,3
5,2,great_white_shark,imagenet_r,4
6,3,tiger_shark,imagenet_sketch,3
7,4,hammerhead,imagenet_r,624
8,4,hammerhead,imagenet_r,748
9,4,hammerhead,imagenet_r,121
10,5,electric_ray,imagenet,8
11,5,electric_ray,imagenet,9
12,5,electric_ray,imagenet,485
13,5,electric_ray,imagenet,8
14,5,electric_ray,imagenet,11
15,5,electric_ray,imagenet,12
16,5,electric_ray,imagenet,13
17,5,electric_ray,imagenet,14
18,5,electric_ray,imagenet,3
19,5,electric_ray,imagenet,662
20,5,electric_ray,imagenet,16
21,5,electric_ray,imagenet,17
22,5,electric_ray,imagenet_sketch,3
23,6,stingray,imagenet,18
24,6,stingray,imagenet,19
25,6,stingray,imagenet,8
26,6,stingray,imagenet,22
27,6,stingray,imagenet,22
28,6,stingray,imagenet,18
29,6,stingray,imagenet,19
30,6,stingray,imagenet,22
31,6,stingray,imagenet,21
32,6,stingray,imagenet,18
33,6,stingray,imagenet,22
34,6,stingray,imagenet,18
35,6,stingray,imagenet,22
36,6,stingray,imagenet,22
37,6,stingray,imagenet_r,380
38,6,stingray,imagenet_r,24
39,6,stingray,imagenet_r,25
40,6,stingray,imagenet_r,26
41,6,stingray,imagenet_r,27
42,6,stingray,imagenet_r,364
43,6,stingray,imagenet_r,495
44,6,stingray,imagenet_r,30
45,6,stingray,imagenet_r,31
46,6,stingray,imagenet_r,505
47,6,stingray,imagenet_a,9
48,6,stingray,imagenet_a,471
49,6,stingray,imagenet_a,418
50,6,stingray,imagenet_a,161
51,6,stingray,imagenet_a,780
52,6,stingray,imagenet_sketch,653
53,6,stingray,imagenet_sketch,521
54,9,ostrich,imagenet_r,672
55,9,ostrich,imagenet_r,40
56,10,brambling,imagenet,41
57,10,brambling,imagenet_sketch,42
58,10,brambling,imagenet_sketch,43
59,10,brambling,imagenet_sketch,43
60,10,brambling,imagenet_sketch,43
61,10,brambling,imagenet_sketch,43
62,10,brambling,imagenet_sketch,43
63,10,brambling,imagenet_sketch,43
64,10,brambling,imagenet_sketch,43
65,10,brambling,imagenet_sketch,48
66,10,brambling,imagenet_sketch,45
67,10,brambling,imagenet_sketch,45
68,10,brambling,imagenet_sketch,43
69,11,goldfinch,imagenet_a,46
70,11,goldfinch,imagenet_sketch,43
71,11,goldfinch,imagenet_sketch,43
72,11,goldfinch,imagenet_sketch,43
73,11,goldfinch,imagenet_sketch,42
74,11,goldfinch,imagenet_sketch,42
75,14,indigo_bunting,imagenet_sketch,43
76,14,indigo_bunting,imagenet_sketch,43
77,14,indigo_bunting,imagenet_sketch,43
78,14,indigo_bunting,imagenet_sketch,42
79,14,indigo_bunting,imagenet_sketch,789
80,14,indigo_bunting,imagenet_sketch,43
81,14,indigo_bunting,imagenet_sketch,43
82,14,indigo_bunting,imagenet_sketch,48
83,14,indigo_bunting,imagenet_sketch,43
84,14,indigo_bunting,imagenet_sketch,48
85,14,indigo_bunting,imagenet_sketch,43
86,14,indigo_bunting,imagenet_sketch,584
87,14,indigo_bunting,imagenet_sketch,43
88,14,indigo_bunting,imagenet_sketch,43
89,14,indigo_bunting,imagenet_sketch,43
90,14,indigo_bunting,imagenet_sketch,43
91,14,indigo_bunting,imagenet_sketch,43
92,14,indigo_bunting,imagenet_sketch,43
93,14,indigo_bunting,imagenet_sketch,43
94,14,indigo_bunting,imagenet_sketch,48
95,14,indigo_bunting,imagenet_sketch,43
96,14,indigo_bunting,imagenet_sketch,43
97,14,indigo_bunting,imagenet_sketch,43
98,14,indigo_bunting,imagenet_sketch,43
99,14,indigo_bunting,imagenet_sketch,42
100,14,indigo_bunting,imagenet_sketch,48
101,14,indigo_bunting,imagenet_sketch,43
102,14,indigo_bunting,imagenet_sketch,43
103,14,indigo_bunting,imagenet_sketch,43
104,15,robin,imagenet_sketch,43
105,15,robin,imagenet_sketch,43
106,16,bulbul,imagenet,556
107,16,bulbul,imagenet,556
108,16,bulbul,imagenet,50
109,16,bulbul,imagenet_sketch,51
110,16,bulbul,imagenet_sketch,42
111,16,bulbul,imagenet_sketch,51
112,17,jay,imagenet,125
113,17,jay,imagenet,125
114,17,jay,imagenet_sketch,584
115,17,jay,imagenet_sketch,43
116,17,jay,imagenet_sketch,43
117,17,jay,imagenet_sketch,429
118,19,chickadee,imagenet_sketch,42
119,19,chickadee,imagenet_sketch,537
120,20,water_ouzel,imagenet,664
121,20,water_ouzel,imagenet,55
122,20,water_ouzel,imagenet,664
123,20,water_ouzel,imagenet,55
124,20,water_ouzel,imagenet,664
125,20,water_ouzel,imagenet,55
126,20,water_ouzel,imagenet,664
127,20,water_ouzel,imagenet,42
128,20,water_ouzel,imagenet,55
129,20,water_ouzel,imagenet,664
130,20,water_ouzel,imagenet,55
131,20,water_ouzel,imagenet,664
132,20,water_ouzel,imagenet,664
133,20,water_ouzel,imagenet,55
134,20,water_ouzel,imagenet_sketch,42
135,21,kite,imagenet,56
136,21,kite,imagenet,85
137,21,kite,imagenet_sketch,238
138,22,bald_eagle,imagenet_r,204
139,23,vulture,imagenet_r,60
140,23,vulture,imagenet_r,473
141,23,vulture,imagenet_a,62
142,25,European_fire_salamander,imagenet,63
143,25,European_fire_salamander,imagenet_sketch,64
144,25,European_fire_salamander,imagenet_sketch,240
145,25,European_fire_salamander,imagenet_sketch,64
146,25,European_fire_salamander,imagenet_sketch,64
147,25,European_fire_salamander,imagenet_sketch,64
148,25,European_fire_salamander,imagenet_sketch,64
149,25,European_fire_salamander,imagenet_sketch,104
150,25,European_fire_salamander,imagenet_sketch,67
151,25,European_fire_salamander,imagenet_sketch,64
152,25,European_fire_salamander,imagenet_sketch,64
153,25,European_fire_salamander,imagenet_sketch,64
154,25,European_fire_salamander,imagenet_sketch,69
155,25,European_fire_salamander,imagenet_sketch,69
156,25,European_fire_salamander,imagenet_sketch,64
157,25,European_fire_salamander,imagenet_sketch,240
158,25,European_fire_salamander,imagenet_sketch,64
159,25,European_fire_salamander,imagenet_sketch,69
160,25,European_fire_salamander,imagenet_sketch,69
161,25,European_fire_salamander,imagenet_sketch,64
162,25,European_fire_salamander,imagenet_sketch,64
163,25,European_fire_salamander,imagenet_sketch,64
164,25,European_fire_salamander,imagenet_sketch,64
165,25,European_fire_salamander,imagenet_sketch,64
166,25,European_fire_salamander,imagenet_sketch,64
167,25,European_fire_salamander,imagenet_sketch,64
168,25,European_fire_salamander,imagenet_sketch,64
169,25,European_fire_salamander,imagenet_sketch,104
170,25,European_fire_salamander,imagenet_sketch,69
171,25,European_fire_salamander,imagenet_sketch,64
172,25,European_fire_salamander,imagenet_sketch,64
173,25,European_fire_salamander,imagenet_sketch,69
174,25,European_fire_salamander,imagenet_sketch,69
175,25,European_fire_salamander,imagenet_sketch,64
176,25,European_fire_salamander,imagenet_sketch,240
177,25,European_fire_salamander,imagenet_sketch,806
178,25,European_fire_salamander,imagenet_sketch,69
179,25,European_fire_salamander,imagenet_sketch,69
180,25,European_fire_salamander,imagenet_sketch,64
181,25,European_fire_salamander,imagenet_sketch,64
182,25,European_fire_salamander,imagenet_sketch,64
183,25,European_fire_salamander,imagenet_sketch,64
184,26,common_newt,imagenet,69
185,26,common_newt,imagenet,14
186,26,common_newt,imagenet,71
187,26,common_newt,imagenet,18
188,26,common_newt,imagenet,69
189,26,common_newt,imagenet,72
190,26,common_newt,imagenet,582
191,26,common_newt,imagenet,69
192,26,common_newt,imagenet,69
193,26,common_newt,imagenet_sketch,74
194,26,common_newt,imagenet_sketch,74
195,26,common_newt,imagenet_sketch,64
196,27,eft,imagenet,71
197,27,eft,imagenet,75
198,27,eft,imagenet,76
199,26,common_newt,imagenet,71
200,27,eft,imagenet,69
201,28,spotted_salamander,imagenet_sketch,64
202,44,alligator_lizard,imagenet,68
203,29,axolotl,imagenet,78
204,44,alligator_lizard,imagenet,68
205,29,axolotl,imagenet,11
206,29,axolotl,imagenet,78
207,44,alligator_lizard,imagenet,68
208,29,axolotl,imagenet,78
209,44,alligator_lizard,imagenet,68
210,29,axolotl,imagenet,78
211,44,alligator_lizard,imagenet,68
212,30,bullfrog,imagenet,68
213,30,bullfrog,imagenet,75
214,30,bullfrog,imagenet_sketch,79
215,30,bullfrog,imagenet_sketch,79
216,30,bullfrog,imagenet_sketch,79
217,30,bullfrog,imagenet_sketch,79
218,30,bullfrog,imagenet_sketch,79
219,30,bullfrog,imagenet_sketch,79
220,30,bullfrog,imagenet_sketch,79
221,30,bullfrog,imagenet_sketch,79
222,30,bullfrog,imagenet_sketch,79
223,30,bullfrog,imagenet_sketch,79
224,30,bullfrog,imagenet_sketch,79
225,30,bullfrog,imagenet_sketch,79
226,30,bullfrog,imagenet_sketch,79
227,30,bullfrog,imagenet_sketch,79
228,31,tree_frog,imagenet,79
229,31,tree_frog,imagenet_sketch,79
230,31,tree_frog,imagenet_sketch,79
231,31,tree_frog,imagenet_sketch,79
232,31,tree_frog,imagenet_sketch,79
233,33,loggerhead,imagenet,22
234,33,loggerhead,imagenet,22
235,33,loggerhead,imagenet,22
236,33,loggerhead,imagenet,8
237,33,loggerhead,imagenet,80
238,33,loggerhead,imagenet,81
239,34,leatherback_turtle,imagenet,90
240,34,leatherback_turtle,imagenet,90
241,34,leatherback_turtle,imagenet,90
242,34,leatherback_turtle,imagenet,90
243,34,leatherback_turtle,imagenet,90
244,34,leatherback_turtle,imagenet,248
245,33,loggerhead,imagenet,18
246,33,loggerhead,imagenet,85
247,34,leatherback_turtle,imagenet,90
248,34,leatherback_turtle,imagenet,86
249,34,leatherback_turtle,imagenet,87
250,34,leatherback_turtle,imagenet,88
251,34,leatherback_turtle,imagenet,358
252,34,leatherback_turtle,imagenet,90
253,34,leatherback_turtle,imagenet,90
254,34,leatherback_turtle,imagenet,90
255,34,leatherback_turtle,imagenet_sketch,90
256,34,leatherback_turtle,imagenet_sketch,90
257,34,leatherback_turtle,imagenet_sketch,90
258,34,leatherback_turtle,imagenet_sketch,90
259,34,leatherback_turtle,imagenet_sketch,90
260,34,leatherback_turtle,imagenet,90
261,35,mud_turtle,imagenet,91
262,35,mud_turtle,imagenet,90
263,35,mud_turtle,imagenet,76
264,35,mud_turtle,imagenet,90
265,35,mud_turtle,imagenet,75
266,35,mud_turtle,imagenet,76
267,35,mud_turtle,imagenet,90
268,35,mud_turtle,imagenet,76
269,35,mud_turtle,imagenet,90
270,35,mud_turtle,imagenet,90
271,35,mud_turtle,imagenet,76
272,35,mud_turtle,imagenet,90
273,35,mud_turtle,imagenet,76
274,36,terrapin,imagenet,90
275,36,terrapin,imagenet,90
276,37,box_turtle,imagenet,90
277,37,box_turtle,imagenet_sketch,90
278,37,box_turtle,imagenet_sketch,90
279,37,box_turtle,imagenet_sketch,90
280,26,common_newt,imagenet,93
281,38,banded_gecko,imagenet,137
282,26,common_newt,imagenet,98
283,44,alligator_lizard,imagenet,75
284,45,Gila_monster,imagenet,75
285,38,banded_gecko,imagenet,137
286,38,banded_gecko,imagenet,137
287,38,banded_gecko,imagenet_sketch,67
288,38,banded_gecko,imagenet_sketch,67
289,38,banded_gecko,imagenet_sketch,67
290,38,banded_gecko,imagenet_sketch,67
291,38,banded_gecko,imagenet_sketch,95
292,38,banded_gecko,imagenet_sketch,95
293,38,banded_gecko,imagenet_sketch,67
294,38,banded_gecko,imagenet_sketch,67
295,38,banded_gecko,imagenet_sketch,95
296,38,banded_gecko,imagenet_sketch,67
297,38,banded_gecko,imagenet_sketch,96
298,44,alligator_lizard,imagenet,97
299,39,common_iguana,imagenet,98
300,46,green_lizard,imagenet,99
301,39,common_iguana,imagenet_r,74
302,39,common_iguana,imagenet_a,90
303,39,common_iguana,imagenet_a,72
304,39,common_iguana,imagenet_sketch,74
305,39,common_iguana,imagenet_sketch,67
306,39,common_iguana,imagenet_sketch,95
307,39,common_iguana,imagenet_sketch,74
308,39,common_iguana,imagenet_sketch,74
309,46,green_lizard,imagenet,99
310,40,American_chameleon,imagenet_sketch,102
311,40,American_chameleon,imagenet_sketch,67
312,40,American_chameleon,imagenet_sketch,103
313,40,American_chameleon,imagenet_sketch,102
314,40,American_chameleon,imagenet_sketch,104
315,40,American_chameleon,imagenet_sketch,74
316,40,American_chameleon,imagenet_sketch,102
317,40,American_chameleon,imagenet_sketch,74
318,40,American_chameleon,imagenet_sketch,102
319,40,American_chameleon,imagenet_sketch,102
320,40,American_chameleon,imagenet_sketch,67
321,40,American_chameleon,imagenet_sketch,436
322,40,American_chameleon,imagenet_sketch,74
323,40,American_chameleon,imagenet_sketch,74
324,40,American_chameleon,imagenet_sketch,74
325,40,American_chameleon,imagenet_sketch,95
326,40,American_chameleon,imagenet_sketch,74
327,40,American_chameleon,imagenet_sketch,102
328,40,American_chameleon,imagenet_sketch,436
329,40,American_chameleon,imagenet_sketch,74
330,40,American_chameleon,imagenet_sketch,74
331,40,American_chameleon,imagenet_sketch,74
332,40,American_chameleon,imagenet_sketch,102
333,40,American_chameleon,imagenet_sketch,102
334,40,American_chameleon,imagenet_sketch,74
335,40,American_chameleon,imagenet_sketch,103
336,40,American_chameleon,imagenet_sketch,102
337,40,American_chameleon,imagenet_sketch,95
338,40,American_chameleon,imagenet_sketch,102
339,40,American_chameleon,imagenet_sketch,102
340,40,American_chameleon,imagenet_sketch,67
341,40,American_chameleon,imagenet_sketch,74
342,40,American_chameleon,imagenet_sketch,74
343,40,American_chameleon,imagenet_sketch,102
344,40,American_chameleon,imagenet_sketch,102
345,40,American_chameleon,imagenet_sketch,436
346,40,American_chameleon,imagenet_sketch,74
347,40,American_chameleon,imagenet_sketch,436
348,40,American_chameleon,imagenet_sketch,103
349,40,American_chameleon,imagenet_sketch,102
350,40,American_chameleon,imagenet_sketch,104
351,40,American_chameleon,imagenet_sketch,102
352,40,American_chameleon,imagenet_sketch,74
353,40,American_chameleon,imagenet_sketch,436
354,40,American_chameleon,imagenet_sketch,74
355,40,American_chameleon,imagenet_sketch,436
356,40,American_chameleon,imagenet_sketch,103
357,41,whiptail,imagenet,72
358,41,whiptail,imagenet,72
359,41,whiptail,imagenet,55
360,41,whiptail,imagenet,72
361,41,whiptail,imagenet,72
362,41,whiptail,imagenet,72
363,41,whiptail,imagenet,72
364,41,whiptail,imagenet,72
365,41,whiptail,imagenet,75
366,41,whiptail,imagenet,75
367,41,whiptail,imagenet,72
368,41,whiptail,imagenet,72
369,41,whiptail,imagenet,72
370,41,whiptail,imagenet,75
371,41,whiptail,imagenet,72
372,41,whiptail,imagenet,72
373,41,whiptail,imagenet,72
374,41,whiptail,imagenet,72
375,41,whiptail,imagenet,72
376,41,whiptail,imagenet,72
377,41,whiptail,imagenet_sketch,95
378,41,whiptail,imagenet_sketch,107
379,41,whiptail,imagenet_sketch,107
380,41,whiptail,imagenet_sketch,95
381,41,whiptail,imagenet_sketch,95
382,41,whiptail,imagenet_sketch,107
383,41,whiptail,imagenet_sketch,107
384,41,whiptail,imagenet_sketch,95
385,41,whiptail,imagenet_sketch,95
386,41,whiptail,imagenet_sketch,67
387,41,whiptail,imagenet_sketch,95
388,41,whiptail,imagenet_sketch,107
389,41,whiptail,imagenet_sketch,107
390,41,whiptail,imagenet_sketch,95
391,41,whiptail,imagenet,72
392,41,whiptail,imagenet,72
393,40,American_chameleon,imagenet,109
394,42,agama,imagenet,110
395,26,common_newt,imagenet,71
396,42,agama,imagenet,110
397,40,American_chameleon,imagenet,109
398,42,agama,imagenet,110
399,42,agama,imagenet,17
400,42,agama,imagenet,109
401,42,agama,imagenet_a,111
402,42,agama,imagenet_a,624
403,42,agama,imagenet_a,112
404,42,agama,imagenet_a,62
405,42,agama,imagenet_a,582
406,42,agama,imagenet_sketch,107
407,42,agama,imagenet_sketch,67
408,42,agama,imagenet_sketch,95
409,42,agama,imagenet_sketch,114
410,42,agama,imagenet_sketch,107
411,42,agama,imagenet_sketch,67
412,42,agama,imagenet_sketch,103
413,42,agama,imagenet_sketch,45
414,42,agama,imagenet_sketch,103
415,42,agama,imagenet_sketch,107
416,42,agama,imagenet_sketch,64
417,40,American_chameleon,imagenet,109
418,43,frilled_lizard,imagenet,115
419,43,frilled_lizard,imagenet,115
420,43,frilled_lizard,imagenet,115
421,43,frilled_lizard,imagenet,115
422,43,frilled_lizard,imagenet,115
423,43,frilled_lizard,imagenet,248
424,43,frilled_lizard,imagenet,71
425,43,frilled_lizard,imagenet,19
426,43,frilled_lizard,imagenet,115
427,43,frilled_lizard,imagenet,116
428,43,frilled_lizard,imagenet,117
429,43,frilled_lizard,imagenet,115
430,43,frilled_lizard,imagenet,115
431,43,frilled_lizard,imagenet,115
432,43,frilled_lizard,imagenet,115
433,43,frilled_lizard,imagenet,115
434,44,alligator_lizard,imagenet,118
435,44,alligator_lizard,imagenet,98
436,44,alligator_lizard,imagenet,118
437,44,alligator_lizard,imagenet_sketch,67
438,44,alligator_lizard,imagenet_sketch,107
439,44,alligator_lizard,imagenet_sketch,67
440,45,Gila_monster,imagenet,75
441,45,Gila_monster,imagenet,72
442,46,green_lizard,imagenet,637
443,46,green_lizard,imagenet,115
444,46,green_lizard,imagenet,72
445,46,green_lizard,imagenet,72
446,46,green_lizard,imagenet,103
447,46,green_lizard,imagenet,115
448,46,green_lizard,imagenet,72
449,46,green_lizard,imagenet_sketch,107
450,46,green_lizard,imagenet_sketch,45
451,46,green_lizard,imagenet_sketch,103
452,46,green_lizard,imagenet_sketch,74
453,46,green_lizard,imagenet_sketch,95
454,46,green_lizard,imagenet_sketch,67
455,46,green_lizard,imagenet_sketch,107
456,46,green_lizard,imagenet_sketch,103
457,46,green_lizard,imagenet_sketch,67
458,46,green_lizard,imagenet_sketch,64
459,46,green_lizard,imagenet_sketch,74
460,46,green_lizard,imagenet_sketch,103
461,46,green_lizard,imagenet_sketch,67
462,46,green_lizard,imagenet_sketch,107
463,46,green_lizard,imagenet_sketch,69
464,46,green_lizard,imagenet_sketch,103
465,46,green_lizard,imagenet_sketch,67
466,46,green_lizard,imagenet_sketch,95
467,46,green_lizard,imagenet_sketch,102
468,46,green_lizard,imagenet_sketch,103
469,46,green_lizard,imagenet_sketch,74
470,46,green_lizard,imagenet_sketch,103
471,46,green_lizard,imagenet_sketch,95
472,46,green_lizard,imagenet_sketch,103
473,46,green_lizard,imagenet_sketch,102
474,46,green_lizard,imagenet_sketch,67
475,46,green_lizard,imagenet_sketch,103
476,46,green_lizard,imagenet_sketch,103
477,46,green_lizard,imagenet_sketch,103
478,46,green_lizard,imagenet_sketch,103
479,46,green_lizard,imagenet_sketch,74
480,46,green_lizard,imagenet_sketch,95
481,46,green_lizard,imagenet_sketch,102
482,46,green_lizard,imagenet_sketch,67
483,46,green_lizard,imagenet_sketch,103
484,46,green_lizard,imagenet_sketch,103
485,46,green_lizard,imagenet_sketch,103
486,47,African_chameleon,imagenet,109
487,47,African_chameleon,imagenet,109
488,47,African_chameleon,imagenet,71
489,47,African_chameleon,imagenet,354
490,47,African_chameleon,imagenet,109
491,47,African_chameleon,imagenet,115
492,47,African_chameleon,imagenet,109
493,47,African_chameleon,imagenet,109
494,47,African_chameleon,imagenet_a,72
495,47,African_chameleon,imagenet_a,72
496,47,African_chameleon,imagenet_a,72
497,47,African_chameleon,imagenet_a,382
498,47,African_chameleon,imagenet_a,97
499,47,African_chameleon,imagenet_a,73
500,47,African_chameleon,imagenet_a,109
501,49,African_crocodile,imagenet,50
502,49,African_crocodile,imagenet,18
503,49,African_crocodile,imagenet,124
504,49,African_crocodile,imagenet,125
505,50,American_alligator,imagenet,637
506,50,American_alligator,imagenet,126
507,50,American_alligator,imagenet,80
508,49,African_crocodile,imagenet,75
509,50,American_alligator,imagenet,80
510,50,American_alligator,imagenet_sketch,114
511,50,American_alligator,imagenet_sketch,114
512,50,American_alligator,imagenet_sketch,114
513,50,American_alligator,imagenet_sketch,127
514,50,American_alligator,imagenet_sketch,114
515,50,American_alligator,imagenet_sketch,114
516,50,American_alligator,imagenet_sketch,114
517,50,American_alligator,imagenet_sketch,114
518,50,American_alligator,imagenet_sketch,114
519,50,American_alligator,imagenet_sketch,114
520,50,American_alligator,imagenet_sketch,114
521,50,American_alligator,imagenet_sketch,114
522,52,thunder_snake,imagenet,55
523,52,thunder_snake,imagenet,55
524,52,thunder_snake,imagenet,55
525,52,thunder_snake,imagenet,128
526,60,night_snake,imagenet,55
527,52,thunder_snake,imagenet,78
528,52,thunder_snake,imagenet,128
529,52,thunder_snake,imagenet,129
530,52,thunder_snake,imagenet,55
531,52,thunder_snake,imagenet,55
532,60,night_snake,imagenet,55
533,52,thunder_snake,imagenet,128
534,52,thunder_snake,imagenet,128
535,60,night_snake,imagenet,55
536,52,thunder_snake,imagenet,78
537,52,thunder_snake,imagenet,130
538,52,thunder_snake,imagenet,128
539,52,thunder_snake,imagenet,75
540,52,thunder_snake,imagenet,55
541,52,thunder_snake,imagenet,46
542,60,night_snake,imagenet,55
543,52,thunder_snake,imagenet,78
544,52,thunder_snake,imagenet,131
545,57,garter_snake,imagenet,132
546,52,thunder_snake,imagenet,128
547,52,thunder_snake,imagenet,133
548,52,thunder_snake,imagenet,131
549,52,thunder_snake,imagenet,55
550,52,thunder_snake,imagenet,128
551,60,night_snake,imagenet,55
552,52,thunder_snake,imagenet,78
553,52,thunder_snake,imagenet,128
554,52,thunder_snake,imagenet,128
555,52,thunder_snake,imagenet,129
556,52,thunder_snake,imagenet,55
557,52,thunder_snake,imagenet,128
558,52,thunder_snake,imagenet,128
559,52,thunder_snake,imagenet_sketch,134
560,53,ringneck_snake,imagenet,135
561,53,ringneck_snake,imagenet,46
562,53,ringneck_snake,imagenet,129
563,53,ringneck_snake,imagenet,46
564,53,ringneck_snake,imagenet,129
565,53,ringneck_snake,imagenet,46
566,53,ringneck_snake,imagenet,129
567,53,ringneck_snake,imagenet,128
568,53,ringneck_snake,imagenet,46
569,53,ringneck_snake,imagenet,129
570,53,ringneck_snake,imagenet,129
571,53,ringneck_snake,imagenet,137
572,53,ringneck_snake,imagenet,129
573,53,ringneck_snake,imagenet,46
574,53,ringneck_snake,imagenet,46
575,53,ringneck_snake,imagenet,129
576,53,ringneck_snake,imagenet,129
577,53,ringneck_snake,imagenet,46
578,53,ringneck_snake,imagenet,129
579,53,ringneck_snake,imagenet_sketch,138
580,53,ringneck_snake,imagenet_sketch,138
581,53,ringneck_snake,imagenet_sketch,138
582,53,ringneck_snake,imagenet_sketch,138
583,53,ringneck_snake,imagenet_sketch,138
584,53,ringneck_snake,imagenet_sketch,138
585,53,ringneck_snake,imagenet_sketch,138
586,53,ringneck_snake,imagenet_sketch,138
587,53,ringneck_snake,imagenet_sketch,138
588,53,ringneck_snake,imagenet_sketch,138
589,53,ringneck_snake,imagenet_sketch,138
590,53,ringneck_snake,imagenet_sketch,138
591,53,ringneck_snake,imagenet_sketch,138
592,53,ringneck_snake,imagenet_sketch,138
593,53,ringneck_snake,imagenet_sketch,138
594,53,ringneck_snake,imagenet_sketch,138
595,54,hognose_snake,imagenet,139
596,54,hognose_snake,imagenet,93
597,54,hognose_snake,imagenet,140
598,54,hognose_snake,imagenet,168
599,54,hognose_snake,imagenet,139
600,54,hognose_snake,imagenet,140
601,54,hognose_snake,imagenet,93
602,54,hognose_snake,imagenet,140
603,54,hognose_snake,imagenet,140
604,54,hognose_snake,imagenet,93
605,54,hognose_snake,imagenet,93
606,54,hognose_snake,imagenet,139
607,54,hognose_snake,imagenet,140
608,54,hognose_snake,imagenet,168
609,54,hognose_snake,imagenet,93
610,54,hognose_snake,imagenet,93
611,54,hognose_snake,imagenet,140
612,54,hognose_snake,imagenet,168
613,54,hognose_snake,imagenet,131
614,60,night_snake,imagenet,46
615,54,hognose_snake,imagenet,14
616,54,hognose_snake,imagenet,142
617,54,hognose_snake,imagenet,142
618,54,hognose_snake,imagenet,142
619,54,hognose_snake,imagenet,14
620,54,hognose_snake,imagenet,142
621,54,hognose_snake,imagenet,75
622,54,hognose_snake,imagenet,14
623,54,hognose_snake,imagenet,71
624,54,hognose_snake,imagenet,142
625,54,hognose_snake,imagenet,93
626,54,hognose_snake,imagenet,142
627,54,hognose_snake,imagenet,142
628,54,hognose_snake,imagenet,139
629,54,hognose_snake,imagenet,140
630,54,hognose_snake,imagenet,93
631,54,hognose_snake,imagenet,93
632,54,hognose_snake,imagenet,140
633,54,hognose_snake,imagenet,93
634,54,hognose_snake,imagenet,93
635,54,hognose_snake,imagenet,93
636,54,hognose_snake,imagenet,139
637,54,hognose_snake,imagenet,93
638,54,hognose_snake,imagenet,140
639,54,hognose_snake,imagenet,168
640,54,hognose_snake,imagenet_sketch,134
641,54,hognose_snake,imagenet_sketch,143
642,54,hognose_snake,imagenet_sketch,134
643,54,hognose_snake,imagenet_sketch,789
644,54,hognose_snake,imagenet_sketch,134
645,54,hognose_snake,imagenet_sketch,134
646,54,hognose_snake,imagenet_sketch,134
647,54,hognose_snake,imagenet_sketch,148
648,54,hognose_snake,imagenet_sketch,143
649,54,hognose_snake,imagenet_sketch,138
650,54,hognose_snake,imagenet_sketch,134
651,54,hognose_snake,imagenet_sketch,134
652,54,hognose_snake,imagenet_sketch,789
653,54,hognose_snake,imagenet_sketch,134
654,54,hognose_snake,imagenet_sketch,134
655,54,hognose_snake,imagenet_sketch,134
656,54,hognose_snake,imagenet_sketch,148
657,55,green_snake,imagenet,145
658,55,green_snake,imagenet,145
659,62,rock_python,imagenet,71
660,62,rock_python,imagenet,146
661,55,green_snake,imagenet,145
662,55,green_snake,imagenet_sketch,481
663,55,green_snake,imagenet_sketch,148
664,55,green_snake,imagenet_sketch,149
665,55,green_snake,imagenet_sketch,134
666,55,green_snake,imagenet_sketch,150
667,55,green_snake,imagenet_sketch,148
668,55,green_snake,imagenet_sketch,149
669,55,green_snake,imagenet_sketch,150
670,55,green_snake,imagenet_sketch,149
671,55,green_snake,imagenet_sketch,148
672,55,green_snake,imagenet_sketch,149
673,55,green_snake,imagenet_sketch,149
674,55,green_snake,imagenet_sketch,150
675,55,green_snake,imagenet_sketch,149
676,55,green_snake,imagenet_sketch,150
677,55,green_snake,imagenet_sketch,134
678,55,green_snake,imagenet_sketch,149
679,55,green_snake,imagenet_sketch,148
680,55,green_snake,imagenet_sketch,149
681,55,green_snake,imagenet_sketch,134
682,55,green_snake,imagenet_sketch,150
683,55,green_snake,imagenet_sketch,148
684,55,green_snake,imagenet_sketch,150
685,55,green_snake,imagenet_sketch,149
686,56,king_snake,imagenet,75
687,56,king_snake,imagenet,142
688,57,garter_snake,imagenet_sketch,148
689,57,garter_snake,imagenet_sketch,240
690,57,garter_snake,imagenet_sketch,148
691,57,garter_snake,imagenet_sketch,148
692,57,garter_snake,imagenet_sketch,104
693,57,garter_snake,imagenet_sketch,240
694,57,garter_snake,imagenet_sketch,148
695,57,garter_snake,imagenet_sketch,148
696,57,garter_snake,imagenet_sketch,240
697,57,garter_snake,imagenet_sketch,148
698,57,garter_snake,imagenet_sketch,148
699,57,garter_snake,imagenet_sketch,240
700,57,garter_snake,imagenet_sketch,240
701,58,water_snake,imagenet,139
702,58,water_snake,imagenet,131
703,58,water_snake,imagenet,504
704,58,water_snake,imagenet,131
705,58,water_snake,imagenet,142
706,58,water_snake,imagenet,14
707,56,king_snake,imagenet,153
708,58,water_snake,imagenet,140
709,58,water_snake,imagenet,139
710,59,vine_snake,imagenet,726
711,59,vine_snake,imagenet_sketch,138
712,59,vine_snake,imagenet_sketch,143
713,59,vine_snake,imagenet_sketch,138
714,60,night_snake,imagenet,168
715,60,night_snake,imagenet,97
716,60,night_snake,imagenet,140
717,60,night_snake,imagenet,146
718,60,night_snake,imagenet,139
719,60,night_snake,imagenet,478
720,60,night_snake,imagenet,97
721,60,night_snake,imagenet,139
722,60,night_snake,imagenet,129
723,60,night_snake,imagenet,140
724,60,night_snake,imagenet,168
725,60,night_snake,imagenet,140
726,60,night_snake,imagenet,146
727,60,night_snake,imagenet,146
728,60,night_snake,imagenet,93
729,60,night_snake,imagenet,139
730,60,night_snake,imagenet,478
731,60,night_snake,imagenet,97
732,60,night_snake,imagenet,139
733,60,night_snake,imagenet,139
734,60,night_snake,imagenet,97
735,60,night_snake,imagenet,129
736,60,night_snake,imagenet,140
737,60,night_snake,imagenet,168
738,60,night_snake,imagenet,168
739,60,night_snake,imagenet,140
740,60,night_snake,imagenet,146
741,60,night_snake,imagenet,139
742,60,night_snake,imagenet,478
743,60,night_snake,imagenet,139
744,60,night_snake,imagenet,139
745,60,night_snake,imagenet,97
746,60,night_snake,imagenet,129
747,60,night_snake,imagenet,140
748,60,night_snake,imagenet,168
749,60,night_snake,imagenet,142
750,60,night_snake,imagenet,142
751,60,night_snake,imagenet,49
752,60,night_snake,imagenet,157
753,60,night_snake,imagenet,146
754,60,night_snake,imagenet,93
755,60,night_snake,imagenet,98
756,60,night_snake,imagenet,356
757,60,night_snake,imagenet,75
758,60,night_snake,imagenet,139
759,60,night_snake,imagenet,158
760,60,night_snake,imagenet,142
761,60,night_snake,imagenet,142
762,60,night_snake,imagenet,157
763,60,night_snake,imagenet,142
764,60,night_snake,imagenet,139
765,60,night_snake,imagenet,139
766,60,night_snake,imagenet,97
767,60,night_snake,imagenet,142
768,60,night_snake,imagenet,98
769,60,night_snake,imagenet,75
770,60,night_snake,imagenet,157
771,60,night_snake,imagenet,142
772,60,night_snake,imagenet,168
773,60,night_snake,imagenet,140
774,60,night_snake,imagenet,168
775,60,night_snake,imagenet,146
776,60,night_snake,imagenet,139
777,60,night_snake,imagenet,97
778,60,night_snake,imagenet,139
779,60,night_snake,imagenet,168
780,60,night_snake,imagenet,140
781,60,night_snake,imagenet,140
782,60,night_snake,imagenet,146
783,60,night_snake,imagenet,139
784,60,night_snake,imagenet,478
785,60,night_snake,imagenet,97
786,60,night_snake,imagenet,139
787,60,night_snake,imagenet,97
788,60,night_snake,imagenet,129
789,60,night_snake,imagenet,168
790,60,night_snake,imagenet,168
791,60,night_snake,imagenet,97
792,60,night_snake,imagenet,140
793,60,night_snake,imagenet,146
794,60,night_snake,imagenet,139
795,60,night_snake,imagenet,478
796,60,night_snake,imagenet,97
797,60,night_snake,imagenet,139
798,60,night_snake,imagenet,139
799,60,night_snake,imagenet,97
800,61,boa_constrictor,imagenet,49
801,61,boa_constrictor,imagenet,76
802,61,boa_constrictor,imagenet,49
803,61,boa_constrictor,imagenet,515
804,61,boa_constrictor,imagenet,160
805,61,boa_constrictor,imagenet,161
806,61,boa_constrictor,imagenet,736
807,61,boa_constrictor,imagenet,49
808,61,boa_constrictor,imagenet,49
809,61,boa_constrictor,imagenet,163
810,61,boa_constrictor,imagenet,76
811,61,boa_constrictor,imagenet,49
812,61,boa_constrictor,imagenet,163
813,61,boa_constrictor,imagenet_sketch,148
814,61,boa_constrictor,imagenet_sketch,134
815,62,rock_python,imagenet,168
816,62,rock_python,imagenet,168
817,62,rock_python,imagenet,129
818,62,rock_python,imagenet,168
819,62,rock_python,imagenet,129
820,61,boa_constrictor,imagenet,157
821,62,rock_python,imagenet,168
822,62,rock_python,imagenet,142
823,62,rock_python,imagenet,164
824,62,rock_python,imagenet,49
825,62,rock_python,imagenet,75
826,62,rock_python,imagenet,168
827,62,rock_python,imagenet,142
828,62,rock_python,imagenet,131
829,62,rock_python,imagenet,157
830,62,rock_python,imagenet,114
831,62,rock_python,imagenet,168
832,62,rock_python,imagenet,97
833,62,rock_python,imagenet,168
834,62,rock_python,imagenet,168
835,62,rock_python,imagenet,129
836,62,rock_python,imagenet,97
837,62,rock_python,imagenet,168
838,62,rock_python,imagenet,140
839,62,rock_python,imagenet,168
840,62,rock_python,imagenet,129
841,62,rock_python,imagenet,168
842,62,rock_python,imagenet,129
843,62,rock_python,imagenet,140
844,62,rock_python,imagenet_sketch,143
845,62,rock_python,imagenet_sketch,143
846,62,rock_python,imagenet_sketch,143
847,62,rock_python,imagenet_sketch,143
848,62,rock_python,imagenet_sketch,143
849,62,rock_python,imagenet_sketch,143
850,62,rock_python,imagenet_sketch,143
851,62,rock_python,imagenet_sketch,143
852,62,rock_python,imagenet_sketch,143
853,62,rock_python,imagenet_sketch,143
854,62,rock_python,imagenet_sketch,143
855,62,rock_python,imagenet_sketch,143
856,62,rock_python,imagenet_sketch,143
857,62,rock_python,imagenet_sketch,143
858,62,rock_python,imagenet_sketch,143
859,62,rock_python,imagenet_sketch,143
860,63,Indian_cobra,imagenet,478
861,63,Indian_cobra,imagenet,478
862,62,rock_python,imagenet,71
863,63,Indian_cobra,imagenet,478
864,63,Indian_cobra,imagenet,478
865,63,Indian_cobra,imagenet_r,521
866,64,green_mamba,imagenet,166
867,64,green_mamba,imagenet,49
868,64,green_mamba,imagenet,166
869,64,green_mamba,imagenet,145
870,64,green_mamba,imagenet,49
871,64,green_mamba,imagenet,166
872,64,green_mamba,imagenet,166
873,64,green_mamba,imagenet,49
874,64,green_mamba,imagenet,145
875,64,green_mamba,imagenet,166
876,64,green_mamba,imagenet,145
877,64,green_mamba,imagenet,145
878,64,green_mamba,imagenet,49
879,64,green_mamba,imagenet,145
880,64,green_mamba,imagenet,166
881,64,green_mamba,imagenet,145
882,64,green_mamba,imagenet,76
883,64,green_mamba,imagenet,166
884,64,green_mamba,imagenet,49
885,64,green_mamba,imagenet,166
886,64,green_mamba,imagenet,145
887,64,green_mamba,imagenet,49
888,64,green_mamba,imagenet,166
889,64,green_mamba,imagenet,166
890,64,green_mamba,imagenet,49
891,64,green_mamba,imagenet_sketch,134
892,64,green_mamba,imagenet_sketch,150
893,64,green_mamba,imagenet_sketch,134
894,64,green_mamba,imagenet_sketch,150
895,64,green_mamba,imagenet_sketch,150
896,64,green_mamba,imagenet_sketch,150
897,64,green_mamba,imagenet_sketch,150
898,64,green_mamba,imagenet_sketch,150
899,64,green_mamba,imagenet_sketch,134
900,64,green_mamba,imagenet_sketch,150
901,64,green_mamba,imagenet_sketch,150
902,65,sea_snake,imagenet,168
903,65,sea_snake,imagenet,168
904,65,sea_snake,imagenet,168
905,65,sea_snake,imagenet,142
906,65,sea_snake,imagenet,348
907,65,sea_snake,imagenet,170
908,65,sea_snake,imagenet,11
909,65,sea_snake,imagenet,168
910,65,sea_snake,imagenet,748
911,65,sea_snake,imagenet,120
912,65,sea_snake,imagenet,168
913,65,sea_snake,imagenet,146
914,65,sea_snake,imagenet,168
915,65,sea_snake,imagenet,168
916,65,sea_snake,imagenet_sketch,323
917,65,sea_snake,imagenet_sketch,323
918,66,horned_viper,imagenet,135
919,66,horned_viper,imagenet,97
920,66,horned_viper,imagenet,135
921,66,horned_viper,imagenet,140
922,66,horned_viper,imagenet,97
923,66,horned_viper,imagenet,135
924,66,horned_viper,imagenet,248
925,66,horned_viper,imagenet,99
926,66,horned_viper,imagenet,135
927,66,horned_viper,imagenet,135
928,66,horned_viper,imagenet,93
929,66,horned_viper,imagenet,173
930,66,horned_viper,imagenet,97
931,66,horned_viper,imagenet,135
932,66,horned_viper,imagenet,140
933,66,horned_viper,imagenet,97
934,66,horned_viper,imagenet_sketch,174
935,66,horned_viper,imagenet_sketch,174
936,66,horned_viper,imagenet_sketch,174
937,66,horned_viper,imagenet_sketch,174
938,66,horned_viper,imagenet_sketch,174
939,66,horned_viper,imagenet_sketch,789
940,66,horned_viper,imagenet_sketch,174
941,66,horned_viper,imagenet_sketch,174
942,66,horned_viper,imagenet_sketch,174
943,66,horned_viper,imagenet_sketch,143
944,66,horned_viper,imagenet_sketch,174
945,66,horned_viper,imagenet_sketch,174
946,66,horned_viper,imagenet_sketch,174
947,66,horned_viper,imagenet_sketch,174
948,67,diamondback,imagenet,508
949,67,diamondback,imagenet_sketch,176
950,67,diamondback,imagenet_sketch,176
951,67,diamondback,imagenet_sketch,176
952,67,diamondback,imagenet_sketch,143
953,67,diamondback,imagenet_sketch,176
954,67,diamondback,imagenet_sketch,134
955,67,diamondback,imagenet_sketch,150
956,67,diamondback,imagenet_sketch,176
957,67,diamondback,imagenet_sketch,176
958,67,diamondback,imagenet_sketch,143
959,67,diamondback,imagenet_sketch,176
960,67,diamondback,imagenet_sketch,150
961,68,sidewinder,imagenet,148
962,68,sidewinder,imagenet,148
963,68,sidewinder,imagenet,148
964,68,sidewinder,imagenet,148
965,68,sidewinder,imagenet,117
966,68,sidewinder,imagenet,142
967,68,sidewinder,imagenet,142
968,68,sidewinder,imagenet,142
969,68,sidewinder,imagenet,14
970,68,sidewinder,imagenet,726
971,66,horned_viper,imagenet,98
972,68,sidewinder,imagenet,148
973,68,sidewinder,imagenet,140
974,68,sidewinder,imagenet,148
975,68,sidewinder,imagenet,140
976,68,sidewinder,imagenet,148
977,68,sidewinder,imagenet_sketch,143
978,68,sidewinder,imagenet_sketch,143
979,68,sidewinder,imagenet_sketch,240
980,69,trilobite,imagenet,179
981,69,trilobite,imagenet,179
982,69,trilobite,imagenet,137
983,69,trilobite,imagenet,180
984,69,trilobite,imagenet,14
985,69,trilobite,imagenet,71
986,69,trilobite,imagenet,8
987,69,trilobite,imagenet,181
988,69,trilobite,imagenet,179
989,69,trilobite,imagenet,179
990,69,trilobite,imagenet,179
991,69,trilobite,imagenet,179
992,71,scorpion,imagenet,75
993,71,scorpion,imagenet,75
994,71,scorpion,imagenet,182
995,71,scorpion,imagenet_r,183
996,71,scorpion,imagenet_a,68
997,71,scorpion,imagenet_a,186
998,72,black_and_gold_garden_spider,imagenet_sketch,185
999,72,black_and_gold_garden_spider,imagenet_sketch,185
1000,72,black_and_gold_garden_spider,imagenet_sketch,185
1001,72,black_and_gold_garden_spider,imagenet_sketch,185
1002,72,black_and_gold_garden_spider,imagenet_sketch,185
1003,72,black_and_gold_garden_spider,imagenet_sketch,185
1004,72,black_and_gold_garden_spider,imagenet_sketch,185
1005,72,black_and_gold_garden_spider,imagenet_sketch,148
1006,72,black_and_gold_garden_spider,imagenet_sketch,185
1007,72,black_and_gold_garden_spider,imagenet_sketch,185
1008,72,black_and_gold_garden_spider,imagenet_sketch,185
1009,72,black_and_gold_garden_spider,imagenet_sketch,185
1010,72,black_and_gold_garden_spider,imagenet_sketch,185
1011,72,black_and_gold_garden_spider,imagenet_sketch,185
1012,72,black_and_gold_garden_spider,imagenet_sketch,185
1013,72,black_and_gold_garden_spider,imagenet_sketch,185
1014,72,black_and_gold_garden_spider,imagenet_sketch,185
1015,72,black_and_gold_garden_spider,imagenet_sketch,185
1016,72,black_and_gold_garden_spider,imagenet_sketch,185
1017,72,black_and_gold_garden_spider,imagenet_sketch,185
1018,72,black_and_gold_garden_spider,imagenet_sketch,185
1019,72,black_and_gold_garden_spider,imagenet_sketch,185
1020,73,barn_spider,imagenet,186
1021,73,barn_spider,imagenet,186
1022,73,barn_spider,imagenet,186
1023,73,barn_spider,imagenet,186
1024,73,barn_spider,imagenet,186
1025,73,barn_spider,imagenet,186
1026,73,barn_spider,imagenet,186
1027,73,barn_spider,imagenet,186
1028,73,barn_spider,imagenet,186
1029,73,barn_spider,imagenet,186
1030,73,barn_spider,imagenet,186
1031,73,barn_spider,imagenet,186
1032,73,barn_spider,imagenet,186
1033,73,barn_spider,imagenet,186
1034,73,barn_spider,imagenet,186
1035,73,barn_spider,imagenet_sketch,186
1036,74,garden_spider,imagenet,186
1037,74,garden_spider,imagenet,186
1038,74,garden_spider,imagenet_sketch,149
1039,74,garden_spider,imagenet_sketch,185
1040,74,garden_spider,imagenet_sketch,185
1041,74,garden_spider,imagenet_sketch,185
1042,74,garden_spider,imagenet_sketch,185
1043,75,black_widow,imagenet,186
1044,75,black_widow,imagenet,186
1045,75,black_widow,imagenet_sketch,187
1046,75,black_widow,imagenet_sketch,187
1047,75,black_widow,imagenet_sketch,185
1048,75,black_widow,imagenet_sketch,187
1049,75,black_widow,imagenet_sketch,187
1050,75,black_widow,imagenet_sketch,187
1051,75,black_widow,imagenet_sketch,518
1052,75,black_widow,imagenet_sketch,187
1053,75,black_widow,imagenet_sketch,187
1054,75,black_widow,imagenet_sketch,185
1055,75,black_widow,imagenet_sketch,187
1056,75,black_widow,imagenet_sketch,185
1057,75,black_widow,imagenet_sketch,187
1058,75,black_widow,imagenet_sketch,518
1059,75,black_widow,imagenet_sketch,187
1060,75,black_widow,imagenet_sketch,187
1061,75,black_widow,imagenet_sketch,185
1062,75,black_widow,imagenet_sketch,187
1063,75,black_widow,imagenet_sketch,185
1064,75,black_widow,imagenet_sketch,518
1065,75,black_widow,imagenet_sketch,187
1066,75,black_widow,imagenet_sketch,187
1067,75,black_widow,imagenet_sketch,187
1068,75,black_widow,imagenet_sketch,185
1069,75,black_widow,imagenet_sketch,518
1070,77,wolf_spider,imagenet,189
1071,77,wolf_spider,imagenet,186
1072,77,wolf_spider,imagenet,189
1073,77,wolf_spider,imagenet,186
1074,77,wolf_spider,imagenet,186
1075,77,wolf_spider,imagenet,189
1076,77,wolf_spider,imagenet,186
1077,77,wolf_spider,imagenet,189
1078,73,barn_spider,imagenet,186
1079,77,wolf_spider,imagenet,769
1080,77,wolf_spider,imagenet,186
1081,77,wolf_spider,imagenet,189
1082,77,wolf_spider,imagenet,186
1083,77,wolf_spider,imagenet,189
1084,77,wolf_spider,imagenet,186
1085,79,centipede,imagenet,99
1086,79,centipede,imagenet,179
1087,79,centipede,imagenet,99
1088,79,centipede,imagenet,99
1089,79,centipede,imagenet,192
1090,79,centipede,imagenet,99
1091,79,centipede,imagenet,179
1092,79,centipede,imagenet,99
1093,79,centipede,imagenet,179
1094,79,centipede,imagenet,99
1095,79,centipede,imagenet_r,364
1096,79,centipede,imagenet_r,452
1097,79,centipede,imagenet_a,55
1098,79,centipede,imagenet,179
1099,79,centipede,imagenet,99
1100,80,black_grouse,imagenet,194
1101,80,black_grouse,imagenet,194
1102,80,black_grouse,imagenet,194
1103,80,black_grouse,imagenet,194
1104,80,black_grouse,imagenet_sketch,87
1105,80,black_grouse,imagenet_sketch,87
1106,80,black_grouse,imagenet_sketch,87
1107,80,black_grouse,imagenet_sketch,87
1108,80,black_grouse,imagenet_sketch,87
1109,80,black_grouse,imagenet_sketch,87
1110,80,black_grouse,imagenet_sketch,87
1111,80,black_grouse,imagenet_sketch,87
1112,80,black_grouse,imagenet_sketch,87
1113,80,black_grouse,imagenet_sketch,87
1114,81,ptarmigan,imagenet,195
1115,81,ptarmigan,imagenet,195
1116,81,ptarmigan,imagenet,195
1117,81,ptarmigan,imagenet_sketch,87
1118,81,ptarmigan,imagenet_sketch,87
1119,82,ruffed_grouse,imagenet_sketch,196
1120,82,ruffed_grouse,imagenet_sketch,87
1121,83,prairie_chicken,imagenet,197
1122,83,prairie_chicken,imagenet_sketch,87
1123,83,prairie_chicken,imagenet_sketch,436
1124,83,prairie_chicken,imagenet_sketch,87
1125,83,prairie_chicken,imagenet_sketch,789
1126,83,prairie_chicken,imagenet_sketch,436
1127,83,prairie_chicken,imagenet_sketch,87
1128,83,prairie_chicken,imagenet_sketch,198
1129,84,peacock,imagenet,199
1130,84,peacock,imagenet_r,200
1131,84,peacock,imagenet_r,364
1132,84,peacock,imagenet,87
1133,85,quail,imagenet,50
1134,85,quail,imagenet,85
1135,86,partridge,imagenet,195
1136,86,partridge,imagenet,197
1137,86,partridge,imagenet,195
1138,86,partridge,imagenet,195
1139,86,partridge,imagenet,195
1140,86,partridge,imagenet,197
1141,86,partridge,imagenet,195
1142,86,partridge,imagenet,195
1143,86,partridge,imagenet,195
1144,86,partridge,imagenet,195
1145,86,partridge,imagenet,195
1146,86,partridge,imagenet,85
1147,86,partridge,imagenet,197
1148,86,partridge,imagenet,195
1149,86,partridge,imagenet,195
1150,86,partridge,imagenet,197
1151,86,partridge,imagenet,195
1152,86,partridge,imagenet,197
1153,87,African_grey,imagenet_sketch,196
1154,89,sulphur-crested_cockatoo,imagenet,81
1155,89,sulphur-crested_cockatoo,imagenet_a,456
1156,89,sulphur-crested_cockatoo,imagenet_a,381
1157,89,sulphur-crested_cockatoo,imagenet_sketch,196
1158,89,sulphur-crested_cockatoo,imagenet_sketch,196
1159,89,sulphur-crested_cockatoo,imagenet_sketch,87
1160,89,sulphur-crested_cockatoo,imagenet_sketch,436
1161,89,sulphur-crested_cockatoo,imagenet_sketch,87
1162,89,sulphur-crested_cockatoo,imagenet_sketch,196
1163,89,sulphur-crested_cockatoo,imagenet_sketch,196
1164,89,sulphur-crested_cockatoo,imagenet_sketch,196
1165,89,sulphur-crested_cockatoo,imagenet_sketch,87
1166,90,lorikeet,imagenet_sketch,196
1167,90,lorikeet,imagenet_sketch,43
1168,90,lorikeet,imagenet_sketch,196
1169,90,lorikeet,imagenet_sketch,196
1170,90,lorikeet,imagenet_sketch,196
1171,90,lorikeet,imagenet_sketch,196
1172,90,lorikeet,imagenet_sketch,196
1173,90,lorikeet,imagenet_sketch,48
1174,90,lorikeet,imagenet_sketch,196
1175,90,lorikeet,imagenet_sketch,792
1176,90,lorikeet,imagenet_sketch,196
1177,90,lorikeet,imagenet_sketch,196
1178,90,lorikeet,imagenet_sketch,537
1179,90,lorikeet,imagenet_sketch,537
1180,90,lorikeet,imagenet_sketch,196
1181,90,lorikeet,imagenet_sketch,196
1182,90,lorikeet,imagenet_sketch,196
1183,90,lorikeet,imagenet_sketch,196
1184,90,lorikeet,imagenet_sketch,196
1185,90,lorikeet,imagenet_sketch,196
1186,91,coucal,imagenet_sketch,196
1187,91,coucal,imagenet_sketch,196
1188,91,coucal,imagenet_sketch,196
1189,91,coucal,imagenet_sketch,196
1190,91,coucal,imagenet_sketch,196
1191,91,coucal,imagenet_sketch,196
1192,91,coucal,imagenet_sketch,521
1193,91,coucal,imagenet_sketch,87
1194,92,bee_eater,imagenet,205
1195,92,bee_eater,imagenet,205
1196,92,bee_eater,imagenet,205
1197,92,bee_eater,imagenet_sketch,42
1198,92,bee_eater,imagenet_sketch,42
1199,92,bee_eater,imagenet_sketch,521
1200,92,bee_eater,imagenet_sketch,42
1201,92,bee_eater,imagenet_sketch,584
1202,92,bee_eater,imagenet_sketch,48
1203,92,bee_eater,imagenet_sketch,42
1204,92,bee_eater,imagenet_sketch,48
1205,92,bee_eater,imagenet_sketch,48
1206,92,bee_eater,imagenet_sketch,42
1207,92,bee_eater,imagenet_sketch,42
1208,92,bee_eater,imagenet_sketch,584
1209,92,bee_eater,imagenet_sketch,42
1210,95,jacamar,imagenet,205
1211,95,jacamar,imagenet,205
1212,95,jacamar,imagenet_sketch,197
1213,95,jacamar,imagenet_sketch,197
1214,95,jacamar,imagenet_sketch,42
1215,95,jacamar,imagenet_sketch,207
1216,96,toucan,imagenet,205
1217,97,drake,imagenet_r,234
1218,97,drake,imagenet_r,51
1219,99,goose,imagenet,41
1220,99,goose,imagenet,42
1221,99,goose,imagenet_r,687
1222,99,goose,imagenet_r,210
1223,99,goose,imagenet_r,204
1224,101,tusker,imagenet,212
1225,101,tusker,imagenet,212
1226,102,echidna,imagenet,213
1227,102,echidna,imagenet,85
1228,102,echidna,imagenet,248
1229,103,platypus,imagenet,80
1230,103,platypus,imagenet,78
1231,103,platypus,imagenet,582
1232,103,platypus,imagenet,80
1233,103,platypus,imagenet,90
1234,103,platypus,imagenet,582
1235,103,platypus,imagenet,80
1236,103,platypus,imagenet,78
1237,103,platypus,imagenet,80
1238,103,platypus,imagenet,582
1239,104,wallaby,imagenet,215
1240,105,koala,imagenet,420
1241,105,koala,imagenet,420
1242,105,koala,imagenet,420
1243,105,koala,imagenet,420
1244,105,koala,imagenet,645
1245,105,koala,imagenet,420
1246,105,koala,imagenet,85
1247,105,koala,imagenet,85
1248,105,koala,imagenet,420
1249,105,koala,imagenet,420
1250,105,koala,imagenet,420
1251,105,koala,imagenet_r,127
1252,105,koala,imagenet_sketch,127
1253,107,jellyfish,imagenet,218
1254,107,jellyfish,imagenet,41
1255,107,jellyfish,imagenet,21
1256,107,jellyfish,imagenet,14
1257,107,jellyfish,imagenet,218
1258,107,jellyfish,imagenet,248
1259,107,jellyfish,imagenet,9
1260,107,jellyfish,imagenet,9
1261,107,jellyfish,imagenet_a,221
1262,107,jellyfish,imagenet_a,78
1263,107,jellyfish,imagenet_a,135
1264,107,jellyfish,imagenet_a,9
1265,107,jellyfish,imagenet_a,221
1266,108,sea_anemone,imagenet,227
1267,108,sea_anemone,imagenet_a,643
1268,108,sea_anemone,imagenet_a,643
1269,108,sea_anemone,imagenet_a,643
1270,108,sea_anemone,imagenet_a,643
1271,108,sea_anemone,imagenet_a,186
1272,108,sea_anemone,imagenet_sketch,176
1273,109,brain_coral,imagenet,224
1274,109,brain_coral,imagenet,22
1275,109,brain_coral,imagenet,508
1276,109,brain_coral,imagenet_sketch,225
1277,109,brain_coral,imagenet_sketch,40
1278,109,brain_coral,imagenet_sketch,225
1279,109,brain_coral,imagenet_sketch,40
1280,109,brain_coral,imagenet_sketch,40
1281,110,flatworm,imagenet,9
1282,110,flatworm,imagenet,227
1283,110,flatworm,imagenet,227
1284,110,flatworm,imagenet,227
1285,110,flatworm,imagenet,227
1286,110,flatworm,imagenet,227
1287,115,sea_slug,imagenet,161
1288,110,flatworm,imagenet,227
1289,114,slug,imagenet,248
1290,110,flatworm,imagenet,170
1291,110,flatworm,imagenet,170
1292,110,flatworm,imagenet,227
1293,110,flatworm,imagenet,170
1294,110,flatworm,imagenet,170
1295,110,flatworm,imagenet,170
1296,110,flatworm,imagenet,170
1297,110,flatworm,imagenet,170
1298,110,flatworm,imagenet,170
1299,110,flatworm,imagenet,227
1300,110,flatworm,imagenet,170
1301,110,flatworm,imagenet,170
1302,110,flatworm,imagenet,170
1303,110,flatworm,imagenet,227
1304,110,flatworm,imagenet,227
1305,110,flatworm,imagenet,227
1306,110,flatworm,imagenet,227
1307,110,flatworm,imagenet,227
1308,110,flatworm,imagenet,227
1309,111,nematode,imagenet,726
1310,111,nematode,imagenet,218
1311,111,nematode,imagenet,726
1312,111,nematode,imagenet,726
1313,111,nematode,imagenet,228
1314,111,nematode,imagenet,726
1315,111,nematode,imagenet,99
1316,111,nematode,imagenet,218
1317,111,nematode,imagenet,218
1318,111,nematode,imagenet,218
1319,111,nematode,imagenet,228
1320,111,nematode,imagenet,218
1321,111,nematode,imagenet,726
1322,418,ballpoint,imagenet,687
1323,111,nematode,imagenet,97
1324,52,thunder_snake,imagenet,110
1325,111,nematode,imagenet,228
1326,111,nematode,imagenet,726
1327,111,nematode,imagenet,726
1328,111,nematode,imagenet,99
1329,111,nematode,imagenet,218
1330,111,nematode,imagenet,218
1331,111,nematode,imagenet,228
1332,111,nematode,imagenet,218
1333,111,nematode,imagenet,228
1334,111,nematode,imagenet,218
1335,111,nematode,imagenet,228
1336,111,nematode,imagenet,63
1337,111,nematode,imagenet,218
1338,111,nematode,imagenet,99
1339,111,nematode,imagenet,218
1340,112,conch,imagenet,170
1341,112,conch,imagenet,213
1342,112,conch,imagenet,163
1343,112,conch,imagenet,130
1344,113,snail,imagenet,229
1345,113,snail,imagenet,153
1346,113,snail,imagenet_a,230
1347,114,slug,imagenet,231
1348,114,slug,imagenet,231
1349,114,slug,imagenet,231
1350,114,slug,imagenet,14
1351,114,slug,imagenet,161
1352,114,slug,imagenet,231
1353,769,rule,imagenet,137
1354,114,slug,imagenet,75
1355,114,slug,imagenet,75
1356,114,slug,imagenet,232
1357,114,slug,imagenet,231
1358,114,slug,imagenet,231
1359,114,slug,imagenet,231
1360,114,slug,imagenet_sketch,134
1361,114,slug,imagenet_sketch,233
1362,114,slug,imagenet_sketch,234
1363,114,slug,imagenet_sketch,96
1364,114,slug,imagenet_sketch,28
1365,114,slug,imagenet_sketch,236
1366,114,slug,imagenet_sketch,233
1367,114,slug,imagenet_sketch,234
1368,114,slug,imagenet_sketch,96
1369,114,slug,imagenet_sketch,28
1370,115,sea_slug,imagenet,227
1371,115,sea_slug,imagenet,9
1372,115,sea_slug,imagenet,9
1373,115,sea_slug,imagenet,227
1374,115,sea_slug,imagenet,227
1375,115,sea_slug,imagenet,9
1376,115,sea_slug,imagenet,227
1377,115,sea_slug,imagenet,227
1378,115,sea_slug,imagenet,9
1379,115,sea_slug,imagenet,227
1380,115,sea_slug,imagenet,9
1381,115,sea_slug,imagenet,9
1382,115,sea_slug,imagenet,227
1383,115,sea_slug,imagenet,9
1384,115,sea_slug,imagenet,227
1385,115,sea_slug,imagenet,9
1386,115,sea_slug,imagenet,170
1387,115,sea_slug,imagenet,8
1388,115,sea_slug,imagenet,170
1389,115,sea_slug,imagenet,423
1390,115,sea_slug,imagenet,9
1391,115,sea_slug,imagenet,227
1392,115,sea_slug,imagenet,170
1393,115,sea_slug,imagenet,170
1394,115,sea_slug,imagenet,18
1395,115,sea_slug,imagenet,170
1396,115,sea_slug,imagenet,170
1397,115,sea_slug,imagenet,227
1398,115,sea_slug,imagenet,170
1399,115,sea_slug,imagenet,22
1400,115,sea_slug,imagenet,170
1401,115,sea_slug,imagenet,170
1402,115,sea_slug,imagenet,170
1403,115,sea_slug,imagenet,9
1404,115,sea_slug,imagenet,9
1405,115,sea_slug,imagenet,9
1406,115,sea_slug,imagenet,227
1407,115,sea_slug,imagenet,227
1408,115,sea_slug,imagenet,9
1409,115,sea_slug,imagenet,227
1410,115,sea_slug,imagenet,9
1411,115,sea_slug,imagenet,227
1412,115,sea_slug,imagenet,9
1413,115,sea_slug,imagenet_sketch,233
1414,115,sea_slug,imagenet_sketch,521
1415,115,sea_slug,imagenet_sketch,426
1416,115,sea_slug,imagenet_sketch,240
1417,115,sea_slug,imagenet_sketch,521
1418,115,sea_slug,imagenet_sketch,240
1419,115,sea_slug,imagenet_sketch,426
1420,115,sea_slug,imagenet_sketch,233
1421,115,sea_slug,imagenet_sketch,521
1422,115,sea_slug,imagenet_sketch,426
1423,115,sea_slug,imagenet_sketch,240
1424,115,sea_slug,imagenet_sketch,521
1425,115,sea_slug,imagenet_sketch,240
1426,115,sea_slug,imagenet_sketch,426
1427,116,chiton,imagenet,539
1428,116,chiton,imagenet,14
1429,116,chiton,imagenet,170
1430,116,chiton,imagenet,117
1431,116,chiton,imagenet,539
1432,116,chiton,imagenet,348
1433,116,chiton,imagenet,242
1434,116,chiton,imagenet,50
1435,116,chiton,imagenet,539
1436,116,chiton,imagenet,75
1437,116,chiton,imagenet,14
1438,116,chiton,imagenet,539
1439,116,chiton,imagenet,539
1440,116,chiton,imagenet,539
1441,116,chiton,imagenet,539
1442,116,chiton,imagenet_sketch,243
1443,116,chiton,imagenet_sketch,426
1444,116,chiton,imagenet_sketch,243
1445,117,chambered_nautilus,imagenet,244
1446,117,chambered_nautilus,imagenet,424
1447,117,chambered_nautilus,imagenet,348
1448,118,Dungeness_crab,imagenet,71
1449,118,Dungeness_crab,imagenet,137
1450,118,Dungeness_crab,imagenet,135
1451,118,Dungeness_crab,imagenet,245
1452,118,Dungeness_crab,imagenet_sketch,246
1453,118,Dungeness_crab,imagenet_sketch,246
1454,118,Dungeness_crab,imagenet_sketch,246
1455,118,Dungeness_crab,imagenet_sketch,246
1456,118,Dungeness_crab,imagenet_sketch,246
1457,118,Dungeness_crab,imagenet_sketch,246
1458,118,Dungeness_crab,imagenet_sketch,246
1459,118,Dungeness_crab,imagenet_sketch,246
1460,118,Dungeness_crab,imagenet_sketch,246
1461,118,Dungeness_crab,imagenet_sketch,246
1462,118,Dungeness_crab,imagenet_sketch,246
1463,118,Dungeness_crab,imagenet_sketch,246
1464,118,Dungeness_crab,imagenet_sketch,246
1465,700,paper_towel,imagenet,182
1466,119,rock_crab,imagenet,153
1467,121,king_crab,imagenet,181
1468,120,fiddler_crab,imagenet,182
1469,120,fiddler_crab,imagenet,182
1470,120,fiddler_crab,imagenet,117
1471,120,fiddler_crab,imagenet,247
1472,120,fiddler_crab,imagenet,182
1473,120,fiddler_crab,imagenet,182
1474,120,fiddler_crab,imagenet,71
1475,120,fiddler_crab,imagenet,71
1476,120,fiddler_crab,imagenet,182
1477,120,fiddler_crab,imagenet,182
1478,120,fiddler_crab,imagenet_sketch,246
1479,120,fiddler_crab,imagenet_sketch,246
1480,120,fiddler_crab,imagenet_sketch,246
1481,120,fiddler_crab,imagenet,182
1482,121,king_crab,imagenet,247
1483,121,king_crab,imagenet,247
1484,121,king_crab,imagenet,247
1485,121,king_crab,imagenet,248
1486,121,king_crab,imagenet,247
1487,121,king_crab,imagenet,247
1488,121,king_crab,imagenet,247
1489,121,king_crab,imagenet,247
1490,121,king_crab,imagenet,247
1491,121,king_crab,imagenet,247
1492,121,king_crab,imagenet,181
1493,121,king_crab,imagenet,248
1494,121,king_crab,imagenet,247
1495,121,king_crab,imagenet,247
1496,121,king_crab,imagenet,247
1497,121,king_crab,imagenet,247
1498,121,king_crab,imagenet,247
1499,121,king_crab,imagenet,247
1500,121,king_crab,imagenet_sketch,246
1501,121,king_crab,imagenet_sketch,246
1502,121,king_crab,imagenet_sketch,246
1503,121,king_crab,imagenet_sketch,246
1504,121,king_crab,imagenet_sketch,246
1505,121,king_crab,imagenet_sketch,246
1506,121,king_crab,imagenet_sketch,246
1507,121,king_crab,imagenet_sketch,246
1508,121,king_crab,imagenet_sketch,246
1509,122,American_lobster,imagenet,182
1510,122,American_lobster,imagenet,182
1511,122,American_lobster,imagenet,182
1512,122,American_lobster,imagenet,182
1513,122,American_lobster,imagenet,153
1514,122,American_lobster,imagenet,182
1515,122,American_lobster,imagenet,182
1516,123,spiny_lobster,imagenet,18
1517,123,spiny_lobster,imagenet,22
1518,123,spiny_lobster,imagenet_sketch,246
1519,124,crayfish,imagenet,163
1520,124,crayfish,imagenet,163
1521,124,crayfish,imagenet,71
1522,124,crayfish,imagenet,18
1523,124,crayfish,imagenet,118
1524,124,crayfish,imagenet,163
1525,124,crayfish,imagenet,163
1526,124,crayfish,imagenet,163
1527,125,hermit_crab,imagenet,130
1528,125,hermit_crab,imagenet,170
1529,125,hermit_crab,imagenet,130
1530,125,hermit_crab,imagenet,130
1531,125,hermit_crab,imagenet_sketch,163
1532,126,isopod,imagenet,9
1533,126,isopod,imagenet,249
1534,126,isopod,imagenet,249
1535,116,chiton,imagenet,248
1536,126,isopod,imagenet,248
1537,126,isopod,imagenet,71
1538,126,isopod,imagenet,132
1539,126,isopod,imagenet,14
1540,126,isopod,imagenet,249
1541,126,isopod,imagenet,14
1542,126,isopod,imagenet,137
1543,116,chiton,imagenet,796
1544,126,isopod,imagenet,249
1545,126,isopod,imagenet,249
1546,126,isopod,imagenet,249
1547,126,isopod,imagenet_sketch,233
1548,127,white_stork,imagenet_sketch,251
1549,127,white_stork,imagenet,41
1550,128,black_stork,imagenet_sketch,556
1551,128,black_stork,imagenet_sketch,556
1552,128,black_stork,imagenet_sketch,556
1553,129,spoonbill,imagenet,251
1554,129,spoonbill,imagenet_sketch,251
1555,129,spoonbill,imagenet_sketch,251
1556,130,flamingo,imagenet_r,253
1557,130,flamingo,imagenet_r,260
1558,130,flamingo,imagenet_r,255
1559,131,little_blue_heron,imagenet,251
1560,131,little_blue_heron,imagenet_sketch,197
1561,131,little_blue_heron,imagenet_sketch,204
1562,131,little_blue_heron,imagenet_sketch,256
1563,132,American_egret,imagenet_r,251
1564,132,American_egret,imagenet_sketch,251
1565,132,American_egret,imagenet_sketch,251
1566,132,American_egret,imagenet_sketch,251
1567,132,American_egret,imagenet_sketch,251
1568,132,American_egret,imagenet_sketch,251
1569,132,American_egret,imagenet_sketch,251
1570,132,American_egret,imagenet_sketch,251
1571,132,American_egret,imagenet_sketch,251
1572,132,American_egret,imagenet_sketch,251
1573,132,American_egret,imagenet_sketch,251
1574,132,American_egret,imagenet_sketch,251
1575,132,American_egret,imagenet_sketch,251
1576,132,American_egret,imagenet_sketch,204
1577,132,American_egret,imagenet_sketch,251
1578,132,American_egret,imagenet_sketch,251
1579,132,American_egret,imagenet_sketch,251
1580,132,American_egret,imagenet_sketch,251
1581,132,American_egret,imagenet_sketch,251
1582,132,American_egret,imagenet_sketch,251
1583,132,American_egret,imagenet_sketch,251
1584,132,American_egret,imagenet_sketch,204
1585,132,American_egret,imagenet_sketch,251
1586,132,American_egret,imagenet_sketch,251
1587,132,American_egret,imagenet_sketch,251
1588,132,American_egret,imagenet_sketch,251
1589,132,American_egret,imagenet_sketch,251
1590,132,American_egret,imagenet_sketch,251
1591,132,American_egret,imagenet_sketch,710
1592,132,American_egret,imagenet_sketch,204
1593,132,American_egret,imagenet_sketch,251
1594,132,American_egret,imagenet_sketch,251
1595,133,bittern,imagenet_sketch,197
1596,517,crane,imagenet,133
1597,517,crane,imagenet,133
1598,517,crane,imagenet,19
1599,517,crane,imagenet,41
1600,517,crane,imagenet,133
1601,135,limpkin,imagenet_sketch,251
1602,135,limpkin,imagenet_sketch,251
1603,136,European_gallinule,imagenet_sketch,104
1604,136,European_gallinule,imagenet_sketch,42
1605,136,European_gallinule,imagenet_sketch,42
1606,136,European_gallinule,imagenet_sketch,48
1607,136,European_gallinule,imagenet_sketch,42
1608,136,European_gallinule,imagenet_sketch,104
1609,136,European_gallinule,imagenet_sketch,48
1610,136,European_gallinule,imagenet_sketch,104
1611,136,European_gallinule,imagenet_sketch,48
1612,137,American_coot,imagenet_sketch,87
1613,137,American_coot,imagenet_sketch,204
1614,137,American_coot,imagenet_sketch,204
1615,139,ruddy_turnstone,imagenet_sketch,463
1616,139,ruddy_turnstone,imagenet_sketch,650
1617,140,red-backed_sandpiper,imagenet_sketch,197
1618,140,red-backed_sandpiper,imagenet_sketch,197
1619,140,red-backed_sandpiper,imagenet_sketch,197
1620,140,red-backed_sandpiper,imagenet_sketch,197
1621,141,redshank,imagenet_sketch,197
1622,141,redshank,imagenet_sketch,197
1623,141,redshank,imagenet_sketch,197
1624,141,redshank,imagenet_sketch,197
1625,141,redshank,imagenet_sketch,197
1626,141,redshank,imagenet_sketch,197
1627,141,redshank,imagenet_sketch,197
1628,141,redshank,imagenet_sketch,197
1629,141,redshank,imagenet_sketch,197
1630,141,redshank,imagenet_sketch,434
1631,141,redshank,imagenet_sketch,802
1632,141,redshank,imagenet_sketch,197
1633,141,redshank,imagenet_sketch,197
1634,142,dowitcher,imagenet_sketch,198
1635,142,dowitcher,imagenet_sketch,198
1636,143,oystercatcher,imagenet_sketch,204
1637,146,albatross,imagenet,85
1638,146,albatross,imagenet_sketch,204
1639,146,albatross,imagenet_sketch,774
1640,148,killer_whale,imagenet,99
1641,149,dugong,imagenet_sketch,104
1642,150,sea_lion,imagenet,153
1643,150,sea_lion,imagenet_r,128
1644,150,sea_lion,imagenet_r,121
1645,150,sea_lion,imagenet_r,412
1646,151,Chihuahua,imagenet,265
1647,151,Chihuahua,imagenet,265
1648,151,Chihuahua,imagenet,266
1649,151,Chihuahua,imagenet_sketch,267
1650,151,Chihuahua,imagenet_sketch,267
1651,152,Japanese_spaniel,imagenet,267
1652,152,Japanese_spaniel,imagenet,268
1653,152,Japanese_spaniel,imagenet,267
1654,152,Japanese_spaniel,imagenet,268
1655,152,Japanese_spaniel,imagenet,277
1656,152,Japanese_spaniel,imagenet,267
1657,152,Japanese_spaniel,imagenet,267
1658,152,Japanese_spaniel,imagenet,267
1659,152,Japanese_spaniel,imagenet,277
1660,152,Japanese_spaniel,imagenet,267
1661,152,Japanese_spaniel,imagenet,267
1662,152,Japanese_spaniel,imagenet_sketch,267
1663,152,Japanese_spaniel,imagenet_sketch,436
1664,152,Japanese_spaniel,imagenet_sketch,267
1665,152,Japanese_spaniel,imagenet_sketch,267
1666,153,Maltese_dog,imagenet,270
1667,153,Maltese_dog,imagenet,271
1668,153,Maltese_dog,imagenet,2
1669,153,Maltese_dog,imagenet,270
1670,153,Maltese_dog,imagenet,270
1671,153,Maltese_dog,imagenet,270
1672,153,Maltese_dog,imagenet,270
1673,153,Maltese_dog,imagenet_sketch,273
1674,153,Maltese_dog,imagenet_sketch,274
1675,153,Maltese_dog,imagenet_sketch,274
1676,153,Maltese_dog,imagenet_sketch,446
1677,153,Maltese_dog,imagenet_sketch,446
1678,153,Maltese_dog,imagenet_sketch,446
1679,153,Maltese_dog,imagenet_sketch,274
1680,153,Maltese_dog,imagenet_sketch,276
1681,153,Maltese_dog,imagenet_sketch,446
1682,153,Maltese_dog,imagenet_sketch,274
1683,153,Maltese_dog,imagenet_sketch,277
1684,153,Maltese_dog,imagenet_sketch,277
1685,153,Maltese_dog,imagenet_sketch,45
1686,154,Pekinese,imagenet,267
1687,154,Pekinese,imagenet,267
1688,154,Pekinese,imagenet,267
1689,154,Pekinese,imagenet,267
1690,155,Shih-Tzu,imagenet,278
1691,155,Shih-Tzu,imagenet,271
1692,155,Shih-Tzu,imagenet,271
1693,155,Shih-Tzu,imagenet,278
1694,155,Shih-Tzu,imagenet,271
1695,155,Shih-Tzu,imagenet,278
1696,155,Shih-Tzu,imagenet,271
1697,155,Shih-Tzu,imagenet,278
1698,155,Shih-Tzu,imagenet,279
1699,155,Shih-Tzu,imagenet,278
1700,155,Shih-Tzu,imagenet,271
1701,155,Shih-Tzu,imagenet,278
1702,155,Shih-Tzu,imagenet_r,695
1703,155,Shih-Tzu,imagenet,278
1704,156,Blenheim_spaniel,imagenet_sketch,281
1705,156,Blenheim_spaniel,imagenet_sketch,281
1706,157,papillon,imagenet,267
1707,157,papillon,imagenet,282
1708,157,papillon,imagenet,282
1709,157,papillon,imagenet,488
1710,158,toy_terrier,imagenet,272
1711,158,toy_terrier,imagenet,272
1712,158,toy_terrier,imagenet,743
1713,158,toy_terrier,imagenet,286
1714,158,toy_terrier,imagenet_sketch,446
1715,158,toy_terrier,imagenet_sketch,287
1716,159,Rhodesian_ridgeback,imagenet_sketch,30
1717,159,Rhodesian_ridgeback,imagenet_sketch,288
1718,159,Rhodesian_ridgeback,imagenet_sketch,322
1719,160,Afghan_hound,imagenet,449
1720,160,Afghan_hound,imagenet,291
1721,160,Afghan_hound,imagenet,291
1722,160,Afghan_hound,imagenet,292
1723,160,Afghan_hound,imagenet,293
1724,160,Afghan_hound,imagenet,294
1725,160,Afghan_hound,imagenet,295
1726,160,Afghan_hound,imagenet,658
1727,160,Afghan_hound,imagenet,292
1728,160,Afghan_hound,imagenet,449
1729,160,Afghan_hound,imagenet,291
1730,160,Afghan_hound,imagenet,291
1731,160,Afghan_hound,imagenet,295
1732,160,Afghan_hound,imagenet,658
1733,160,Afghan_hound,imagenet,292
1734,160,Afghan_hound,imagenet,291
1735,160,Afghan_hound,imagenet,293
1736,160,Afghan_hound,imagenet,294
1737,160,Afghan_hound,imagenet,292
1738,161,basset,imagenet,296
1739,161,basset,imagenet_sketch,277
1740,161,basset,imagenet_sketch,281
1741,162,beagle,imagenet,210
1742,162,beagle,imagenet,210
1743,162,beagle,imagenet,210
1744,162,beagle,imagenet,210
1745,162,beagle,imagenet_r,443
1746,162,beagle,imagenet_r,300
1747,162,beagle,imagenet_sketch,281
1748,162,beagle,imagenet_sketch,299
1749,162,beagle,imagenet_sketch,300
1750,162,beagle,imagenet_sketch,300
1751,163,bloodhound,imagenet,301
1752,163,bloodhound,imagenet,302
1753,163,bloodhound,imagenet,303
1754,163,bloodhound,imagenet,304
1755,168,redbone,imagenet,265
1756,163,bloodhound,imagenet,305
1757,163,bloodhound,imagenet,302
1758,163,bloodhound,imagenet,303
1759,168,redbone,imagenet,265
1760,163,bloodhound,imagenet,306
1761,163,bloodhound,imagenet,305
1762,163,bloodhound,imagenet,302
1763,163,bloodhound,imagenet,303
1764,163,bloodhound,imagenet,304
1765,168,redbone,imagenet,265
1766,163,bloodhound,imagenet,307
1767,163,bloodhound,imagenet,305
1768,163,bloodhound,imagenet,305
1769,163,bloodhound,imagenet,302
1770,163,bloodhound,imagenet,465
1771,163,bloodhound,imagenet,303
1772,163,bloodhound,imagenet,304
1773,163,bloodhound,imagenet,309
1774,163,bloodhound,imagenet,310
1775,163,bloodhound,imagenet,309
1776,163,bloodhound,imagenet,305
1777,163,bloodhound,imagenet,302
1778,163,bloodhound,imagenet,465
1779,163,bloodhound,imagenet,210
1780,163,bloodhound,imagenet,303
1781,168,redbone,imagenet,265
1782,163,bloodhound,imagenet,311
1783,163,bloodhound,imagenet,306
1784,163,bloodhound,imagenet,305
1785,163,bloodhound,imagenet,302
1786,163,bloodhound,imagenet,465
1787,163,bloodhound,imagenet,303
1788,168,redbone,imagenet,265
1789,163,bloodhound,imagenet_r,309
1790,163,bloodhound,imagenet_r,300
1791,163,bloodhound,imagenet_r,309
1792,163,bloodhound,imagenet_r,309
1793,163,bloodhound,imagenet_r,309
1794,163,bloodhound,imagenet_r,300
1795,163,bloodhound,imagenet_r,309
1796,163,bloodhound,imagenet_r,309
1797,163,bloodhound,imagenet_sketch,309
1798,163,bloodhound,imagenet_sketch,309
1799,163,bloodhound,imagenet_sketch,300
1800,163,bloodhound,imagenet_sketch,309
1801,163,bloodhound,imagenet_sketch,309
1802,163,bloodhound,imagenet_sketch,309
1803,163,bloodhound,imagenet_sketch,309
1804,163,bloodhound,imagenet_sketch,309
1805,163,bloodhound,imagenet_sketch,300
1806,163,bloodhound,imagenet_sketch,309
1807,163,bloodhound,imagenet_sketch,309
1808,163,bloodhound,imagenet_sketch,309
1809,163,bloodhound,imagenet_sketch,312
1810,163,bloodhound,imagenet_sketch,309
1811,163,bloodhound,imagenet,302
1812,163,bloodhound,imagenet,303
1813,168,redbone,imagenet,265
1814,163,bloodhound,imagenet,311
1815,163,bloodhound,imagenet,305
1816,164,bluetick,imagenet,313
1817,164,bluetick,imagenet,313
1818,164,bluetick,imagenet,313
1819,164,bluetick,imagenet,313
1820,164,bluetick,imagenet,313
1821,164,bluetick,imagenet,313
1822,164,bluetick,imagenet,313
1823,164,bluetick,imagenet,307
1824,164,bluetick,imagenet,314
1825,164,bluetick,imagenet,314
1826,164,bluetick,imagenet,315
1827,164,bluetick,imagenet,313
1828,164,bluetick,imagenet,313
1829,164,bluetick,imagenet,313
1830,164,bluetick,imagenet,313
1831,164,bluetick,imagenet,313
1832,164,bluetick,imagenet,313
1833,164,bluetick,imagenet,313
1834,164,bluetick,imagenet,313
1835,164,bluetick,imagenet,313
1836,164,bluetick,imagenet_sketch,317
1837,164,bluetick,imagenet_sketch,381
1838,164,bluetick,imagenet_sketch,317
1839,164,bluetick,imagenet_sketch,451
1840,164,bluetick,imagenet_sketch,319
1841,164,bluetick,imagenet_sketch,317
1842,164,bluetick,imagenet_sketch,319
1843,164,bluetick,imagenet_sketch,236
1844,164,bluetick,imagenet_sketch,321
1845,164,bluetick,imagenet_sketch,317
1846,164,bluetick,imagenet_sketch,381
1847,164,bluetick,imagenet_sketch,322
1848,164,bluetick,imagenet_sketch,30
1849,164,bluetick,imagenet_sketch,317
1850,164,bluetick,imagenet_sketch,381
1851,164,bluetick,imagenet_sketch,451
1852,164,bluetick,imagenet_sketch,319
1853,164,bluetick,imagenet_sketch,319
1854,164,bluetick,imagenet_sketch,236
1855,164,bluetick,imagenet_sketch,321
1856,164,bluetick,imagenet_sketch,322
1857,164,bluetick,imagenet_sketch,309
1858,164,bluetick,imagenet_sketch,30
1859,164,bluetick,imagenet,313
1860,164,bluetick,imagenet,313
1861,165,black-and-tan_coonhound,imagenet,457
1862,165,black-and-tan_coonhound,imagenet,457
1863,165,black-and-tan_coonhound,imagenet,305
1864,165,black-and-tan_coonhound,imagenet,457
1865,165,black-and-tan_coonhound,imagenet,457
1866,165,black-and-tan_coonhound,imagenet,457
1867,165,black-and-tan_coonhound,imagenet,457
1868,165,black-and-tan_coonhound,imagenet_sketch,427
1869,165,black-and-tan_coonhound,imagenet_sketch,324
1870,165,black-and-tan_coonhound,imagenet_sketch,325
1871,165,black-and-tan_coonhound,imagenet_sketch,504
1872,165,black-and-tan_coonhound,imagenet_sketch,276
1873,165,black-and-tan_coonhound,imagenet_sketch,327
1874,165,black-and-tan_coonhound,imagenet_sketch,317
1875,165,black-and-tan_coonhound,imagenet_sketch,317
1876,165,black-and-tan_coonhound,imagenet_sketch,317
1877,165,black-and-tan_coonhound,imagenet_sketch,309
1878,165,black-and-tan_coonhound,imagenet_sketch,319
1879,165,black-and-tan_coonhound,imagenet_sketch,321
1880,165,black-and-tan_coonhound,imagenet_sketch,112
1881,165,black-and-tan_coonhound,imagenet_sketch,332
1882,165,black-and-tan_coonhound,imagenet_sketch,309
1883,165,black-and-tan_coonhound,imagenet_sketch,288
1884,165,black-and-tan_coonhound,imagenet_sketch,309
1885,165,black-and-tan_coonhound,imagenet_sketch,319
1886,165,black-and-tan_coonhound,imagenet_sketch,319
1887,165,black-and-tan_coonhound,imagenet_sketch,319
1888,165,black-and-tan_coonhound,imagenet_sketch,427
1889,165,black-and-tan_coonhound,imagenet_sketch,324
1890,165,black-and-tan_coonhound,imagenet_sketch,319
1891,165,black-and-tan_coonhound,imagenet_sketch,319
1892,165,black-and-tan_coonhound,imagenet_sketch,319
1893,165,black-and-tan_coonhound,imagenet,457
1894,166,Walker_hound,imagenet,329
1895,166,Walker_hound,imagenet,330
1896,166,Walker_hound,imagenet,330
1897,166,Walker_hound,imagenet,272
1898,166,Walker_hound,imagenet,329
1899,166,Walker_hound,imagenet,329
1900,166,Walker_hound,imagenet,330
1901,166,Walker_hound,imagenet,329
1902,166,Walker_hound,imagenet,329
1903,166,Walker_hound,imagenet,329
1904,166,Walker_hound,imagenet,330
1905,166,Walker_hound,imagenet,272
1906,166,Walker_hound,imagenet_sketch,317
1907,166,Walker_hound,imagenet_sketch,309
1908,166,Walker_hound,imagenet_sketch,333
1909,166,Walker_hound,imagenet_sketch,332
1910,166,Walker_hound,imagenet_sketch,333
1911,166,Walker_hound,imagenet_sketch,332
1912,166,Walker_hound,imagenet_sketch,333
1913,166,Walker_hound,imagenet_sketch,236
1914,166,Walker_hound,imagenet_sketch,333
1915,166,Walker_hound,imagenet_sketch,332
1916,166,Walker_hound,imagenet_sketch,317
1917,166,Walker_hound,imagenet_sketch,309
1918,166,Walker_hound,imagenet_sketch,332
1919,166,Walker_hound,imagenet_sketch,317
1920,166,Walker_hound,imagenet_sketch,309
1921,166,Walker_hound,imagenet_sketch,333
1922,166,Walker_hound,imagenet_sketch,332
1923,166,Walker_hound,imagenet_sketch,317
1924,166,Walker_hound,imagenet_sketch,333
1925,166,Walker_hound,imagenet_sketch,332
1926,166,Walker_hound,imagenet_sketch,333
1927,166,Walker_hound,imagenet_sketch,333
1928,166,Walker_hound,imagenet_sketch,332
1929,166,Walker_hound,imagenet_sketch,309
1930,166,Walker_hound,imagenet_sketch,332
1931,167,English_foxhound,imagenet,272
1932,167,English_foxhound,imagenet,272
1933,167,English_foxhound,imagenet,272
1934,167,English_foxhound,imagenet,334
1935,167,English_foxhound,imagenet,272
1936,167,English_foxhound,imagenet,313
1937,167,English_foxhound,imagenet,307
1938,167,English_foxhound,imagenet,307
1939,167,English_foxhound,imagenet,282
1940,167,English_foxhound,imagenet,272
1941,167,English_foxhound,imagenet,307
1942,167,English_foxhound,imagenet,272
1943,167,English_foxhound,imagenet,125
1944,167,English_foxhound,imagenet,330
1945,167,English_foxhound,imagenet,272
1946,167,English_foxhound,imagenet,272
1947,167,English_foxhound,imagenet,334
1948,167,English_foxhound,imagenet,272
1949,167,English_foxhound,imagenet,272
1950,167,English_foxhound,imagenet,272
1951,167,English_foxhound,imagenet,272
1952,167,English_foxhound,imagenet_sketch,236
1953,167,English_foxhound,imagenet_sketch,236
1954,167,English_foxhound,imagenet_sketch,236
1955,167,English_foxhound,imagenet_sketch,236
1956,167,English_foxhound,imagenet_sketch,236
1957,167,English_foxhound,imagenet_sketch,236
1958,167,English_foxhound,imagenet_sketch,236
1959,167,English_foxhound,imagenet_sketch,236
1960,167,English_foxhound,imagenet_sketch,236
1961,167,English_foxhound,imagenet_sketch,236
1962,167,English_foxhound,imagenet_sketch,236
1963,167,English_foxhound,imagenet_sketch,236
1964,168,redbone,imagenet,335
1965,168,redbone,imagenet,335
1966,168,redbone,imagenet,335
1967,168,redbone,imagenet,335
1968,168,redbone,imagenet,19
1969,168,redbone,imagenet,19
1970,168,redbone,imagenet,313
1971,168,redbone,imagenet,335
1972,168,redbone,imagenet,335
1973,168,redbone,imagenet,743
1974,168,redbone,imagenet,335
1975,168,redbone,imagenet_sketch,319
1976,168,redbone,imagenet_sketch,332
1977,168,redbone,imagenet_sketch,238
1978,168,redbone,imagenet_sketch,332
1979,168,redbone,imagenet_sketch,238
1980,169,borzoi,imagenet,334
1981,169,borzoi,imagenet,158
1982,170,Irish_wolfhound,imagenet,467
1983,170,Irish_wolfhound,imagenet,334
1984,170,Irish_wolfhound,imagenet,158
1985,170,Irish_wolfhound,imagenet_sketch,439
1986,170,Irish_wolfhound,imagenet_sketch,338
1987,171,Italian_greyhound,imagenet,303
1988,171,Italian_greyhound,imagenet_sketch,334
1989,172,whippet,imagenet,460
1990,172,whippet,imagenet,286
1991,176,Saluki,imagenet,449
1992,172,whippet,imagenet,307
1993,172,whippet,imagenet,340
1994,172,whippet,imagenet_r,451
1995,173,Ibizan_hound,imagenet,337
1996,173,Ibizan_hound,imagenet,335
1997,173,Ibizan_hound,imagenet,337
1998,173,Ibizan_hound,imagenet,307
1999,173,Ibizan_hound,imagenet,286
2000,173,Ibizan_hound,imagenet,335
2001,173,Ibizan_hound,imagenet,335
2002,173,Ibizan_hound,imagenet,335
2003,173,Ibizan_hound,imagenet,342
2004,173,Ibizan_hound,imagenet_sketch,333
2005,173,Ibizan_hound,imagenet_sketch,334
2006,173,Ibizan_hound,imagenet_sketch,343
2007,174,Norwegian_elkhound,imagenet,344
2008,175,otterhound,imagenet,345
2009,175,otterhound,imagenet,342
2010,175,otterhound,imagenet,342
2011,175,otterhound,imagenet,345
2012,175,otterhound,imagenet,342
2013,175,otterhound,imagenet,345
2014,175,otterhound,imagenet,342
2015,175,otterhound,imagenet,271
2016,175,otterhound,imagenet,269
2017,175,otterhound,imagenet,307
2018,175,otterhound,imagenet,279
2019,175,otterhound,imagenet,307
2020,175,otterhound,imagenet,314
2021,175,otterhound,imagenet,307
2022,175,otterhound,imagenet,304
2023,175,otterhound,imagenet,345
2024,175,otterhound,imagenet,349
2025,175,otterhound,imagenet,342
2026,175,otterhound,imagenet,349
2027,175,otterhound,imagenet,349
2028,175,otterhound,imagenet,350
2029,175,otterhound,imagenet,314
2030,175,otterhound,imagenet,171
2031,175,otterhound,imagenet,294
2032,175,otterhound,imagenet,352
2033,175,otterhound,imagenet,350
2034,175,otterhound,imagenet,314
2035,175,otterhound,imagenet,345
2036,175,otterhound,imagenet,342
2037,175,otterhound,imagenet,353
2038,175,otterhound,imagenet,345
2039,175,otterhound,imagenet,342
2040,175,otterhound,imagenet,349
2041,175,otterhound,imagenet_sketch,327
2042,175,otterhound,imagenet_sketch,273
2043,175,otterhound,imagenet_sketch,327
2044,175,otterhound,imagenet_sketch,273
2045,176,Saluki,imagenet,438
2046,176,Saluki,imagenet,334
2047,176,Saluki,imagenet,438
2048,176,Saluki,imagenet,438
2049,176,Saluki,imagenet,307
2050,176,Saluki,imagenet,438
2051,176,Saluki,imagenet,355
2052,176,Saluki,imagenet,438
2053,176,Saluki,imagenet,307
2054,176,Saluki,imagenet,356
2055,176,Saluki,imagenet,438
2056,176,Saluki,imagenet,449
2057,176,Saluki,imagenet,438
2058,176,Saluki,imagenet,438
2059,176,Saluki,imagenet_sketch,357
2060,176,Saluki,imagenet_sketch,325
2061,176,Saluki,imagenet_sketch,547
2062,177,Scottish_deerhound,imagenet,359
2063,177,Scottish_deerhound,imagenet,303
2064,177,Scottish_deerhound,imagenet,360
2065,177,Scottish_deerhound,imagenet,581
2066,177,Scottish_deerhound,imagenet,362
2067,177,Scottish_deerhound,imagenet,572
2068,177,Scottish_deerhound,imagenet_sketch,334
2069,178,Weimaraner,imagenet_sketch,333
2070,178,Weimaraner,imagenet_sketch,299
2071,178,Weimaraner,imagenet_sketch,30
2072,179,Staffordshire_bullterrier,imagenet,362
2073,179,Staffordshire_bullterrier,imagenet,335
2074,179,Staffordshire_bullterrier,imagenet,362
2075,179,Staffordshire_bullterrier,imagenet,365
2076,179,Staffordshire_bullterrier,imagenet,56
2077,179,Staffordshire_bullterrier,imagenet,56
2078,179,Staffordshire_bullterrier,imagenet,356
2079,179,Staffordshire_bullterrier,imagenet,335
2080,179,Staffordshire_bullterrier,imagenet,362
2081,179,Staffordshire_bullterrier,imagenet,362
2082,179,Staffordshire_bullterrier,imagenet_sketch,335
2083,180,American_Staffordshire_terrier,imagenet,266
2084,180,American_Staffordshire_terrier,imagenet_sketch,335
2085,180,American_Staffordshire_terrier,imagenet_sketch,335
2086,181,Bedlington_terrier,imagenet,366
2087,181,Bedlington_terrier,imagenet,401
2088,181,Bedlington_terrier,imagenet,401
2089,181,Bedlington_terrier,imagenet,401
2090,181,Bedlington_terrier,imagenet,279
2091,181,Bedlington_terrier,imagenet,315
2092,181,Bedlington_terrier,imagenet,369
2093,181,Bedlington_terrier,imagenet,301
2094,181,Bedlington_terrier,imagenet,401
2095,181,Bedlington_terrier,imagenet,369
2096,181,Bedlington_terrier,imagenet,369
2097,181,Bedlington_terrier,imagenet,401
2098,181,Bedlington_terrier,imagenet_sketch,276
2099,181,Bedlington_terrier,imagenet_sketch,276
2100,181,Bedlington_terrier,imagenet_sketch,276
2101,181,Bedlington_terrier,imagenet_sketch,273
2102,181,Bedlington_terrier,imagenet_sketch,276
2103,181,Bedlington_terrier,imagenet_sketch,276
2104,181,Bedlington_terrier,imagenet_sketch,327
2105,181,Bedlington_terrier,imagenet_sketch,370
2106,181,Bedlington_terrier,imagenet_sketch,276
2107,181,Bedlington_terrier,imagenet_sketch,439
2108,183,Kerry_blue_terrier,imagenet,371
2109,183,Kerry_blue_terrier,imagenet,365
2110,183,Kerry_blue_terrier,imagenet,377
2111,183,Kerry_blue_terrier,imagenet,371
2112,183,Kerry_blue_terrier,imagenet,371
2113,183,Kerry_blue_terrier,imagenet,371
2114,183,Kerry_blue_terrier,imagenet,365
2115,183,Kerry_blue_terrier,imagenet,307
2116,183,Kerry_blue_terrier,imagenet,374
2117,183,Kerry_blue_terrier,imagenet,375
2118,183,Kerry_blue_terrier,imagenet,376
2119,183,Kerry_blue_terrier,imagenet,374
2120,183,Kerry_blue_terrier,imagenet,371
2121,183,Kerry_blue_terrier,imagenet,365
2122,183,Kerry_blue_terrier,imagenet,365
2123,183,Kerry_blue_terrier,imagenet,371
2124,183,Kerry_blue_terrier,imagenet,365
2125,183,Kerry_blue_terrier,imagenet_sketch,377
2126,183,Kerry_blue_terrier,imagenet_sketch,312
2127,183,Kerry_blue_terrier,imagenet_sketch,385
2128,183,Kerry_blue_terrier,imagenet_sketch,379
2129,183,Kerry_blue_terrier,imagenet_sketch,366
2130,183,Kerry_blue_terrier,imagenet_sketch,371
2131,183,Kerry_blue_terrier,imagenet_sketch,385
2132,183,Kerry_blue_terrier,imagenet_sketch,379
2133,183,Kerry_blue_terrier,imagenet_sketch,385
2134,183,Kerry_blue_terrier,imagenet_sketch,381
2135,184,Irish_terrier,imagenet,356
2136,184,Irish_terrier,imagenet,387
2137,184,Irish_terrier,imagenet,356
2138,184,Irish_terrier,imagenet,356
2139,184,Irish_terrier,imagenet,279
2140,184,Irish_terrier,imagenet,387
2141,184,Irish_terrier,imagenet,383
2142,184,Irish_terrier,imagenet,356
2143,184,Irish_terrier,imagenet_sketch,278
2144,184,Irish_terrier,imagenet_sketch,327
2145,184,Irish_terrier,imagenet_sketch,327
2146,184,Irish_terrier,imagenet_sketch,384
2147,184,Irish_terrier,imagenet_sketch,385
2148,184,Irish_terrier,imagenet_sketch,384
2149,184,Irish_terrier,imagenet_sketch,439
2150,184,Irish_terrier,imagenet_sketch,319
2151,184,Irish_terrier,imagenet_sketch,333
2152,184,Irish_terrier,imagenet_sketch,386
2153,184,Irish_terrier,imagenet_sketch,429
2154,184,Irish_terrier,imagenet_sketch,236
2155,184,Irish_terrier,imagenet_sketch,127
2156,184,Irish_terrier,imagenet_sketch,236
2157,184,Irish_terrier,imagenet_sketch,429
2158,184,Irish_terrier,imagenet_sketch,384
2159,184,Irish_terrier,imagenet_sketch,385
2160,184,Irish_terrier,imagenet_sketch,384
2161,185,Norfolk_terrier,imagenet,271
2162,185,Norfolk_terrier,imagenet,387
2163,185,Norfolk_terrier,imagenet,365
2164,185,Norfolk_terrier,imagenet,387
2165,185,Norfolk_terrier,imagenet,387
2166,185,Norfolk_terrier,imagenet,117
2167,185,Norfolk_terrier,imagenet,365
2168,185,Norfolk_terrier,imagenet,171
2169,185,Norfolk_terrier,imagenet,117
2170,185,Norfolk_terrier,imagenet,269
2171,185,Norfolk_terrier,imagenet,271
2172,185,Norfolk_terrier,imagenet,271
2173,185,Norfolk_terrier,imagenet,387
2174,185,Norfolk_terrier,imagenet,365
2175,185,Norfolk_terrier,imagenet,387
2176,185,Norfolk_terrier,imagenet,387
2177,185,Norfolk_terrier,imagenet_sketch,439
2178,185,Norfolk_terrier,imagenet_sketch,276
2179,185,Norfolk_terrier,imagenet_sketch,439
2180,185,Norfolk_terrier,imagenet_sketch,439
2181,185,Norfolk_terrier,imagenet_sketch,273
2182,185,Norfolk_terrier,imagenet_sketch,439
2183,185,Norfolk_terrier,imagenet_sketch,439
2184,185,Norfolk_terrier,imagenet_sketch,439
2185,185,Norfolk_terrier,imagenet_sketch,333
2186,185,Norfolk_terrier,imagenet_sketch,439
2187,185,Norfolk_terrier,imagenet_sketch,332
2188,185,Norfolk_terrier,imagenet_sketch,240
2189,186,Norwich_terrier,imagenet,388
2190,186,Norwich_terrier,imagenet,389
2191,186,Norwich_terrier,imagenet,388
2192,186,Norwich_terrier,imagenet,390
2193,186,Norwich_terrier,imagenet,388
2194,186,Norwich_terrier,imagenet_sketch,439
2195,186,Norwich_terrier,imagenet_sketch,45
2196,186,Norwich_terrier,imagenet_sketch,391
2197,186,Norwich_terrier,imagenet_sketch,392
2198,186,Norwich_terrier,imagenet_sketch,439
2199,186,Norwich_terrier,imagenet_sketch,439
2200,187,Yorkshire_terrier,imagenet,387
2201,187,Yorkshire_terrier,imagenet,390
2202,187,Yorkshire_terrier,imagenet,310
2203,187,Yorkshire_terrier,imagenet,268
2204,187,Yorkshire_terrier,imagenet_r,650
2205,188,wire-haired_fox_terrier,imagenet,394
2206,188,wire-haired_fox_terrier,imagenet,394
2207,188,wire-haired_fox_terrier,imagenet,394
2208,188,wire-haired_fox_terrier,imagenet,124
2209,188,wire-haired_fox_terrier,imagenet,402
2210,188,wire-haired_fox_terrier,imagenet,394
2211,188,wire-haired_fox_terrier,imagenet,394
2212,188,wire-haired_fox_terrier,imagenet_sketch,381
2213,188,wire-haired_fox_terrier,imagenet_sketch,381
2214,189,Lakeland_terrier,imagenet,471
2215,189,Lakeland_terrier,imagenet,471
2216,189,Lakeland_terrier,imagenet,387
2217,189,Lakeland_terrier,imagenet,377
2218,189,Lakeland_terrier,imagenet,394
2219,189,Lakeland_terrier,imagenet,377
2220,189,Lakeland_terrier,imagenet,377
2221,189,Lakeland_terrier,imagenet,471
2222,189,Lakeland_terrier,imagenet,471
2223,189,Lakeland_terrier,imagenet,387
2224,189,Lakeland_terrier,imagenet,377
2225,189,Lakeland_terrier,imagenet,394
2226,189,Lakeland_terrier,imagenet,377
2227,189,Lakeland_terrier,imagenet,377
2228,189,Lakeland_terrier,imagenet,356
2229,189,Lakeland_terrier,imagenet,471
2230,189,Lakeland_terrier,imagenet,387
2231,189,Lakeland_terrier,imagenet,377
2232,189,Lakeland_terrier,imagenet,394
2233,189,Lakeland_terrier,imagenet,377
2234,189,Lakeland_terrier,imagenet,377
2235,189,Lakeland_terrier,imagenet,269
2236,189,Lakeland_terrier,imagenet,356
2237,189,Lakeland_terrier,imagenet,471
2238,189,Lakeland_terrier,imagenet,171
2239,189,Lakeland_terrier,imagenet,471
2240,189,Lakeland_terrier,imagenet,389
2241,189,Lakeland_terrier,imagenet,279
2242,189,Lakeland_terrier,imagenet,387
2243,189,Lakeland_terrier,imagenet,377
2244,189,Lakeland_terrier,imagenet,394
2245,189,Lakeland_terrier,imagenet,279
2246,189,Lakeland_terrier,imagenet,394
2247,189,Lakeland_terrier,imagenet,377
2248,189,Lakeland_terrier,imagenet,282
2249,189,Lakeland_terrier,imagenet,389
2250,189,Lakeland_terrier,imagenet,377
2251,189,Lakeland_terrier,imagenet,389
2252,189,Lakeland_terrier,imagenet,356
2253,189,Lakeland_terrier,imagenet,471
2254,189,Lakeland_terrier,imagenet,360
2255,189,Lakeland_terrier,imagenet,471
2256,189,Lakeland_terrier,imagenet,471
2257,189,Lakeland_terrier,imagenet,387
2258,189,Lakeland_terrier,imagenet,377
2259,189,Lakeland_terrier,imagenet,394
2260,189,Lakeland_terrier,imagenet,377
2261,189,Lakeland_terrier,imagenet,377
2262,189,Lakeland_terrier,imagenet,397
2263,189,Lakeland_terrier,imagenet,387
2264,189,Lakeland_terrier,imagenet,377
2265,189,Lakeland_terrier,imagenet,394
2266,189,Lakeland_terrier,imagenet,377
2267,189,Lakeland_terrier,imagenet,377
2268,189,Lakeland_terrier,imagenet,356
2269,189,Lakeland_terrier,imagenet,471
2270,189,Lakeland_terrier,imagenet,387
2271,189,Lakeland_terrier,imagenet,377
2272,189,Lakeland_terrier,imagenet,394
2273,189,Lakeland_terrier,imagenet,377
2274,189,Lakeland_terrier,imagenet,377
2275,189,Lakeland_terrier,imagenet_sketch,473
2276,189,Lakeland_terrier,imagenet_sketch,380
2277,189,Lakeland_terrier,imagenet_sketch,439
2278,189,Lakeland_terrier,imagenet_sketch,473
2279,189,Lakeland_terrier,imagenet_sketch,386
2280,189,Lakeland_terrier,imagenet_sketch,380
2281,189,Lakeland_terrier,imagenet_sketch,295
2282,189,Lakeland_terrier,imagenet_sketch,333
2283,189,Lakeland_terrier,imagenet_sketch,386
2284,189,Lakeland_terrier,imagenet_sketch,386
2285,189,Lakeland_terrier,imagenet_sketch,386
2286,189,Lakeland_terrier,imagenet_sketch,380
2287,189,Lakeland_terrier,imagenet_sketch,295
2288,189,Lakeland_terrier,imagenet_sketch,400
2289,189,Lakeland_terrier,imagenet_sketch,333
2290,189,Lakeland_terrier,imagenet_sketch,473
2291,189,Lakeland_terrier,imagenet_sketch,439
2292,189,Lakeland_terrier,imagenet_sketch,473
2293,189,Lakeland_terrier,imagenet_sketch,380
2294,189,Lakeland_terrier,imagenet_sketch,439
2295,190,Sealyham_terrier,imagenet,401
2296,190,Sealyham_terrier,imagenet,401
2297,190,Sealyham_terrier,imagenet,401
2298,190,Sealyham_terrier,imagenet,401
2299,190,Sealyham_terrier,imagenet,402
2300,190,Sealyham_terrier,imagenet,401
2301,190,Sealyham_terrier,imagenet,403
2302,190,Sealyham_terrier,imagenet,401
2303,190,Sealyham_terrier,imagenet,401
2304,190,Sealyham_terrier,imagenet_sketch,240
2305,190,Sealyham_terrier,imagenet_sketch,273
2306,190,Sealyham_terrier,imagenet_sketch,236
2307,190,Sealyham_terrier,imagenet_sketch,240
2308,191,Airedale,imagenet,360
2309,191,Airedale,imagenet,286
2310,191,Airedale,imagenet,360
2311,191,Airedale,imagenet,286
2312,191,Airedale,imagenet,360
2313,191,Airedale,imagenet,286
2314,750,quilt,imagenet,304
2315,191,Airedale,imagenet,279
2316,191,Airedale,imagenet,360
2317,191,Airedale,imagenet,389
2318,191,Airedale,imagenet,286
2319,191,Airedale,imagenet,360
2320,191,Airedale,imagenet,286
2321,191,Airedale,imagenet,360
2322,191,Airedale,imagenet,286
2323,191,Airedale,imagenet,360
2324,191,Airedale,imagenet,286
2325,191,Airedale,imagenet_sketch,299
2326,191,Airedale,imagenet_sketch,446
2327,191,Airedale,imagenet_sketch,385
2328,191,Airedale,imagenet_sketch,385
2329,191,Airedale,imagenet_sketch,381
2330,191,Airedale,imagenet_sketch,439
2331,191,Airedale,imagenet_sketch,300
2332,191,Airedale,imagenet_sketch,319
2333,191,Airedale,imagenet_sketch,381
2334,191,Airedale,imagenet_sketch,299
2335,191,Airedale,imagenet_sketch,299
2336,191,Airedale,imagenet_sketch,385
2337,192,cairn,imagenet,352
2338,192,cairn,imagenet,352
2339,192,cairn,imagenet,269
2340,192,cairn,imagenet,352
2341,192,cairn,imagenet,352
2342,192,cairn,imagenet,304
2343,192,cairn,imagenet,352
2344,192,cairn,imagenet_sketch,276
2345,193,Australian_terrier,imagenet,406
2346,193,Australian_terrier,imagenet,406
2347,193,Australian_terrier,imagenet,406
2348,193,Australian_terrier,imagenet,117
2349,193,Australian_terrier,imagenet,282
2350,193,Australian_terrier,imagenet,406
2351,193,Australian_terrier,imagenet,406
2352,193,Australian_terrier,imagenet,302
2353,193,Australian_terrier,imagenet,406
2354,193,Australian_terrier,imagenet,303
2355,193,Australian_terrier,imagenet_sketch,276
2356,193,Australian_terrier,imagenet_sketch,392
2357,193,Australian_terrier,imagenet_sketch,276
2358,194,Dandie_Dinmont,imagenet,350
2359,194,Dandie_Dinmont,imagenet,389
2360,194,Dandie_Dinmont,imagenet,307
2361,195,Boston_bull,imagenet_r,407
2362,195,Boston_bull,imagenet_sketch,466
2363,195,Boston_bull,imagenet_sketch,466
2364,196,miniature_schnauzer,imagenet,268
2365,196,miniature_schnauzer,imagenet,409
2366,196,miniature_schnauzer,imagenet,268
2367,196,miniature_schnauzer,imagenet,268
2368,196,miniature_schnauzer,imagenet,409
2369,196,miniature_schnauzer,imagenet,581
2370,196,miniature_schnauzer,imagenet,409
2371,196,miniature_schnauzer,imagenet,268
2372,196,miniature_schnauzer,imagenet,409
2373,196,miniature_schnauzer,imagenet,268
2374,196,miniature_schnauzer,imagenet,409
2375,196,miniature_schnauzer,imagenet,268
2376,196,miniature_schnauzer,imagenet,409
2377,196,miniature_schnauzer,imagenet_sketch,429
2378,196,miniature_schnauzer,imagenet_sketch,384
2379,196,miniature_schnauzer,imagenet_sketch,384
2380,196,miniature_schnauzer,imagenet_sketch,477
2381,196,miniature_schnauzer,imagenet_sketch,477
2382,196,miniature_schnauzer,imagenet_sketch,412
2383,196,miniature_schnauzer,imagenet_sketch,299
2384,197,giant_schnauzer,imagenet,413
2385,197,giant_schnauzer,imagenet,278
2386,197,giant_schnauzer,imagenet,413
2387,197,giant_schnauzer,imagenet,278
2388,197,giant_schnauzer,imagenet,413
2389,197,giant_schnauzer,imagenet,278
2390,197,giant_schnauzer,imagenet,413
2391,197,giant_schnauzer,imagenet,413
2392,197,giant_schnauzer,imagenet,350
2393,197,giant_schnauzer,imagenet,374
2394,197,giant_schnauzer,imagenet,413
2395,197,giant_schnauzer,imagenet,278
2396,197,giant_schnauzer,imagenet,413
2397,197,giant_schnauzer,imagenet,278
2398,197,giant_schnauzer,imagenet,413
2399,197,giant_schnauzer,imagenet,278
2400,197,giant_schnauzer,imagenet_sketch,439
2401,197,giant_schnauzer,imagenet_sketch,384
2402,197,giant_schnauzer,imagenet_sketch,477
2403,197,giant_schnauzer,imagenet_sketch,429
2404,197,giant_schnauzer,imagenet_sketch,477
2405,197,giant_schnauzer,imagenet_sketch,384
2406,197,giant_schnauzer,imagenet_sketch,384
2407,197,giant_schnauzer,imagenet_sketch,384
2408,197,giant_schnauzer,imagenet_sketch,384
2409,197,giant_schnauzer,imagenet_sketch,384
2410,197,giant_schnauzer,imagenet_sketch,439
2411,197,giant_schnauzer,imagenet_sketch,384
2412,197,giant_schnauzer,imagenet_sketch,384
2413,197,giant_schnauzer,imagenet_sketch,384
2414,197,giant_schnauzer,imagenet_sketch,384
2415,197,giant_schnauzer,imagenet_sketch,477
2416,197,giant_schnauzer,imagenet_sketch,429
2417,197,giant_schnauzer,imagenet_sketch,477
2418,197,giant_schnauzer,imagenet_sketch,384
2419,197,giant_schnauzer,imagenet_sketch,299
2420,197,giant_schnauzer,imagenet_sketch,384
2421,198,standard_schnauzer,imagenet,314
2422,198,standard_schnauzer,imagenet,305
2423,198,standard_schnauzer,imagenet,413
2424,198,standard_schnauzer,imagenet_sketch,28
2425,198,standard_schnauzer,imagenet_sketch,295
2426,198,standard_schnauzer,imagenet_sketch,333
2427,198,standard_schnauzer,imagenet_sketch,28
2428,198,standard_schnauzer,imagenet_sketch,287
2429,198,standard_schnauzer,imagenet_sketch,386
2430,198,standard_schnauzer,imagenet_sketch,28
2431,198,standard_schnauzer,imagenet_sketch,238
2432,197,giant_schnauzer,imagenet,305
2433,197,giant_schnauzer,imagenet,305
2434,196,miniature_schnauzer,imagenet,269
2435,199,Scotch_terrier,imagenet,282
2436,197,giant_schnauzer,imagenet,305
2437,197,giant_schnauzer,imagenet,305
2438,199,Scotch_terrier,imagenet_r,792
2439,197,giant_schnauzer,imagenet,305
2440,199,Scotch_terrier,imagenet_sketch,327
2441,200,Tibetan_terrier,imagenet,417
2442,200,Tibetan_terrier,imagenet,272
2443,200,Tibetan_terrier,imagenet,270
2444,200,Tibetan_terrier,imagenet,272
2445,200,Tibetan_terrier,imagenet,658
2446,201,silky_terrier,imagenet,397
2447,201,silky_terrier,imagenet,304
2448,201,silky_terrier,imagenet,397
2449,201,silky_terrier,imagenet,394
2450,201,silky_terrier,imagenet,397
2451,201,silky_terrier,imagenet,387
2452,201,silky_terrier,imagenet,268
2453,201,silky_terrier,imagenet,397
2454,201,silky_terrier,imagenet,397
2455,201,silky_terrier,imagenet,397
2456,201,silky_terrier,imagenet,419
2457,201,silky_terrier,imagenet,728
2458,201,silky_terrier,imagenet,397
2459,201,silky_terrier,imagenet,397
2460,201,silky_terrier,imagenet,668
2461,201,silky_terrier,imagenet,397
2462,201,silky_terrier,imagenet,397
2463,201,silky_terrier,imagenet,397
2464,201,silky_terrier,imagenet,422
2465,201,silky_terrier,imagenet,397
2466,201,silky_terrier,imagenet,397
2467,201,silky_terrier,imagenet,728
2468,201,silky_terrier,imagenet,397
2469,201,silky_terrier,imagenet,397
2470,201,silky_terrier,imagenet_sketch,274
2471,201,silky_terrier,imagenet_sketch,439
2472,201,silky_terrier,imagenet_sketch,439
2473,201,silky_terrier,imagenet_sketch,274
2474,201,silky_terrier,imagenet_sketch,413
2475,201,silky_terrier,imagenet_sketch,274
2476,202,soft-coated_wheaten_terrier,imagenet,383
2477,202,soft-coated_wheaten_terrier,imagenet,471
2478,202,soft-coated_wheaten_terrier,imagenet,356
2479,202,soft-coated_wheaten_terrier,imagenet,383
2480,202,soft-coated_wheaten_terrier,imagenet,356
2481,202,soft-coated_wheaten_terrier,imagenet,356
2482,202,soft-coated_wheaten_terrier,imagenet,389
2483,202,soft-coated_wheaten_terrier,imagenet,56
2484,202,soft-coated_wheaten_terrier,imagenet,389
2485,202,soft-coated_wheaten_terrier,imagenet,56
2486,202,soft-coated_wheaten_terrier,imagenet,687
2487,202,soft-coated_wheaten_terrier,imagenet,389
2488,202,soft-coated_wheaten_terrier,imagenet,356
2489,202,soft-coated_wheaten_terrier,imagenet,356
2490,202,soft-coated_wheaten_terrier,imagenet,356
2491,202,soft-coated_wheaten_terrier,imagenet,356
2492,202,soft-coated_wheaten_terrier,imagenet,383
2493,202,soft-coated_wheaten_terrier,imagenet,301
2494,202,soft-coated_wheaten_terrier,imagenet,356
2495,202,soft-coated_wheaten_terrier,imagenet,389
2496,202,soft-coated_wheaten_terrier,imagenet,356
2497,202,soft-coated_wheaten_terrier,imagenet,449
2498,202,soft-coated_wheaten_terrier,imagenet_sketch,477
2499,202,soft-coated_wheaten_terrier,imagenet_sketch,299
2500,202,soft-coated_wheaten_terrier,imagenet_sketch,273
2501,202,soft-coated_wheaten_terrier,imagenet_sketch,401
2502,202,soft-coated_wheaten_terrier,imagenet_sketch,477
2503,202,soft-coated_wheaten_terrier,imagenet_sketch,381
2504,202,soft-coated_wheaten_terrier,imagenet_sketch,477
2505,202,soft-coated_wheaten_terrier,imagenet_sketch,299
2506,202,soft-coated_wheaten_terrier,imagenet_sketch,477
2507,204,Lhasa,imagenet,471
2508,204,Lhasa,imagenet,345
2509,204,Lhasa,imagenet,282
2510,204,Lhasa,imagenet,279
2511,204,Lhasa,imagenet,282
2512,204,Lhasa,imagenet,403
2513,204,Lhasa,imagenet,350
2514,204,Lhasa,imagenet,350
2515,204,Lhasa,imagenet,471
2516,204,Lhasa,imagenet,471
2517,204,Lhasa,imagenet,471
2518,204,Lhasa,imagenet,277
2519,204,Lhasa,imagenet,471
2520,205,flat-coated_retriever,imagenet,356
2521,205,flat-coated_retriever,imagenet,313
2522,205,flat-coated_retriever,imagenet_sketch,288
2523,205,flat-coated_retriever,imagenet_sketch,288
2524,205,flat-coated_retriever,imagenet_sketch,332
2525,206,curly-coated_retriever,imagenet,456
2526,206,curly-coated_retriever,imagenet,542
2527,206,curly-coated_retriever,imagenet,56
2528,206,curly-coated_retriever,imagenet,456
2529,206,curly-coated_retriever,imagenet_sketch,321
2530,206,curly-coated_retriever,imagenet_sketch,319
2531,206,curly-coated_retriever,imagenet_sketch,327
2532,206,curly-coated_retriever,imagenet_sketch,288
2533,206,curly-coated_retriever,imagenet_sketch,332
2534,206,curly-coated_retriever,imagenet_sketch,319
2535,206,curly-coated_retriever,imagenet_sketch,288
2536,206,curly-coated_retriever,imagenet_sketch,379
2537,206,curly-coated_retriever,imagenet_sketch,327
2538,206,curly-coated_retriever,imagenet_sketch,327
2539,206,curly-coated_retriever,imagenet_sketch,319
2540,207,golden_retriever,imagenet_r,240
2541,207,golden_retriever,imagenet_r,443
2542,207,golden_retriever,imagenet_sketch,427
2543,208,Labrador_retriever,imagenet,449
2544,208,Labrador_retriever,imagenet,449
2545,208,Labrador_retriever,imagenet,449
2546,208,Labrador_retriever,imagenet_r,288
2547,208,Labrador_retriever,imagenet,449
2548,209,Chesapeake_Bay_retriever,imagenet,362
2549,209,Chesapeake_Bay_retriever,imagenet,362
2550,209,Chesapeake_Bay_retriever,imagenet,362
2551,209,Chesapeake_Bay_retriever,imagenet,279
2552,209,Chesapeake_Bay_retriever,imagenet,282
2553,209,Chesapeake_Bay_retriever,imagenet_sketch,327
2554,209,Chesapeake_Bay_retriever,imagenet_sketch,327
2555,209,Chesapeake_Bay_retriever,imagenet_sketch,45
2556,209,Chesapeake_Bay_retriever,imagenet_sketch,338
2557,209,Chesapeake_Bay_retriever,imagenet_sketch,333
2558,209,Chesapeake_Bay_retriever,imagenet_sketch,98
2559,209,Chesapeake_Bay_retriever,imagenet,362
2560,210,German_short-haired_pointer,imagenet_sketch,288
2561,211,vizsla,imagenet,355
2562,211,vizsla,imagenet,362
2563,211,vizsla,imagenet,355
2564,211,vizsla,imagenet,362
2565,211,vizsla,imagenet,355
2566,211,vizsla,imagenet,355
2567,211,vizsla,imagenet,355
2568,211,vizsla,imagenet,394
2569,211,vizsla,imagenet,355
2570,211,vizsla,imagenet_sketch,428
2571,211,vizsla,imagenet_sketch,312
2572,211,vizsla,imagenet_sketch,319
2573,211,vizsla,imagenet_sketch,288
2574,211,vizsla,imagenet_sketch,312
2575,211,vizsla,imagenet_sketch,288
2576,211,vizsla,imagenet_sketch,428
2577,211,vizsla,imagenet_sketch,428
2578,211,vizsla,imagenet_sketch,428
2579,211,vizsla,imagenet_sketch,302
2580,211,vizsla,imagenet_sketch,428
2581,211,vizsla,imagenet_sketch,312
2582,211,vizsla,imagenet_sketch,312
2583,211,vizsla,imagenet_sketch,319
2584,211,vizsla,imagenet_sketch,428
2585,211,vizsla,imagenet_sketch,428
2586,211,vizsla,imagenet_sketch,319
2587,211,vizsla,imagenet_sketch,428
2588,212,English_setter,imagenet,402
2589,212,English_setter,imagenet,637
2590,212,English_setter,imagenet,402
2591,212,English_setter,imagenet,402
2592,212,English_setter,imagenet,402
2593,212,English_setter,imagenet,402
2594,212,English_setter,imagenet,402
2595,212,English_setter,imagenet,402
2596,212,English_setter,imagenet_sketch,321
2597,212,English_setter,imagenet_sketch,327
2598,213,Irish_setter,imagenet,456
2599,213,Irish_setter,imagenet,360
2600,213,Irish_setter,imagenet,456
2601,213,Irish_setter,imagenet_sketch,273
2602,213,Irish_setter,imagenet_sketch,334
2603,213,Irish_setter,imagenet_sketch,792
2604,213,Irish_setter,imagenet_sketch,273
2605,213,Irish_setter,imagenet_sketch,324
2606,213,Irish_setter,imagenet_sketch,281
2607,213,Irish_setter,imagenet_sketch,477
2608,213,Irish_setter,imagenet_sketch,319
2609,213,Irish_setter,imagenet_sketch,281
2610,213,Irish_setter,imagenet_sketch,273
2611,213,Irish_setter,imagenet_sketch,379
2612,213,Irish_setter,imagenet_sketch,281
2613,214,Gordon_setter,imagenet,475
2614,214,Gordon_setter,imagenet,475
2615,214,Gordon_setter,imagenet,394
2616,214,Gordon_setter,imagenet,475
2617,214,Gordon_setter,imagenet,475
2618,214,Gordon_setter,imagenet,475
2619,214,Gordon_setter,imagenet_sketch,321
2620,214,Gordon_setter,imagenet_sketch,327
2621,214,Gordon_setter,imagenet_sketch,321
2622,214,Gordon_setter,imagenet_sketch,321
2623,214,Gordon_setter,imagenet_sketch,321
2624,214,Gordon_setter,imagenet_sketch,477
2625,214,Gordon_setter,imagenet_sketch,327
2626,214,Gordon_setter,imagenet_sketch,436
2627,214,Gordon_setter,imagenet_sketch,321
2628,214,Gordon_setter,imagenet_sketch,327
2629,214,Gordon_setter,imagenet_sketch,327
2630,214,Gordon_setter,imagenet_sketch,327
2631,214,Gordon_setter,imagenet_sketch,327
2632,214,Gordon_setter,imagenet_sketch,321
2633,214,Gordon_setter,imagenet_sketch,312
2634,214,Gordon_setter,imagenet_sketch,321
2635,214,Gordon_setter,imagenet_sketch,321
2636,214,Gordon_setter,imagenet_sketch,321
2637,214,Gordon_setter,imagenet_sketch,477
2638,214,Gordon_setter,imagenet_sketch,327
2639,214,Gordon_setter,imagenet_sketch,327
2640,214,Gordon_setter,imagenet_sketch,327
2641,215,Brittany_spaniel,imagenet,303
2642,215,Brittany_spaniel,imagenet,303
2643,215,Brittany_spaniel,imagenet,303
2644,215,Brittany_spaniel,imagenet,314
2645,215,Brittany_spaniel,imagenet,313
2646,215,Brittany_spaniel,imagenet,303
2647,215,Brittany_spaniel,imagenet_sketch,30
2648,215,Brittany_spaniel,imagenet_sketch,30
2649,215,Brittany_spaniel,imagenet_sketch,322
2650,216,clumber,imagenet,417
2651,216,clumber,imagenet,417
2652,216,clumber,imagenet,417
2653,216,clumber,imagenet,370
2654,216,clumber,imagenet,550
2655,216,clumber,imagenet,417
2656,216,clumber,imagenet,314
2657,216,clumber,imagenet,158
2658,216,clumber,imagenet,158
2659,216,clumber,imagenet,314
2660,216,clumber,imagenet,370
2661,216,clumber,imagenet,314
2662,216,clumber,imagenet,370
2663,216,clumber,imagenet,158
2664,216,clumber,imagenet,370
2665,216,clumber,imagenet,417
2666,216,clumber,imagenet,417
2667,216,clumber,imagenet,417
2668,216,clumber,imagenet_sketch,276
2669,216,clumber,imagenet_sketch,288
2670,216,clumber,imagenet_sketch,236
2671,216,clumber,imagenet_sketch,440
2672,216,clumber,imagenet_sketch,386
2673,216,clumber,imagenet_sketch,392
2674,216,clumber,imagenet_sketch,90
2675,216,clumber,imagenet_sketch,236
2676,216,clumber,imagenet_sketch,488
2677,216,clumber,imagenet_sketch,276
2678,216,clumber,imagenet_sketch,429
2679,216,clumber,imagenet_sketch,295
2680,216,clumber,imagenet_sketch,276
2681,216,clumber,imagenet_sketch,332
2682,217,English_springer,imagenet_sketch,273
2683,217,English_springer,imagenet_sketch,299
2684,217,English_springer,imagenet_sketch,370
2685,217,English_springer,imagenet_sketch,321
2686,217,English_springer,imagenet_sketch,321
2687,217,English_springer,imagenet_sketch,281
2688,217,English_springer,imagenet_sketch,281
2689,217,English_springer,imagenet_sketch,321
2690,218,Welsh_springer_spaniel,imagenet_sketch,381
2691,218,Welsh_springer_spaniel,imagenet_sketch,442
2692,218,Welsh_springer_spaniel,imagenet_sketch,281
2693,218,Welsh_springer_spaniel,imagenet_sketch,429
2694,218,Welsh_springer_spaniel,imagenet_sketch,442
2695,218,Welsh_springer_spaniel,imagenet_sketch,442
2696,219,cocker_spaniel,imagenet,443
2697,219,cocker_spaniel,imagenet,377
2698,219,cocker_spaniel,imagenet,443
2699,219,cocker_spaniel,imagenet,370
2700,219,cocker_spaniel,imagenet,370
2701,219,cocker_spaniel,imagenet,301
2702,219,cocker_spaniel,imagenet,443
2703,219,cocker_spaniel,imagenet,443
2704,219,cocker_spaniel,imagenet,282
2705,219,cocker_spaniel,imagenet,443
2706,219,cocker_spaniel,imagenet,443
2707,219,cocker_spaniel,imagenet,443
2708,219,cocker_spaniel,imagenet_r,306
2709,219,cocker_spaniel,imagenet_r,343
2710,219,cocker_spaniel,imagenet_sketch,343
2711,220,Sussex_spaniel,imagenet,443
2712,220,Sussex_spaniel,imagenet,443
2713,220,Sussex_spaniel,imagenet,443
2714,220,Sussex_spaniel,imagenet,443
2715,220,Sussex_spaniel,imagenet,403
2716,220,Sussex_spaniel,imagenet,279
2717,220,Sussex_spaniel,imagenet,417
2718,220,Sussex_spaniel,imagenet,443
2719,220,Sussex_spaniel,imagenet,443
2720,220,Sussex_spaniel,imagenet_sketch,444
2721,220,Sussex_spaniel,imagenet_sketch,386
2722,220,Sussex_spaniel,imagenet_sketch,28
2723,220,Sussex_spaniel,imagenet_sketch,386
2724,220,Sussex_spaniel,imagenet_sketch,338
2725,220,Sussex_spaniel,imagenet_sketch,444
2726,221,Irish_water_spaniel,imagenet,445
2727,221,Irish_water_spaniel,imagenet,370
2728,221,Irish_water_spaniel,imagenet,371
2729,221,Irish_water_spaniel,imagenet,445
2730,221,Irish_water_spaniel,imagenet,374
2731,221,Irish_water_spaniel,imagenet,370
2732,221,Irish_water_spaniel,imagenet,445
2733,221,Irish_water_spaniel,imagenet,370
2734,221,Irish_water_spaniel,imagenet,445
2735,221,Irish_water_spaniel,imagenet,374
2736,221,Irish_water_spaniel,imagenet,370
2737,221,Irish_water_spaniel,imagenet,371
2738,221,Irish_water_spaniel,imagenet,445
2739,221,Irish_water_spaniel,imagenet,374
2740,221,Irish_water_spaniel,imagenet,370
2741,221,Irish_water_spaniel,imagenet,371
2742,221,Irish_water_spaniel,imagenet,370
2743,221,Irish_water_spaniel,imagenet,445
2744,221,Irish_water_spaniel,imagenet_sketch,327
2745,221,Irish_water_spaniel,imagenet_sketch,366
2746,221,Irish_water_spaniel,imagenet_sketch,321
2747,221,Irish_water_spaniel,imagenet_sketch,327
2748,221,Irish_water_spaniel,imagenet_sketch,366
2749,221,Irish_water_spaniel,imagenet_sketch,281
2750,221,Irish_water_spaniel,imagenet_sketch,327
2751,222,kuvasz,imagenet,288
2752,222,kuvasz,imagenet,369
2753,222,kuvasz,imagenet_sketch,392
2754,222,kuvasz,imagenet_sketch,446
2755,222,kuvasz,imagenet_sketch,324
2756,222,kuvasz,imagenet_sketch,288
2757,222,kuvasz,imagenet_sketch,281
2758,222,kuvasz,imagenet_sketch,357
2759,222,kuvasz,imagenet_sketch,288
2760,222,kuvasz,imagenet_sketch,646
2761,222,kuvasz,imagenet_sketch,288
2762,222,kuvasz,imagenet_sketch,392
2763,222,kuvasz,imagenet_sketch,448
2764,222,kuvasz,imagenet_sketch,288
2765,222,kuvasz,imagenet_sketch,357
2766,222,kuvasz,imagenet_sketch,446
2767,222,kuvasz,imagenet_sketch,324
2768,222,kuvasz,imagenet_sketch,357
2769,222,kuvasz,imagenet_sketch,288
2770,222,kuvasz,imagenet_sketch,288
2771,222,kuvasz,imagenet_sketch,357
2772,222,kuvasz,imagenet_sketch,281
2773,222,kuvasz,imagenet_sketch,343
2774,222,kuvasz,imagenet_sketch,288
2775,222,kuvasz,imagenet_sketch,357
2776,223,schipperke,imagenet,449
2777,223,schipperke,imagenet,303
2778,223,schipperke,imagenet,450
2779,223,schipperke,imagenet,449
2780,223,schipperke,imagenet,449
2781,223,schipperke,imagenet,449
2782,223,schipperke,imagenet,449
2783,223,schipperke,imagenet,449
2784,223,schipperke,imagenet_sketch,469
2785,223,schipperke,imagenet_sketch,344
2786,223,schipperke,imagenet_sketch,392
2787,223,schipperke,imagenet_sketch,450
2788,225,malinois,imagenet_sketch,299
2789,226,briard,imagenet,349
2790,226,briard,imagenet,229
2791,226,briard,imagenet,349
2792,226,briard,imagenet,371
2793,226,briard,imagenet,389
2794,184,Irish_terrier,imagenet,389
2795,226,briard,imagenet,371
2796,226,briard,imagenet,229
2797,184,Irish_terrier,imagenet,350
2798,226,briard,imagenet,371
2799,226,briard,imagenet,413
2800,226,briard,imagenet,229
2801,226,briard,imagenet,349
2802,226,briard,imagenet,229
2803,226,briard,imagenet_sketch,429
2804,226,briard,imagenet_sketch,281
2805,226,briard,imagenet_sketch,277
2806,226,briard,imagenet_sketch,277
2807,227,kelpie,imagenet,335
2808,227,kelpie,imagenet,394
2809,227,kelpie,imagenet,452
2810,227,kelpie,imagenet,279
2811,227,kelpie,imagenet,335
2812,227,kelpie,imagenet,360
2813,227,kelpie,imagenet,335
2814,227,kelpie,imagenet_sketch,256
2815,227,kelpie,imagenet_sketch,256
2816,227,kelpie,imagenet_sketch,256
2817,227,kelpie,imagenet_sketch,333
2818,227,kelpie,imagenet_sketch,333
2819,227,kelpie,imagenet_sketch,333
2820,227,kelpie,imagenet_sketch,386
2821,227,kelpie,imagenet_sketch,256
2822,227,kelpie,imagenet_sketch,104
2823,227,kelpie,imagenet_sketch,333
2824,227,kelpie,imagenet_sketch,450
2825,228,komondor,imagenet,449
2826,228,komondor,imagenet,301
2827,228,komondor,imagenet,271
2828,228,komondor,imagenet_sketch,385
2829,228,komondor,imagenet_sketch,357
2830,228,komondor,imagenet_sketch,277
2831,228,komondor,imagenet_sketch,381
2832,228,komondor,imagenet_sketch,385
2833,228,komondor,imagenet_sketch,357
2834,228,komondor,imagenet_sketch,295
2835,229,Old_English_sheepdog,imagenet,349
2836,229,Old_English_sheepdog,imagenet,422
2837,229,Old_English_sheepdog,imagenet,452
2838,229,Old_English_sheepdog,imagenet,349
2839,229,Old_English_sheepdog,imagenet,519
2840,229,Old_English_sheepdog,imagenet,389
2841,229,Old_English_sheepdog,imagenet,374
2842,229,Old_English_sheepdog,imagenet,452
2843,229,Old_English_sheepdog,imagenet,349
2844,229,Old_English_sheepdog,imagenet,422
2845,229,Old_English_sheepdog,imagenet,349
2846,229,Old_English_sheepdog,imagenet,422
2847,229,Old_English_sheepdog,imagenet_sketch,353
2848,229,Old_English_sheepdog,imagenet_sketch,273
2849,229,Old_English_sheepdog,imagenet_sketch,353
2850,230,Shetland_sheepdog,imagenet,455
2851,230,Shetland_sheepdog,imagenet,307
2852,230,Shetland_sheepdog,imagenet,355
2853,230,Shetland_sheepdog,imagenet,402
2854,230,Shetland_sheepdog,imagenet,278
2855,230,Shetland_sheepdog,imagenet,282
2856,230,Shetland_sheepdog,imagenet,278
2857,230,Shetland_sheepdog,imagenet,402
2858,230,Shetland_sheepdog,imagenet,301
2859,230,Shetland_sheepdog,imagenet,301
2860,230,Shetland_sheepdog,imagenet,301
2861,231,collie,imagenet,456
2862,231,collie,imagenet,456
2863,231,collie,imagenet,456
2864,231,collie,imagenet,456
2865,231,collie,imagenet,456
2866,231,collie,imagenet,456
2867,231,collie,imagenet,456
2868,231,collie,imagenet,456
2869,231,collie,imagenet,456
2870,231,collie,imagenet_r,109
2871,231,collie,imagenet_sketch,456
2872,231,collie,imagenet_sketch,343
2873,231,collie,imagenet_sketch,334
2874,231,collie,imagenet_sketch,281
2875,231,collie,imagenet_sketch,343
2876,231,collie,imagenet_sketch,343
2877,231,collie,imagenet_sketch,456
2878,231,collie,imagenet_sketch,343
2879,232,Border_collie,imagenet,456
2880,232,Border_collie,imagenet,456
2881,232,Border_collie,imagenet,456
2882,232,Border_collie,imagenet,456
2883,232,Border_collie,imagenet,456
2884,232,Border_collie,imagenet_r,343
2885,232,Border_collie,imagenet_r,343
2886,232,Border_collie,imagenet_r,436
2887,232,Border_collie,imagenet_sketch,436
2888,232,Border_collie,imagenet_sketch,436
2889,232,Border_collie,imagenet_sketch,343
2890,232,Border_collie,imagenet_sketch,436
2891,232,Border_collie,imagenet_sketch,343
2892,232,Border_collie,imagenet_sketch,281
2893,232,Border_collie,imagenet_sketch,436
2894,232,Border_collie,imagenet_sketch,343
2895,232,Border_collie,imagenet_sketch,343
2896,233,Bouvier_des_Flandres,imagenet,550
2897,233,Bouvier_des_Flandres,imagenet,443
2898,233,Bouvier_des_Flandres,imagenet,374
2899,233,Bouvier_des_Flandres,imagenet,381
2900,233,Bouvier_des_Flandres,imagenet,445
2901,234,Rottweiler,imagenet_sketch,30
2902,234,Rottweiler,imagenet_sketch,319
2903,235,German_shepherd,imagenet_sketch,127
2904,236,Doberman,imagenet,457
2905,236,Doberman,imagenet_sketch,343
2906,237,miniature_pinscher,imagenet,743
2907,237,miniature_pinscher,imagenet,743
2908,237,miniature_pinscher,imagenet_sketch,325
2909,237,miniature_pinscher,imagenet_sketch,426
2910,237,miniature_pinscher,imagenet_sketch,256
2911,238,Greater_Swiss_Mountain_dog,imagenet,457
2912,238,Greater_Swiss_Mountain_dog,imagenet,457
2913,238,Greater_Swiss_Mountain_dog,imagenet,210
2914,238,Greater_Swiss_Mountain_dog,imagenet,457
2915,238,Greater_Swiss_Mountain_dog,imagenet,342
2916,238,Greater_Swiss_Mountain_dog,imagenet,282
2917,238,Greater_Swiss_Mountain_dog,imagenet,342
2918,238,Greater_Swiss_Mountain_dog,imagenet,457
2919,238,Greater_Swiss_Mountain_dog,imagenet,457
2920,238,Greater_Swiss_Mountain_dog,imagenet,342
2921,238,Greater_Swiss_Mountain_dog,imagenet,457
2922,238,Greater_Swiss_Mountain_dog,imagenet,342
2923,238,Greater_Swiss_Mountain_dog,imagenet,457
2924,238,Greater_Swiss_Mountain_dog,imagenet,342
2925,238,Greater_Swiss_Mountain_dog,imagenet,210
2926,238,Greater_Swiss_Mountain_dog,imagenet_sketch,325
2927,238,Greater_Swiss_Mountain_dog,imagenet_sketch,473
2928,238,Greater_Swiss_Mountain_dog,imagenet_sketch,440
2929,238,Greater_Swiss_Mountain_dog,imagenet_sketch,45
2930,238,Greater_Swiss_Mountain_dog,imagenet_sketch,338
2931,238,Greater_Swiss_Mountain_dog,imagenet_sketch,440
2932,238,Greater_Swiss_Mountain_dog,imagenet_sketch,299
2933,238,Greater_Swiss_Mountain_dog,imagenet_sketch,319
2934,238,Greater_Swiss_Mountain_dog,imagenet_sketch,288
2935,238,Greater_Swiss_Mountain_dog,imagenet_sketch,440
2936,238,Greater_Swiss_Mountain_dog,imagenet_sketch,30
2937,238,Greater_Swiss_Mountain_dog,imagenet_sketch,440
2938,238,Greater_Swiss_Mountain_dog,imagenet_sketch,45
2939,238,Greater_Swiss_Mountain_dog,imagenet_sketch,30
2940,238,Greater_Swiss_Mountain_dog,imagenet_sketch,30
2941,238,Greater_Swiss_Mountain_dog,imagenet_sketch,319
2942,238,Greater_Swiss_Mountain_dog,imagenet_sketch,440
2943,238,Greater_Swiss_Mountain_dog,imagenet_sketch,299
2944,238,Greater_Swiss_Mountain_dog,imagenet_sketch,440
2945,238,Greater_Swiss_Mountain_dog,imagenet_sketch,327
2946,238,Greater_Swiss_Mountain_dog,imagenet_sketch,325
2947,238,Greater_Swiss_Mountain_dog,imagenet_sketch,45
2948,238,Greater_Swiss_Mountain_dog,imagenet_sketch,477
2949,238,Greater_Swiss_Mountain_dog,imagenet_sketch,440
2950,238,Greater_Swiss_Mountain_dog,imagenet_sketch,477
2951,238,Greater_Swiss_Mountain_dog,imagenet_sketch,440
2952,238,Greater_Swiss_Mountain_dog,imagenet_sketch,319
2953,239,Bernese_mountain_dog,imagenet_sketch,312
2954,239,Bernese_mountain_dog,imagenet,460
2955,239,Bernese_mountain_dog,imagenet,460
2956,239,Bernese_mountain_dog,imagenet_sketch,440
2957,239,Bernese_mountain_dog,imagenet_sketch,427
2958,240,Appenzeller,imagenet_sketch,428
2959,240,Appenzeller,imagenet_sketch,440
2960,240,Appenzeller,imagenet_sketch,300
2961,240,Appenzeller,imagenet_sketch,440
2962,240,Appenzeller,imagenet_sketch,440
2963,240,Appenzeller,imagenet,457
2964,240,Appenzeller,imagenet,457
2965,240,Appenzeller,imagenet,457
2966,240,Appenzeller,imagenet,457
2967,240,Appenzeller,imagenet,457
2968,240,Appenzeller,imagenet,460
2969,240,Appenzeller,imagenet,305
2970,240,Appenzeller,imagenet,457
2971,240,Appenzeller,imagenet,475
2972,240,Appenzeller,imagenet,457
2973,241,EntleBucher,imagenet_sketch,379
2974,241,EntleBucher,imagenet_sketch,446
2975,241,EntleBucher,imagenet_sketch,312
2976,241,EntleBucher,imagenet_sketch,325
2977,241,EntleBucher,imagenet_sketch,30
2978,241,EntleBucher,imagenet_sketch,440
2979,241,EntleBucher,imagenet_sketch,379
2980,241,EntleBucher,imagenet_sketch,446
2981,241,EntleBucher,imagenet_sketch,30
2982,241,EntleBucher,imagenet_sketch,30
2983,241,EntleBucher,imagenet_sketch,30
2984,241,EntleBucher,imagenet_sketch,312
2985,241,EntleBucher,imagenet_sketch,325
2986,241,EntleBucher,imagenet_sketch,30
2987,241,EntleBucher,imagenet_sketch,30
2988,241,EntleBucher,imagenet_sketch,440
2989,241,EntleBucher,imagenet_sketch,440
2990,241,EntleBucher,imagenet_sketch,440
2991,241,EntleBucher,imagenet_sketch,30
2992,241,EntleBucher,imagenet,304
2993,242,boxer,imagenet_sketch,436
2994,242,boxer,imagenet_sketch,319
2995,242,boxer,imagenet_sketch,381
2996,242,boxer,imagenet,335
2997,242,boxer,imagenet,271
2998,242,boxer,imagenet,335
2999,242,boxer,imagenet,335
3000,242,boxer,imagenet,117
3001,242,boxer,imagenet,449
3002,242,boxer,imagenet,335
3003,242,boxer,imagenet,335
3004,242,boxer,imagenet_r,381
3005,243,bull_mastiff,imagenet,389
3006,243,bull_mastiff,imagenet,383
3007,244,Tibetan_mastiff,imagenet_sketch,338
3008,244,Tibetan_mastiff,imagenet_sketch,338
3009,244,Tibetan_mastiff,imagenet_sketch,429
3010,244,Tibetan_mastiff,imagenet_sketch,333
3011,244,Tibetan_mastiff,imagenet_sketch,386
3012,244,Tibetan_mastiff,imagenet_sketch,338
3013,244,Tibetan_mastiff,imagenet_sketch,338
3014,244,Tibetan_mastiff,imagenet_sketch,338
3015,244,Tibetan_mastiff,imagenet_sketch,338
3016,244,Tibetan_mastiff,imagenet_sketch,429
3017,244,Tibetan_mastiff,imagenet_sketch,333
3018,244,Tibetan_mastiff,imagenet,292
3019,244,Tibetan_mastiff,imagenet,292
3020,244,Tibetan_mastiff,imagenet,449
3021,244,Tibetan_mastiff,imagenet,315
3022,244,Tibetan_mastiff,imagenet,292
3023,245,French_bulldog,imagenet,471
3024,245,French_bulldog,imagenet_r,461
3025,245,French_bulldog,imagenet_r,462
3026,245,French_bulldog,imagenet_r,401
3027,245,French_bulldog,imagenet_r,465
3028,245,French_bulldog,imagenet_r,377
3029,245,French_bulldog,imagenet_r,462
3030,246,Great_Dane,imagenet_sketch,429
3031,246,Great_Dane,imagenet_sketch,309
3032,246,Great_Dane,imagenet_sketch,299
3033,246,Great_Dane,imagenet_sketch,429
3034,246,Great_Dane,imagenet_sketch,530
3035,246,Great_Dane,imagenet,52
3036,246,Great_Dane,imagenet,52
3037,246,Great_Dane,imagenet,625
3038,246,Great_Dane,imagenet,310
3039,246,Great_Dane,imagenet,52
3040,246,Great_Dane,imagenet,625
3041,246,Great_Dane,imagenet,342
3042,246,Great_Dane,imagenet,344
3043,246,Great_Dane,imagenet,449
3044,246,Great_Dane,imagenet,303
3045,246,Great_Dane,imagenet,334
3046,203,West_Highland_white_terrier,imagenet,403
3047,246,Great_Dane,imagenet,158
3048,246,Great_Dane,imagenet,449
3049,246,Great_Dane,imagenet,279
3050,246,Great_Dane,imagenet,279
3051,246,Great_Dane,imagenet,52
3052,246,Great_Dane,imagenet,52
3053,246,Great_Dane,imagenet,625
3054,246,Great_Dane,imagenet,52
3055,247,Saint_Bernard,imagenet_sketch,504
3056,247,Saint_Bernard,imagenet_sketch,300
3057,247,Saint_Bernard,imagenet_sketch,504
3058,247,Saint_Bernard,imagenet_sketch,442
3059,247,Saint_Bernard,imagenet,315
3060,247,Saint_Bernard,imagenet_r,504
3061,247,Saint_Bernard,imagenet_r,300
3062,248,Eskimo_dog,imagenet,369
3063,248,Eskimo_dog,imagenet,467
3064,248,Eskimo_dog,imagenet,468
3065,248,Eskimo_dog,imagenet,468
3066,248,Eskimo_dog,imagenet_sketch,469
3067,248,Eskimo_dog,imagenet_sketch,450
3068,248,Eskimo_dog,imagenet_sketch,392
3069,248,Eskimo_dog,imagenet,470
3070,248,Eskimo_dog,imagenet_sketch,468
3071,248,Eskimo_dog,imagenet_sketch,332
3072,248,Eskimo_dog,imagenet,468
3073,248,Eskimo_dog,imagenet,467
3074,248,Eskimo_dog,imagenet,468
3075,248,Eskimo_dog,imagenet,468
3076,248,Eskimo_dog,imagenet,468
3077,248,Eskimo_dog,imagenet,467
3078,248,Eskimo_dog,imagenet,450
3079,248,Eskimo_dog,imagenet,467
3080,248,Eskimo_dog,imagenet,467
3081,248,Eskimo_dog,imagenet,468
3082,248,Eskimo_dog,imagenet,467
3083,248,Eskimo_dog,imagenet,117
3084,248,Eskimo_dog,imagenet,369
3085,248,Eskimo_dog,imagenet,467
3086,248,Eskimo_dog,imagenet,468
3087,248,Eskimo_dog,imagenet,468
3088,248,Eskimo_dog,imagenet,467
3089,248,Eskimo_dog,imagenet,467
3090,248,Eskimo_dog,imagenet,468
3091,248,Eskimo_dog,imagenet,467
3092,248,Eskimo_dog,imagenet,468
3093,248,Eskimo_dog,imagenet,467
3094,249,malamute,imagenet,292
3095,249,malamute,imagenet,292
3096,249,malamute,imagenet,292
3097,249,malamute,imagenet,292
3098,250,Siberian_husky,imagenet_sketch,450
3099,250,Siberian_husky,imagenet_sketch,450
3100,250,Siberian_husky,imagenet_sketch,450
3101,250,Siberian_husky,imagenet_sketch,450
3102,250,Siberian_husky,imagenet_sketch,450
3103,250,Siberian_husky,imagenet_sketch,343
3104,250,Siberian_husky,imagenet_sketch,450
3105,250,Siberian_husky,imagenet_sketch,450
3106,250,Siberian_husky,imagenet_sketch,450
3107,250,Siberian_husky,imagenet_sketch,450
3108,250,Siberian_husky,imagenet_sketch,343
3109,250,Siberian_husky,imagenet,468
3110,250,Siberian_husky,imagenet,468
3111,250,Siberian_husky,imagenet,468
3112,250,Siberian_husky,imagenet,468
3113,250,Siberian_husky,imagenet,468
3114,250,Siberian_husky,imagenet,19
3115,250,Siberian_husky,imagenet,279
3116,250,Siberian_husky,imagenet_r,472
3117,250,Siberian_husky,imagenet_r,469
3118,250,Siberian_husky,imagenet_r,469
3119,250,Siberian_husky,imagenet_r,469
3120,250,Siberian_husky,imagenet,468
3121,252,affenpinscher,imagenet_sketch,381
3122,252,affenpinscher,imagenet_sketch,353
3123,252,affenpinscher,imagenet_sketch,473
3124,252,affenpinscher,imagenet_sketch,473
3125,252,affenpinscher,imagenet,272
3126,252,affenpinscher,imagenet,63
3127,252,affenpinscher,imagenet,406
3128,252,affenpinscher,imagenet,268
3129,252,affenpinscher,imagenet,406
3130,254,pug,imagenet,266
3131,255,Leonberg,imagenet_sketch,327
3132,255,Leonberg,imagenet_sketch,288
3133,255,Leonberg,imagenet_sketch,321
3134,255,Leonberg,imagenet_sketch,288
3135,255,Leonberg,imagenet_sketch,288
3136,255,Leonberg,imagenet_sketch,288
3137,255,Leonberg,imagenet_sketch,327
3138,255,Leonberg,imagenet_sketch,327
3139,255,Leonberg,imagenet_sketch,272
3140,255,Leonberg,imagenet_sketch,428
3141,255,Leonberg,imagenet_sketch,439
3142,255,Leonberg,imagenet_sketch,344
3143,255,Leonberg,imagenet_sketch,321
3144,255,Leonberg,imagenet_sketch,288
3145,255,Leonberg,imagenet_sketch,428
3146,255,Leonberg,imagenet_sketch,288
3147,255,Leonberg,imagenet_sketch,327
3148,255,Leonberg,imagenet_sketch,288
3149,255,Leonberg,imagenet_sketch,321
3150,255,Leonberg,imagenet_sketch,427
3151,255,Leonberg,imagenet_sketch,273
3152,255,Leonberg,imagenet_sketch,427
3153,255,Leonberg,imagenet_sketch,439
3154,255,Leonberg,imagenet_sketch,327
3155,255,Leonberg,imagenet_sketch,288
3156,255,Leonberg,imagenet_sketch,321
3157,255,Leonberg,imagenet_sketch,288
3158,255,Leonberg,imagenet_sketch,273
3159,255,Leonberg,imagenet_sketch,439
3160,255,Leonberg,imagenet_sketch,327
3161,256,Newfoundland,imagenet_sketch,357
3162,256,Newfoundland,imagenet_sketch,111
3163,256,Newfoundland,imagenet_sketch,357
3164,256,Newfoundland,imagenet,406
3165,256,Newfoundland,imagenet,406
3166,256,Newfoundland,imagenet,292
3167,256,Newfoundland,imagenet,406
3168,256,Newfoundland,imagenet,406
3169,256,Newfoundland,imagenet,117
3170,256,Newfoundland,imagenet,389
3171,256,Newfoundland,imagenet,406
3172,256,Newfoundland,imagenet,403
3173,256,Newfoundland,imagenet,406
3174,256,Newfoundland,imagenet,406
3175,257,Great_Pyrenees,imagenet_sketch,547
3176,257,Great_Pyrenees,imagenet,356
3177,257,Great_Pyrenees,imagenet,356
3178,257,Great_Pyrenees,imagenet,475
3179,257,Great_Pyrenees,imagenet,475
3180,257,Great_Pyrenees,imagenet,449
3181,257,Great_Pyrenees,imagenet,356
3182,257,Great_Pyrenees,imagenet,356
3183,257,Great_Pyrenees,imagenet,475
3184,257,Great_Pyrenees,imagenet,356
3185,257,Great_Pyrenees,imagenet,117
3186,257,Great_Pyrenees,imagenet,356
3187,257,Great_Pyrenees,imagenet,475
3188,257,Great_Pyrenees,imagenet,658
3189,257,Great_Pyrenees,imagenet,475
3190,257,Great_Pyrenees,imagenet,356
3191,257,Great_Pyrenees,imagenet,475
3192,258,Samoyed,imagenet_sketch,469
3193,258,Samoyed,imagenet_sketch,389
3194,258,Samoyed,imagenet,449
3195,259,Pomeranian,imagenet,267
3196,259,Pomeranian,imagenet,267
3197,260,chow,imagenet,303
3198,260,chow,imagenet,303
3199,260,chow,imagenet,56
3200,260,chow,imagenet,279
3201,260,chow,imagenet,689
3202,261,keeshond,imagenet_sketch,469
3203,261,keeshond,imagenet,470
3204,261,keeshond,imagenet,470
3205,261,keeshond,imagenet,470
3206,261,keeshond,imagenet,470
3207,261,keeshond,imagenet,449
3208,261,keeshond,imagenet,470
3209,261,keeshond,imagenet,470
3210,261,keeshond,imagenet,470
3211,262,Brabancon_griffon,imagenet_sketch,466
3212,262,Brabancon_griffon,imagenet_sketch,466
3213,262,Brabancon_griffon,imagenet_sketch,466
3214,262,Brabancon_griffon,imagenet_sketch,477
3215,262,Brabancon_griffon,imagenet_sketch,274
3216,262,Brabancon_griffon,imagenet_sketch,466
3217,262,Brabancon_griffon,imagenet_sketch,466
3218,262,Brabancon_griffon,imagenet_sketch,466
3219,262,Brabancon_griffon,imagenet_sketch,274
3220,262,Brabancon_griffon,imagenet_sketch,312
3221,262,Brabancon_griffon,imagenet_sketch,466
3222,262,Brabancon_griffon,imagenet_sketch,477
3223,262,Brabancon_griffon,imagenet_sketch,466
3224,262,Brabancon_griffon,imagenet_sketch,466
3225,262,Brabancon_griffon,imagenet_sketch,274
3226,262,Brabancon_griffon,imagenet,210
3227,262,Brabancon_griffon,imagenet,466
3228,262,Brabancon_griffon,imagenet,266
3229,262,Brabancon_griffon,imagenet,268
3230,262,Brabancon_griffon,imagenet,210
3231,262,Brabancon_griffon,imagenet,268
3232,262,Brabancon_griffon,imagenet,210
3233,262,Brabancon_griffon,imagenet,466
3234,262,Brabancon_griffon,imagenet,266
3235,262,Brabancon_griffon,imagenet,268
3236,262,Brabancon_griffon,imagenet,210
3237,262,Brabancon_griffon,imagenet,466
3238,262,Brabancon_griffon,imagenet,266
3239,262,Brabancon_griffon,imagenet,268
3240,262,Brabancon_griffon,imagenet,210
3241,262,Brabancon_griffon,imagenet,466
3242,262,Brabancon_griffon,imagenet,266
3243,262,Brabancon_griffon,imagenet,389
3244,262,Brabancon_griffon,imagenet,210
3245,262,Brabancon_griffon,imagenet,315
3246,262,Brabancon_griffon,imagenet,266
3247,262,Brabancon_griffon,imagenet,268
3248,262,Brabancon_griffon,imagenet,266
3249,262,Brabancon_griffon,imagenet,466
3250,262,Brabancon_griffon,imagenet,266
3251,262,Brabancon_griffon,imagenet,449
3252,262,Brabancon_griffon,imagenet,279
3253,262,Brabancon_griffon,imagenet,210
3254,262,Brabancon_griffon,imagenet,466
3255,262,Brabancon_griffon,imagenet,266
3256,262,Brabancon_griffon,imagenet,268
3257,262,Brabancon_griffon,imagenet,210
3258,262,Brabancon_griffon,imagenet,466
3259,262,Brabancon_griffon,imagenet,266
3260,262,Brabancon_griffon,imagenet,268
3261,263,Pembroke,imagenet,467
3262,263,Pembroke,imagenet,329
3263,263,Pembroke,imagenet,467
3264,263,Pembroke,imagenet,286
3265,263,Pembroke,imagenet,329
3266,264,Cardigan,imagenet_sketch,469
3267,264,Cardigan,imagenet,287
3268,264,Cardigan,imagenet,287
3269,264,Cardigan,imagenet,287
3270,265,toy_poodle,imagenet_sketch,366
3271,265,toy_poodle,imagenet_sketch,281
3272,265,toy_poodle,imagenet_sketch,366
3273,265,toy_poodle,imagenet_sketch,445
3274,265,toy_poodle,imagenet_sketch,366
3275,265,toy_poodle,imagenet_sketch,366
3276,265,toy_poodle,imagenet_sketch,366
3277,265,toy_poodle,imagenet_sketch,366
3278,265,toy_poodle,imagenet_sketch,366
3279,265,toy_poodle,imagenet_sketch,366
3280,265,toy_poodle,imagenet_sketch,366
3281,265,toy_poodle,imagenet_sketch,366
3282,265,toy_poodle,imagenet_sketch,366
3283,265,toy_poodle,imagenet_sketch,366
3284,265,toy_poodle,imagenet,270
3285,265,toy_poodle,imagenet,581
3286,265,toy_poodle,imagenet,366
3287,265,toy_poodle,imagenet,581
3288,265,toy_poodle,imagenet,390
3289,265,toy_poodle,imagenet,270
3290,265,toy_poodle,imagenet,581
3291,265,toy_poodle,imagenet,390
3292,265,toy_poodle,imagenet,270
3293,265,toy_poodle,imagenet,581
3294,265,toy_poodle,imagenet,581
3295,265,toy_poodle,imagenet,390
3296,265,toy_poodle,imagenet,270
3297,265,toy_poodle,imagenet,366
3298,265,toy_poodle,imagenet,443
3299,265,toy_poodle,imagenet,581
3300,266,miniature_poodle,imagenet_sketch,429
3301,266,miniature_poodle,imagenet_sketch,429
3302,266,miniature_poodle,imagenet_sketch,429
3303,266,miniature_poodle,imagenet_sketch,429
3304,266,miniature_poodle,imagenet_sketch,429
3305,266,miniature_poodle,imagenet_sketch,429
3306,266,miniature_poodle,imagenet,402
3307,267,standard_poodle,imagenet,470
3308,267,standard_poodle,imagenet,394
3309,267,standard_poodle,imagenet,470
3310,267,standard_poodle,imagenet,470
3311,267,standard_poodle,imagenet,270
3312,267,standard_poodle,imagenet,449
3313,267,standard_poodle,imagenet,365
3314,267,standard_poodle,imagenet,329
3315,267,standard_poodle,imagenet,470
3316,267,standard_poodle,imagenet_r,357
3317,267,standard_poodle,imagenet_r,401
3318,268,Mexican_hairless,imagenet_sketch,381
3319,268,Mexican_hairless,imagenet_sketch,344
3320,268,Mexican_hairless,imagenet_sketch,299
3321,268,Mexican_hairless,imagenet,314
3322,268,Mexican_hairless,imagenet,117
3323,268,Mexican_hairless,imagenet,307
3324,268,Mexican_hairless,imagenet,287
3325,268,Mexican_hairless,imagenet,375
3326,269,timber_wolf,imagenet,469
3327,269,timber_wolf,imagenet,469
3328,269,timber_wolf,imagenet,117
3329,269,timber_wolf,imagenet,124
3330,269,timber_wolf,imagenet,469
3331,269,timber_wolf,imagenet,469
3332,270,white_wolf,imagenet_sketch,469
3333,270,white_wolf,imagenet_sketch,469
3334,270,white_wolf,imagenet_sketch,469
3335,271,red_wolf,imagenet,468
3336,271,red_wolf,imagenet,486
3337,271,red_wolf,imagenet,469
3338,271,red_wolf,imagenet,486
3339,271,red_wolf,imagenet,468
3340,271,red_wolf,imagenet,469
3341,271,red_wolf,imagenet,486
3342,271,red_wolf,imagenet,468
3343,271,red_wolf,imagenet,469
3344,271,red_wolf,imagenet,486
3345,271,red_wolf,imagenet,468
3346,277,red_fox,imagenet,117
3347,271,red_wolf,imagenet,480
3348,271,red_wolf,imagenet,480
3349,271,red_wolf,imagenet,546
3350,271,red_wolf,imagenet,468
3351,272,coyote,imagenet,63
3352,271,red_wolf,imagenet,469
3353,271,red_wolf,imagenet,486
3354,271,red_wolf,imagenet,469
3355,271,red_wolf,imagenet,480
3356,271,red_wolf,imagenet,468
3357,271,red_wolf,imagenet,469
3358,271,red_wolf,imagenet,486
3359,272,coyote,imagenet_sketch,343
3360,272,coyote,imagenet_sketch,469
3361,272,coyote,imagenet_sketch,343
3362,272,coyote,imagenet_sketch,482
3363,272,coyote,imagenet_sketch,343
3364,272,coyote,imagenet_sketch,436
3365,272,coyote,imagenet,480
3366,272,coyote,imagenet,480
3367,272,coyote,imagenet,546
3368,272,coyote,imagenet,49
3369,272,coyote,imagenet,546
3370,272,coyote,imagenet,546
3371,272,coyote,imagenet,480
3372,272,coyote,imagenet,480
3373,272,coyote,imagenet,480
3374,273,dingo,imagenet_sketch,343
3375,273,dingo,imagenet_sketch,469
3376,273,dingo,imagenet_sketch,469
3377,273,dingo,imagenet_sketch,469
3378,273,dingo,imagenet,344
3379,273,dingo,imagenet,344
3380,273,dingo,imagenet,310
3381,273,dingo,imagenet,344
3382,273,dingo,imagenet,314
3383,273,dingo,imagenet,344
3384,273,dingo,imagenet,344
3385,273,dingo,imagenet,310
3386,273,dingo,imagenet,344
3387,273,dingo,imagenet,305
3388,273,dingo,imagenet,344
3389,274,dhole,imagenet_sketch,327
3390,274,dhole,imagenet_sketch,482
3391,274,dhole,imagenet,469
3392,275,African_hunting_dog,imagenet_sketch,344
3393,275,African_hunting_dog,imagenet_sketch,547
3394,275,African_hunting_dog,imagenet_sketch,381
3395,276,hyena,imagenet,376
3396,276,hyena,imagenet,75
3397,276,hyena,imagenet,461
3398,276,hyena,imagenet,483
3399,276,hyena,imagenet,242
3400,277,red_fox,imagenet_sketch,482
3401,277,red_fox,imagenet_sketch,482
3402,277,red_fox,imagenet_sketch,482
3403,277,red_fox,imagenet_sketch,482
3404,277,red_fox,imagenet_sketch,482
3405,277,red_fox,imagenet_sketch,482
3406,277,red_fox,imagenet_sketch,482
3407,277,red_fox,imagenet_sketch,482
3408,277,red_fox,imagenet_sketch,482
3409,277,red_fox,imagenet_sketch,482
3410,277,red_fox,imagenet_sketch,482
3411,277,red_fox,imagenet_sketch,482
3412,277,red_fox,imagenet_sketch,482
3413,277,red_fox,imagenet_sketch,482
3414,277,red_fox,imagenet_sketch,198
3415,277,red_fox,imagenet_sketch,482
3416,277,red_fox,imagenet_sketch,482
3417,277,red_fox,imagenet_sketch,482
3418,277,red_fox,imagenet_sketch,482
3419,277,red_fox,imagenet_sketch,482
3420,277,red_fox,imagenet,486
3421,277,red_fox,imagenet,480
3422,277,red_fox,imagenet,486
3423,277,red_fox,imagenet,480
3424,277,red_fox,imagenet,486
3425,277,red_fox,imagenet,480
3426,277,red_fox,imagenet,480
3427,277,red_fox,imagenet,486
3428,277,red_fox,imagenet,480
3429,277,red_fox,imagenet,486
3430,277,red_fox,imagenet,480
3431,277,red_fox,imagenet,486
3432,277,red_fox,imagenet,480
3433,277,red_fox,imagenet,486
3434,277,red_fox,imagenet,486
3435,277,red_fox,imagenet,480
3436,277,red_fox,imagenet,486
3437,277,red_fox,imagenet,480
3438,277,red_fox,imagenet,486
3439,277,red_fox,imagenet,480
3440,277,red_fox,imagenet,486
3441,277,red_fox,imagenet,480
3442,277,red_fox,imagenet,486
3443,272,coyote,imagenet,480
3444,277,red_fox,imagenet,486
3445,277,red_fox,imagenet,480
3446,280,grey_fox,imagenet,480
3447,279,Arctic_fox,imagenet,336
3448,279,Arctic_fox,imagenet,336
3449,280,grey_fox,imagenet_sketch,469
3450,280,grey_fox,imagenet,479
3451,280,grey_fox,imagenet,480
3452,280,grey_fox,imagenet,479
3453,280,grey_fox,imagenet,480
3454,280,grey_fox,imagenet,480
3455,280,grey_fox,imagenet,486
3456,280,grey_fox,imagenet,479
3457,280,grey_fox,imagenet,215
3458,280,grey_fox,imagenet,215
3459,280,grey_fox,imagenet,480
3460,280,grey_fox,imagenet,215
3461,280,grey_fox,imagenet,376
3462,280,grey_fox,imagenet,480
3463,272,coyote,imagenet,480
3464,280,grey_fox,imagenet,85
3465,280,grey_fox,imagenet,85
3466,280,grey_fox,imagenet,479
3467,280,grey_fox,imagenet,480
3468,280,grey_fox,imagenet,479
3469,280,grey_fox,imagenet,480
3470,280,grey_fox,imagenet,479
3471,280,grey_fox,imagenet,480
3472,280,grey_fox,imagenet,480
3473,280,grey_fox,imagenet,480
3474,280,grey_fox,imagenet,486
3475,280,grey_fox,imagenet,479
3476,281,tabby,imagenet_r,487
3477,282,tiger_cat,imagenet_sketch,488
3478,282,tiger_cat,imagenet_sketch,488
3479,282,tiger_cat,imagenet,489
3480,282,tiger_cat,imagenet,489
3481,282,tiger_cat,imagenet,488
3482,282,tiger_cat,imagenet,488
3483,282,tiger_cat,imagenet,488
3484,282,tiger_cat,imagenet,488
3485,282,tiger_cat,imagenet,366
3486,282,tiger_cat,imagenet,489
3487,282,tiger_cat,imagenet,489
3488,282,tiger_cat,imagenet,488
3489,282,tiger_cat,imagenet,488
3490,282,tiger_cat,imagenet,489
3491,282,tiger_cat,imagenet,489
3492,282,tiger_cat,imagenet,488
3493,282,tiger_cat,imagenet,488
3494,282,tiger_cat,imagenet,488
3495,282,tiger_cat,imagenet,488
3496,282,tiger_cat,imagenet,117
3497,282,tiger_cat,imagenet,489
3498,282,tiger_cat,imagenet,489
3499,282,tiger_cat,imagenet,375
3500,282,tiger_cat,imagenet,488
3501,282,tiger_cat,imagenet,490
3502,282,tiger_cat,imagenet,488
3503,282,tiger_cat,imagenet,488
3504,282,tiger_cat,imagenet,490
3505,282,tiger_cat,imagenet,366
3506,282,tiger_cat,imagenet,489
3507,282,tiger_cat,imagenet,489
3508,282,tiger_cat,imagenet,488
3509,282,tiger_cat,imagenet,488
3510,282,tiger_cat,imagenet,489
3511,282,tiger_cat,imagenet,489
3512,282,tiger_cat,imagenet,488
3513,282,tiger_cat,imagenet,488
3514,282,tiger_cat,imagenet,488
3515,282,tiger_cat,imagenet,488
3516,282,tiger_cat,imagenet,366
3517,282,tiger_cat,imagenet,489
3518,282,tiger_cat,imagenet,488
3519,285,Egyptian_cat,imagenet_sketch,234
3520,285,Egyptian_cat,imagenet_sketch,234
3521,285,Egyptian_cat,imagenet_sketch,234
3522,285,Egyptian_cat,imagenet_sketch,234
3523,285,Egyptian_cat,imagenet_sketch,234
3524,285,Egyptian_cat,imagenet_sketch,234
3525,285,Egyptian_cat,imagenet_sketch,234
3526,285,Egyptian_cat,imagenet_sketch,234
3527,285,Egyptian_cat,imagenet,375
3528,285,Egyptian_cat,imagenet,304
3529,285,Egyptian_cat,imagenet,375
3530,285,Egyptian_cat,imagenet,304
3531,285,Egyptian_cat,imagenet,375
3532,285,Egyptian_cat,imagenet,304
3533,285,Egyptian_cat,imagenet,375
3534,285,Egyptian_cat,imagenet,375
3535,285,Egyptian_cat,imagenet,375
3536,285,Egyptian_cat,imagenet,304
3537,285,Egyptian_cat,imagenet,375
3538,285,Egyptian_cat,imagenet,488
3539,285,Egyptian_cat,imagenet,375
3540,285,Egyptian_cat,imagenet,375
3541,285,Egyptian_cat,imagenet,375
3542,285,Egyptian_cat,imagenet,375
3543,285,Egyptian_cat,imagenet,375
3544,285,Egyptian_cat,imagenet,375
3545,287,lynx,imagenet,490
3546,287,lynx,imagenet,490
3547,287,lynx,imagenet,490
3548,287,lynx,imagenet,490
3549,287,lynx,imagenet,490
3550,287,lynx,imagenet,490
3551,289,snow_leopard,imagenet_r,461
3552,289,snow_leopard,imagenet_r,461
3553,289,snow_leopard,imagenet_r,461
3554,289,snow_leopard,imagenet_r,461
3555,290,jaguar,imagenet,461
3556,290,jaguar,imagenet_sketch,461
3557,290,jaguar,imagenet_sketch,461
3558,290,jaguar,imagenet_sketch,461
3559,291,lion,imagenet,215
3560,291,lion,imagenet_r,477
3561,293,cheetah,imagenet_r,461
3562,293,cheetah,imagenet_r,183
3563,295,American_black_bear,imagenet_sketch,444
3564,297,sloth_bear,imagenet_sketch,560
3565,297,sloth_bear,imagenet_sketch,353
3566,297,sloth_bear,imagenet_sketch,353
3567,297,sloth_bear,imagenet_sketch,353
3568,297,sloth_bear,imagenet_sketch,353
3569,297,sloth_bear,imagenet_sketch,353
3570,297,sloth_bear,imagenet,63
3571,298,mongoose,imagenet_sketch,492
3572,298,mongoose,imagenet_sketch,574
3573,298,mongoose,imagenet_sketch,492
3574,298,mongoose,imagenet_sketch,574
3575,298,mongoose,imagenet_sketch,492
3576,298,mongoose,imagenet_sketch,574
3577,298,mongoose,imagenet_sketch,574
3578,298,mongoose,imagenet,579
3579,298,mongoose,imagenet,492
3580,298,mongoose,imagenet,492
3581,384,indri,imagenet,579
3582,298,mongoose,imagenet,579
3583,298,mongoose,imagenet,85
3584,384,indri,imagenet,579
3585,298,mongoose,imagenet,336
3586,298,mongoose,imagenet,579
3587,298,mongoose,imagenet,579
3588,298,mongoose,imagenet_a,391
3589,299,meerkat,imagenet,215
3590,299,meerkat,imagenet_r,474
3591,300,tiger_beetle,imagenet_sketch,496
3592,302,ground_beetle,imagenet_sketch,497
3593,302,ground_beetle,imagenet,497
3594,302,ground_beetle,imagenet,497
3595,302,ground_beetle,imagenet,249
3596,302,ground_beetle,imagenet,496
3597,302,ground_beetle,imagenet,497
3598,302,ground_beetle,imagenet,91
3599,302,ground_beetle,imagenet,249
3600,302,ground_beetle,imagenet,497
3601,302,ground_beetle,imagenet,497
3602,302,ground_beetle,imagenet,91
3603,302,ground_beetle,imagenet,496
3604,303,long-horned_beetle,imagenet_sketch,497
3605,303,long-horned_beetle,imagenet_sketch,497
3606,303,long-horned_beetle,imagenet_sketch,497
3607,303,long-horned_beetle,imagenet_sketch,497
3608,303,long-horned_beetle,imagenet_sketch,497
3609,303,long-horned_beetle,imagenet_sketch,496
3610,303,long-horned_beetle,imagenet_sketch,497
3611,303,long-horned_beetle,imagenet_sketch,179
3612,303,long-horned_beetle,imagenet_sketch,497
3613,303,long-horned_beetle,imagenet_sketch,497
3614,303,long-horned_beetle,imagenet_sketch,497
3615,303,long-horned_beetle,imagenet_sketch,497
3616,303,long-horned_beetle,imagenet_sketch,497
3617,303,long-horned_beetle,imagenet_sketch,496
3618,303,long-horned_beetle,imagenet_sketch,497
3619,303,long-horned_beetle,imagenet,498
3620,303,long-horned_beetle,imagenet,135
3621,303,long-horned_beetle,imagenet,499
3622,303,long-horned_beetle,imagenet,120
3623,303,long-horned_beetle,imagenet,498
3624,303,long-horned_beetle,imagenet,500
3625,303,long-horned_beetle,imagenet,499
3626,303,long-horned_beetle,imagenet,500
3627,303,long-horned_beetle,imagenet,500
3628,303,long-horned_beetle,imagenet,498
3629,303,long-horned_beetle,imagenet,500
3630,303,long-horned_beetle,imagenet,500
3631,303,long-horned_beetle,imagenet,499
3632,303,long-horned_beetle,imagenet,498
3633,303,long-horned_beetle,imagenet,120
3634,303,long-horned_beetle,imagenet,498
3635,303,long-horned_beetle,imagenet,500
3636,303,long-horned_beetle,imagenet,500
3637,303,long-horned_beetle,imagenet,135
3638,303,long-horned_beetle,imagenet,120
3639,303,long-horned_beetle,imagenet,498
3640,303,long-horned_beetle,imagenet,120
3641,303,long-horned_beetle,imagenet,71
3642,303,long-horned_beetle,imagenet,498
3643,303,long-horned_beetle,imagenet,498
3644,303,long-horned_beetle,imagenet,498
3645,303,long-horned_beetle,imagenet,500
3646,303,long-horned_beetle,imagenet,499
3647,304,leaf_beetle,imagenet_sketch,497
3648,304,leaf_beetle,imagenet_sketch,802
3649,304,leaf_beetle,imagenet_sketch,497
3650,304,leaf_beetle,imagenet_sketch,497
3651,304,leaf_beetle,imagenet_sketch,497
3652,304,leaf_beetle,imagenet_sketch,802
3653,304,leaf_beetle,imagenet_sketch,497
3654,304,leaf_beetle,imagenet,249
3655,304,leaf_beetle,imagenet,322
3656,304,leaf_beetle,imagenet,249
3657,305,dung_beetle,imagenet,192
3658,305,dung_beetle,imagenet,192
3659,305,dung_beetle,imagenet,109
3660,305,dung_beetle,imagenet,192
3661,305,dung_beetle,imagenet,157
3662,305,dung_beetle,imagenet,192
3663,305,dung_beetle,imagenet,192
3664,305,dung_beetle,imagenet,192
3665,306,rhinoceros_beetle,imagenet_sketch,496
3666,306,rhinoceros_beetle,imagenet_sketch,497
3667,306,rhinoceros_beetle,imagenet_sketch,497
3668,306,rhinoceros_beetle,imagenet_sketch,497
3669,306,rhinoceros_beetle,imagenet_sketch,497
3670,306,rhinoceros_beetle,imagenet,497
3671,306,rhinoceros_beetle,imagenet,90
3672,306,rhinoceros_beetle,imagenet,497
3673,306,rhinoceros_beetle,imagenet,497
3674,306,rhinoceros_beetle,imagenet,457
3675,306,rhinoceros_beetle,imagenet,497
3676,306,rhinoceros_beetle,imagenet_a,186
3677,306,rhinoceros_beetle,imagenet_a,502
3678,306,rhinoceros_beetle,imagenet_a,497
3679,306,rhinoceros_beetle,imagenet_a,500
3680,307,weevil,imagenet,228
3681,307,weevil,imagenet,228
3682,307,weevil,imagenet,497
3683,307,weevil,imagenet,516
3684,307,weevil,imagenet,228
3685,307,weevil,imagenet,228
3686,308,fly,imagenet,189
3687,308,fly,imagenet,498
3688,308,fly,imagenet,515
3689,308,fly,imagenet_r,130
3690,309,bee,imagenet_r,576
3691,309,bee,imagenet_r,88
3692,309,bee,imagenet_r,346
3693,310,ant,imagenet_r,306
3694,311,grasshopper,imagenet_sketch,496
3695,311,grasshopper,imagenet_sketch,496
3696,311,grasshopper,imagenet_r,745
3697,311,grasshopper,imagenet_r,507
3698,312,cricket,imagenet,497
3699,312,cricket,imagenet,497
3700,312,cricket,imagenet,497
3701,313,walking_stick,imagenet_a,708
3702,313,walking_stick,imagenet_a,385
3703,313,walking_stick,imagenet_a,38
3704,314,cockroach,imagenet,510
3705,314,cockroach,imagenet,510
3706,314,cockroach,imagenet,71
3707,314,cockroach,imagenet,510
3708,314,cockroach,imagenet,78
3709,314,cockroach,imagenet,510
3710,314,cockroach,imagenet,511
3711,314,cockroach,imagenet,510
3712,314,cockroach,imagenet,510
3713,314,cockroach,imagenet_r,473
3714,315,mantis,imagenet,637
3715,315,mantis,imagenet_r,91
3716,315,mantis,imagenet_r,554
3717,315,mantis,imagenet_r,513
3718,315,mantis,imagenet_r,179
3719,315,mantis,imagenet_a,91
3720,315,mantis,imagenet_a,110
3721,317,leafhopper,imagenet_sketch,400
3722,317,leafhopper,imagenet_sketch,400
3723,317,leafhopper,imagenet_sketch,496
3724,317,leafhopper,imagenet_sketch,400
3725,317,leafhopper,imagenet_sketch,496
3726,317,leafhopper,imagenet_sketch,400
3727,317,leafhopper,imagenet_sketch,496
3728,317,leafhopper,imagenet_sketch,496
3729,317,leafhopper,imagenet_a,514
3730,317,leafhopper,imagenet_a,500
3731,318,lacewing,imagenet_sketch,515
3732,318,lacewing,imagenet_sketch,516
3733,318,lacewing,imagenet_sketch,516
3734,318,lacewing,imagenet_sketch,515
3735,318,lacewing,imagenet_sketch,516
3736,318,lacewing,imagenet_sketch,515
3737,318,lacewing,imagenet_sketch,516
3738,318,lacewing,imagenet_sketch,515
3739,318,lacewing,imagenet_sketch,516
3740,318,lacewing,imagenet_sketch,515
3741,318,lacewing,imagenet_sketch,516
3742,318,lacewing,imagenet_sketch,515
3743,318,lacewing,imagenet_sketch,515
3744,318,lacewing,imagenet,498
3745,319,dragonfly,imagenet_r,186
3746,319,dragonfly,imagenet_r,363
3747,319,dragonfly,imagenet_r,161
3748,319,dragonfly,imagenet_r,363
3749,319,dragonfly,imagenet_a,748
3750,320,damselfly,imagenet_sketch,516
3751,320,damselfly,imagenet_sketch,243
3752,320,damselfly,imagenet_sketch,515
3753,320,damselfly,imagenet_sketch,516
3754,320,damselfly,imagenet_sketch,516
3755,321,admiral,imagenet_sketch,515
3756,321,admiral,imagenet_sketch,515
3757,321,admiral,imagenet_sketch,515
3758,321,admiral,imagenet_sketch,515
3759,321,admiral,imagenet_sketch,515
3760,321,admiral,imagenet_sketch,515
3761,321,admiral,imagenet_sketch,515
3762,321,admiral,imagenet_sketch,515
3763,321,admiral,imagenet_sketch,515
3764,321,admiral,imagenet_sketch,515
3765,321,admiral,imagenet_sketch,515
3766,321,admiral,imagenet_sketch,515
3767,322,ringlet,imagenet_sketch,513
3768,322,ringlet,imagenet_sketch,513
3769,322,ringlet,imagenet_sketch,513
3770,322,ringlet,imagenet_sketch,513
3771,322,ringlet,imagenet_sketch,513
3772,322,ringlet,imagenet_sketch,513
3773,322,ringlet,imagenet_sketch,513
3774,322,ringlet,imagenet_sketch,513
3775,323,monarch,imagenet_sketch,515
3776,324,cabbage_butterfly,imagenet_sketch,515
3777,324,cabbage_butterfly,imagenet_sketch,515
3778,324,cabbage_butterfly,imagenet_sketch,515
3779,324,cabbage_butterfly,imagenet_sketch,515
3780,324,cabbage_butterfly,imagenet_a,228
3781,326,lycaenid,imagenet,515
3782,326,lycaenid,imagenet,515
3783,326,lycaenid,imagenet,515
3784,326,lycaenid,imagenet,515
3785,326,lycaenid,imagenet,515
3786,326,lycaenid,imagenet,515
3787,326,lycaenid,imagenet,515
3788,326,lycaenid,imagenet_a,228
3789,326,lycaenid,imagenet_a,516
3790,326,lycaenid,imagenet,515
3791,327,starfish,imagenet,170
3792,973,coral_reef,imagenet,170
3793,328,sea_urchin,imagenet_sketch,99
3794,328,sea_urchin,imagenet_sketch,136
3795,328,sea_urchin,imagenet,227
3796,329,sea_cucumber,imagenet_sketch,426
3797,329,sea_cucumber,imagenet_sketch,520
3798,329,sea_cucumber,imagenet_sketch,521
3799,329,sea_cucumber,imagenet_sketch,104
3800,329,sea_cucumber,imagenet,137
3801,329,sea_cucumber,imagenet,14
3802,329,sea_cucumber,imagenet,86
3803,329,sea_cucumber,imagenet,85
3804,329,sea_cucumber,imagenet,86
3805,329,sea_cucumber,imagenet,721
3806,330,wood_rabbit,imagenet_sketch,525
3807,331,hare,imagenet,525
3808,331,hare,imagenet,525
3809,331,hare,imagenet,525
3810,331,hare,imagenet,525
3811,331,hare,imagenet,525
3812,331,hare,imagenet,525
3813,332,Angora,imagenet_sketch,525
3814,332,Angora,imagenet_sketch,569
3815,332,Angora,imagenet_sketch,434
3816,332,Angora,imagenet_sketch,525
3817,332,Angora,imagenet_sketch,569
3818,332,Angora,imagenet_sketch,434
3819,334,porcupine,imagenet_a,540
3820,334,porcupine,imagenet_a,62
3821,334,porcupine,imagenet_a,62
3822,336,marmot,imagenet_sketch,444
3823,360,otter,imagenet,540
3824,360,otter,imagenet,540
3825,360,otter,imagenet,540
3826,360,otter,imagenet,540
3827,337,beaver,imagenet,540
3828,360,otter,imagenet,540
3829,360,otter,imagenet,540
3830,338,guinea_pig,imagenet,525
3831,341,hog,imagenet_sketch,391
3832,341,hog,imagenet_sketch,391
3833,341,hog,imagenet_sketch,391
3834,341,hog,imagenet_sketch,391
3835,341,hog,imagenet_sketch,391
3836,341,hog,imagenet_sketch,391
3837,341,hog,imagenet_sketch,391
3838,341,hog,imagenet_sketch,391
3839,341,hog,imagenet_sketch,436
3840,341,hog,imagenet,391
3841,341,hog,imagenet,391
3842,341,hog,imagenet,391
3843,379,howler_monkey,imagenet,132
3844,341,hog,imagenet,391
3845,341,hog,imagenet,391
3846,341,hog,imagenet,391
3847,341,hog,imagenet,391
3848,379,howler_monkey,imagenet,132
3849,341,hog,imagenet,780
3850,341,hog,imagenet,391
3851,379,howler_monkey,imagenet,132
3852,341,hog,imagenet,391
3853,341,hog,imagenet,562
3854,341,hog,imagenet,780
3855,341,hog,imagenet,391
3856,341,hog,imagenet,391
3857,379,howler_monkey,imagenet,132
3858,341,hog,imagenet,780
3859,341,hog,imagenet,391
3860,341,hog,imagenet,391
3861,341,hog,imagenet,391
3862,342,wild_boar,imagenet_sketch,580
3863,343,warthog,imagenet_sketch,357
3864,343,warthog,imagenet,350
3865,343,warthog,imagenet,85
3866,343,warthog,imagenet,391
3867,343,warthog,imagenet,391
3868,343,warthog,imagenet,352
3869,343,warthog,imagenet,391
3870,343,warthog,imagenet,391
3871,343,warthog,imagenet,508
3872,344,hippopotamus,imagenet,533
3873,344,hippopotamus,imagenet,533
3874,345,ox,imagenet,534
3875,345,ox,imagenet,534
3876,345,ox,imagenet,376
3877,345,ox,imagenet,376
3878,345,ox,imagenet,515
3879,345,ox,imagenet,376
3880,345,ox,imagenet,534
3881,345,ox,imagenet,535
3882,345,ox,imagenet,534
3883,345,ox,imagenet,534
3884,346,water_buffalo,imagenet_sketch,428
3885,349,bighorn,imagenet_sketch,325
3886,350,ibex,imagenet_sketch,238
3887,350,ibex,imagenet_sketch,477
3888,350,ibex,imagenet,41
3889,351,hartebeest,imagenet_sketch,258
3890,351,hartebeest,imagenet_sketch,138
3891,351,hartebeest,imagenet_sketch,258
3892,353,gazelle,imagenet,483
3893,353,gazelle,imagenet,538
3894,353,gazelle,imagenet,483
3895,353,gazelle,imagenet,483
3896,353,gazelle,imagenet,483
3897,353,gazelle,imagenet,483
3898,353,gazelle,imagenet,483
3899,353,gazelle,imagenet,538
3900,353,gazelle,imagenet,538
3901,353,gazelle,imagenet,538
3902,353,gazelle,imagenet,483
3903,353,gazelle,imagenet,483
3904,353,gazelle,imagenet,538
3905,353,gazelle,imagenet,483
3906,353,gazelle,imagenet,538
3907,353,gazelle,imagenet,483
3908,353,gazelle,imagenet,538
3909,353,gazelle,imagenet,483
3910,353,gazelle,imagenet,483
3911,353,gazelle,imagenet,483
3912,353,gazelle,imagenet,483
3913,353,gazelle,imagenet,538
3914,353,gazelle,imagenet,483
3915,353,gazelle,imagenet,215
3916,353,gazelle,imagenet,483
3917,353,gazelle,imagenet,483
3918,353,gazelle,imagenet,483
3919,353,gazelle,imagenet,483
3920,353,gazelle,imagenet,538
3921,353,gazelle,imagenet,483
3922,353,gazelle,imagenet,483
3923,353,gazelle,imagenet,483
3924,353,gazelle,imagenet,538
3925,353,gazelle,imagenet,483
3926,353,gazelle,imagenet,538
3927,353,gazelle,imagenet,483
3928,353,gazelle,imagenet,538
3929,353,gazelle,imagenet,538
3930,353,gazelle,imagenet,538
3931,353,gazelle,imagenet,483
3932,353,gazelle,imagenet,538
3933,353,gazelle,imagenet,483
3934,353,gazelle,imagenet,483
3935,353,gazelle,imagenet,483
3936,353,gazelle,imagenet,483
3937,353,gazelle,imagenet,538
3938,355,llama,imagenet,480
3939,355,llama,imagenet_r,212
3940,356,weasel,imagenet,336
3941,356,weasel,imagenet,542
3942,356,weasel,imagenet,540
3943,356,weasel,imagenet,541
3944,356,weasel,imagenet,542
3945,356,weasel,imagenet,336
3946,356,weasel,imagenet,542
3947,356,weasel,imagenet,540
3948,356,weasel,imagenet,541
3949,356,weasel,imagenet,336
3950,356,weasel,imagenet,540
3951,356,weasel,imagenet,541
3952,356,weasel,imagenet,336
3953,356,weasel,imagenet,542
3954,356,weasel,imagenet,336
3955,356,weasel,imagenet,743
3956,356,weasel,imagenet,542
3957,356,weasel,imagenet,540
3958,356,weasel,imagenet,541
3959,356,weasel,imagenet,336
3960,356,weasel,imagenet,166
3961,356,weasel,imagenet,542
3962,356,weasel,imagenet,336
3963,356,weasel,imagenet,540
3964,356,weasel,imagenet,541
3965,356,weasel,imagenet,540
3966,356,weasel,imagenet,541
3967,357,mink,imagenet_sketch,338
3968,357,mink,imagenet_sketch,333
3969,357,mink,imagenet,525
3970,358,polecat,imagenet_sketch,574
3971,358,polecat,imagenet_sketch,492
3972,358,polecat,imagenet,356
3973,358,polecat,imagenet,356
3974,359,black-footed_ferret,imagenet_sketch,336
3975,356,weasel,imagenet,664
3976,359,black-footed_ferret,imagenet,0
3977,360,otter,imagenet_sketch,540
3978,360,otter,imagenet,533
3979,360,otter,imagenet,533
3980,360,otter,imagenet,117
3981,360,otter,imagenet,488
3982,360,otter,imagenet,533
3983,360,otter,imagenet,533
3984,361,skunk,imagenet,543
3985,361,skunk,imagenet_r,544
3986,361,skunk,imagenet_r,525
3987,361,skunk,imagenet_a,483
3988,362,badger,imagenet,545
3989,362,badger,imagenet,242
3990,362,badger,imagenet,376
3991,362,badger,imagenet,215
3992,362,badger,imagenet,85
3993,362,badger,imagenet,540
3994,362,badger,imagenet,242
3995,362,badger,imagenet,546
3996,362,badger,imagenet_r,547
3997,362,badger,imagenet_r,444
3998,362,badger,imagenet,63
3999,363,armadillo,imagenet_sketch,107
4000,363,armadillo,imagenet,62
4001,363,armadillo,imagenet,85
4002,363,armadillo,imagenet,540
4003,363,armadillo,imagenet,62
4004,364,three-toed_sloth,imagenet,18
4005,364,three-toed_sloth,imagenet,548
4006,365,orangutan,imagenet,549
4007,365,orangutan,imagenet,549
4008,365,orangutan,imagenet,549
4009,365,orangutan,imagenet,63
4010,367,chimpanzee,imagenet_r,722
4011,367,chimpanzee,imagenet_r,549
4012,368,gibbon,imagenet_sketch,448
4013,368,gibbon,imagenet_sketch,448
4014,368,gibbon,imagenet,552
4015,368,gibbon,imagenet,232
4016,368,gibbon,imagenet,549
4017,368,gibbon,imagenet,552
4018,369,siamang,imagenet_sketch,553
4019,369,siamang,imagenet_sketch,549
4020,369,siamang,imagenet_sketch,549
4021,369,siamang,imagenet_sketch,549
4022,369,siamang,imagenet,63
4023,369,siamang,imagenet,555
4024,369,siamang,imagenet,479
4025,369,siamang,imagenet,63
4026,369,siamang,imagenet,555
4027,369,siamang,imagenet,63
4028,369,siamang,imagenet,555
4029,369,siamang,imagenet,555
4030,369,siamang,imagenet,559
4031,370,guenon,imagenet,559
4032,370,guenon,imagenet_sketch,553
4033,370,guenon,imagenet_sketch,553
4034,370,guenon,imagenet_sketch,448
4035,370,guenon,imagenet,552
4036,376,proboscis_monkey,imagenet,553
4037,376,proboscis_monkey,imagenet,553
4038,370,guenon,imagenet,215
4039,370,guenon,imagenet,559
4040,376,proboscis_monkey,imagenet,553
4041,376,proboscis_monkey,imagenet,553
4042,370,guenon,imagenet,552
4043,370,guenon,imagenet,559
4044,371,patas,imagenet,546
4045,371,patas,imagenet,559
4046,371,patas,imagenet,559
4047,371,patas,imagenet_sketch,553
4048,371,patas,imagenet_sketch,553
4049,371,patas,imagenet_sketch,448
4050,371,patas,imagenet_sketch,553
4051,371,patas,imagenet_sketch,553
4052,371,patas,imagenet_sketch,553
4053,371,patas,imagenet_sketch,553
4054,371,patas,imagenet_sketch,553
4055,371,patas,imagenet_sketch,553
4056,371,patas,imagenet_sketch,553
4057,371,patas,imagenet_sketch,553
4058,371,patas,imagenet_sketch,448
4059,371,patas,imagenet_sketch,448
4060,371,patas,imagenet_sketch,553
4061,371,patas,imagenet_sketch,553
4062,371,patas,imagenet_sketch,448
4063,371,patas,imagenet_sketch,553
4064,371,patas,imagenet,546
4065,371,patas,imagenet,559
4066,371,patas,imagenet,559
4067,371,patas,imagenet,559
4068,371,patas,imagenet,50
4069,371,patas,imagenet,215
4070,371,patas,imagenet,546
4071,371,patas,imagenet,215
4072,371,patas,imagenet,215
4073,371,patas,imagenet,215
4074,371,patas,imagenet,559
4075,371,patas,imagenet,552
4076,371,patas,imagenet,561
4077,371,patas,imagenet,559
4078,371,patas,imagenet,559
4079,371,patas,imagenet,559
4080,371,patas,imagenet,63
4081,371,patas,imagenet,559
4082,371,patas,imagenet,63
4083,371,patas,imagenet,734
4084,371,patas,imagenet,559
4085,371,patas,imagenet,559
4086,372,baboon,imagenet_sketch,554
4087,372,baboon,imagenet_sketch,385
4088,372,baboon,imagenet_r,563
4089,373,macaque,imagenet_sketch,549
4090,373,macaque,imagenet_sketch,549
4091,373,macaque,imagenet,242
4092,374,langur,imagenet,552
4093,374,langur,imagenet,552
4094,374,langur,imagenet,555
4095,374,langur,imagenet_sketch,448
4096,374,langur,imagenet_sketch,448
4097,374,langur,imagenet_sketch,448
4098,374,langur,imagenet_sketch,448
4099,374,langur,imagenet_sketch,560
4100,374,langur,imagenet,63
4101,374,langur,imagenet,63
4102,374,langur,imagenet,63
4103,374,langur,imagenet,63
4104,374,langur,imagenet,63
4105,374,langur,imagenet,63
4106,374,langur,imagenet,555
4107,374,langur,imagenet,559
4108,374,langur,imagenet,552
4109,374,langur,imagenet,555
4110,374,langur,imagenet,552
4111,374,langur,imagenet,555
4112,374,langur,imagenet,555
4113,374,langur,imagenet,555
4114,374,langur,imagenet,552
4115,374,langur,imagenet,555
4116,374,langur,imagenet,85
4117,374,langur,imagenet,555
4118,374,langur,imagenet,555
4119,374,langur,imagenet,552
4120,374,langur,imagenet,552
4121,374,langur,imagenet,555
4122,374,langur,imagenet,555
4123,374,langur,imagenet,555
4124,374,langur,imagenet,555
4125,374,langur,imagenet,60
4126,374,langur,imagenet,555
4127,374,langur,imagenet,552
4128,374,langur,imagenet,555
4129,375,colobus,imagenet_sketch,448
4130,375,colobus,imagenet_sketch,448
4131,375,colobus,imagenet_sketch,580
4132,375,colobus,imagenet_sketch,448
4133,375,colobus,imagenet_sketch,568
4134,375,colobus,imagenet_sketch,51
4135,375,colobus,imagenet_sketch,448
4136,375,colobus,imagenet_sketch,448
4137,375,colobus,imagenet_sketch,580
4138,375,colobus,imagenet_sketch,448
4139,375,colobus,imagenet_sketch,568
4140,375,colobus,imagenet_sketch,353
4141,375,colobus,imagenet_sketch,51
4142,375,colobus,imagenet_sketch,448
4143,375,colobus,imagenet_sketch,448
4144,375,colobus,imagenet_sketch,580
4145,375,colobus,imagenet_sketch,448
4146,375,colobus,imagenet_sketch,568
4147,375,colobus,imagenet_sketch,353
4148,375,colobus,imagenet_sketch,51
4149,375,colobus,imagenet_sketch,448
4150,375,colobus,imagenet_sketch,568
4151,375,colobus,imagenet_sketch,353
4152,375,colobus,imagenet_sketch,51
4153,375,colobus,imagenet_sketch,448
4154,375,colobus,imagenet_sketch,568
4155,375,colobus,imagenet_sketch,353
4156,375,colobus,imagenet_sketch,51
4157,375,colobus,imagenet,63
4158,375,colobus,imagenet,62
4159,375,colobus,imagenet,62
4160,375,colobus,imagenet,62
4161,375,colobus,imagenet,17
4162,375,colobus,imagenet,110
4163,375,colobus,imagenet,110
4164,375,colobus,imagenet,50
4165,375,colobus,imagenet,62
4166,375,colobus,imagenet,62
4167,376,proboscis_monkey,imagenet_sketch,448
4168,376,proboscis_monkey,imagenet_sketch,547
4169,376,proboscis_monkey,imagenet_sketch,448
4170,376,proboscis_monkey,imagenet_sketch,448
4171,376,proboscis_monkey,imagenet_sketch,547
4172,376,proboscis_monkey,imagenet_sketch,448
4173,376,proboscis_monkey,imagenet_sketch,448
4174,376,proboscis_monkey,imagenet_sketch,448
4175,376,proboscis_monkey,imagenet_sketch,547
4176,376,proboscis_monkey,imagenet_sketch,802
4177,376,proboscis_monkey,imagenet_sketch,448
4178,376,proboscis_monkey,imagenet_sketch,448
4179,376,proboscis_monkey,imagenet_sketch,574
4180,376,proboscis_monkey,imagenet_sketch,448
4181,376,proboscis_monkey,imagenet_sketch,234
4182,376,proboscis_monkey,imagenet,552
4183,376,proboscis_monkey,imagenet,734
4184,376,proboscis_monkey,imagenet,215
4185,376,proboscis_monkey,imagenet,555
4186,376,proboscis_monkey,imagenet,215
4187,376,proboscis_monkey,imagenet,215
4188,376,proboscis_monkey,imagenet,215
4189,376,proboscis_monkey,imagenet,552
4190,377,marmoset,imagenet,62
4191,377,marmoset,imagenet_sketch,448
4192,377,marmoset,imagenet,62
4193,377,marmoset,imagenet,559
4194,377,marmoset,imagenet,62
4195,377,marmoset,imagenet,62
4196,377,marmoset,imagenet,62
4197,378,capuchin,imagenet_sketch,549
4198,378,capuchin,imagenet_sketch,549
4199,378,capuchin,imagenet_sketch,381
4200,378,capuchin,imagenet_sketch,560
4201,378,capuchin,imagenet_sketch,448
4202,378,capuchin,imagenet_sketch,518
4203,378,capuchin,imagenet_sketch,448
4204,378,capuchin,imagenet_sketch,549
4205,378,capuchin,imagenet_sketch,568
4206,378,capuchin,imagenet_sketch,448
4207,378,capuchin,imagenet_sketch,568
4208,378,capuchin,imagenet_sketch,549
4209,378,capuchin,imagenet_sketch,381
4210,378,capuchin,imagenet_sketch,560
4211,378,capuchin,imagenet_sketch,448
4212,378,capuchin,imagenet_sketch,518
4213,378,capuchin,imagenet_sketch,448
4214,378,capuchin,imagenet_sketch,448
4215,378,capuchin,imagenet_sketch,549
4216,378,capuchin,imagenet_sketch,568
4217,378,capuchin,imagenet,553
4218,378,capuchin,imagenet,62
4219,378,capuchin,imagenet,62
4220,378,capuchin,imagenet,132
4221,378,capuchin,imagenet,0
4222,378,capuchin,imagenet_a,62
4223,378,capuchin,imagenet_a,215
4224,379,howler_monkey,imagenet,0
4225,379,howler_monkey,imagenet_sketch,448
4226,379,howler_monkey,imagenet_sketch,568
4227,379,howler_monkey,imagenet_sketch,549
4228,379,howler_monkey,imagenet_sketch,568
4229,379,howler_monkey,imagenet,0
4230,379,howler_monkey,imagenet,0
4231,379,howler_monkey,imagenet,0
4232,379,howler_monkey,imagenet,0
4233,379,howler_monkey,imagenet,0
4234,380,titi,imagenet_sketch,198
4235,380,titi,imagenet_sketch,198
4236,380,titi,imagenet_sketch,198
4237,380,titi,imagenet_sketch,198
4238,380,titi,imagenet_sketch,198
4239,380,titi,imagenet_sketch,198
4240,380,titi,imagenet_sketch,198
4241,380,titi,imagenet_sketch,198
4242,380,titi,imagenet_sketch,198
4243,380,titi,imagenet_sketch,198
4244,380,titi,imagenet_sketch,198
4245,380,titi,imagenet,559
4246,380,titi,imagenet,229
4247,380,titi,imagenet,572
4248,380,titi,imagenet,559
4249,380,titi,imagenet,572
4250,380,titi,imagenet,229
4251,380,titi,imagenet,572
4252,380,titi,imagenet,229
4253,380,titi,imagenet,62
4254,380,titi,imagenet,559
4255,380,titi,imagenet,579
4256,380,titi,imagenet,229
4257,380,titi,imagenet,572
4258,380,titi,imagenet,572
4259,380,titi,imagenet,229
4260,380,titi,imagenet,572
4261,380,titi,imagenet,572
4262,381,spider_monkey,imagenet,62
4263,381,spider_monkey,imagenet,62
4264,381,spider_monkey,imagenet,62
4265,381,spider_monkey,imagenet,62
4266,382,squirrel_monkey,imagenet_sketch,573
4267,382,squirrel_monkey,imagenet_sketch,573
4268,382,squirrel_monkey,imagenet_sketch,547
4269,382,squirrel_monkey,imagenet_sketch,574
4270,382,squirrel_monkey,imagenet_sketch,574
4271,382,squirrel_monkey,imagenet_sketch,568
4272,382,squirrel_monkey,imagenet_sketch,547
4273,382,squirrel_monkey,imagenet_sketch,574
4274,382,squirrel_monkey,imagenet_sketch,568
4275,382,squirrel_monkey,imagenet_sketch,573
4276,382,squirrel_monkey,imagenet_sketch,547
4277,382,squirrel_monkey,imagenet_sketch,574
4278,382,squirrel_monkey,imagenet_sketch,574
4279,382,squirrel_monkey,imagenet_sketch,568
4280,382,squirrel_monkey,imagenet_sketch,448
4281,382,squirrel_monkey,imagenet_sketch,574
4282,382,squirrel_monkey,imagenet_sketch,568
4283,382,squirrel_monkey,imagenet_sketch,547
4284,382,squirrel_monkey,imagenet_sketch,568
4285,382,squirrel_monkey,imagenet_sketch,573
4286,382,squirrel_monkey,imagenet_sketch,560
4287,382,squirrel_monkey,imagenet_sketch,386
4288,382,squirrel_monkey,imagenet_sketch,573
4289,382,squirrel_monkey,imagenet_sketch,547
4290,382,squirrel_monkey,imagenet_sketch,574
4291,382,squirrel_monkey,imagenet_sketch,574
4292,382,squirrel_monkey,imagenet_sketch,568
4293,382,squirrel_monkey,imagenet_sketch,568
4294,382,squirrel_monkey,imagenet_sketch,448
4295,382,squirrel_monkey,imagenet_sketch,568
4296,382,squirrel_monkey,imagenet_sketch,547
4297,382,squirrel_monkey,imagenet_sketch,568
4298,382,squirrel_monkey,imagenet_sketch,573
4299,382,squirrel_monkey,imagenet_sketch,560
4300,382,squirrel_monkey,imagenet_sketch,386
4301,382,squirrel_monkey,imagenet_sketch,573
4302,382,squirrel_monkey,imagenet_sketch,574
4303,382,squirrel_monkey,imagenet_sketch,547
4304,382,squirrel_monkey,imagenet_sketch,568
4305,382,squirrel_monkey,imagenet,0
4306,382,squirrel_monkey,imagenet,0
4307,382,squirrel_monkey,imagenet,552
4308,382,squirrel_monkey,imagenet,0
4309,382,squirrel_monkey,imagenet,0
4310,382,squirrel_monkey,imagenet,552
4311,382,squirrel_monkey,imagenet,0
4312,382,squirrel_monkey,imagenet,0
4313,382,squirrel_monkey,imagenet,0
4314,382,squirrel_monkey,imagenet,552
4315,382,squirrel_monkey,imagenet,0
4316,382,squirrel_monkey,imagenet,0
4317,382,squirrel_monkey,imagenet,552
4318,383,Madagascar_cat,imagenet_sketch,579
4319,383,Madagascar_cat,imagenet_sketch,234
4320,383,Madagascar_cat,imagenet_sketch,579
4321,384,indri,imagenet_sketch,448
4322,384,indri,imagenet_sketch,580
4323,384,indri,imagenet_sketch,573
4324,384,indri,imagenet_sketch,580
4325,384,indri,imagenet_sketch,564
4326,384,indri,imagenet_sketch,580
4327,384,indri,imagenet_sketch,573
4328,384,indri,imagenet_sketch,580
4329,384,indri,imagenet_sketch,448
4330,384,indri,imagenet,548
4331,384,indri,imagenet,132
4332,385,Indian_elephant,imagenet_sketch,212
4333,385,Indian_elephant,imagenet_sketch,212
4334,385,Indian_elephant,imagenet_sketch,212
4335,385,Indian_elephant,imagenet_sketch,212
4336,385,Indian_elephant,imagenet_sketch,212
4337,385,Indian_elephant,imagenet_sketch,212
4338,387,lesser_panda,imagenet_sketch,482
4339,389,barracouta,imagenet,460
4340,389,barracouta,imagenet,460
4341,389,barracouta,imagenet,11
4342,389,barracouta,imagenet,460
4343,389,barracouta,imagenet,460
4344,389,barracouta,imagenet,114
4345,390,eel,imagenet,11
4346,395,gar,imagenet,791
4347,390,eel,imagenet,583
4348,390,eel,imagenet,583
4349,390,eel,imagenet,11
4350,390,eel,imagenet,583
4351,390,eel,imagenet,11
4352,391,coho,imagenet_sketch,11
4353,392,rock_beauty,imagenet,18
4354,392,rock_beauty,imagenet,170
4355,393,anemone_fish,imagenet_sketch,11
4356,393,anemone_fish,imagenet_sketch,11
4357,393,anemone_fish,imagenet_sketch,243
4358,393,anemone_fish,imagenet_sketch,11
4359,393,anemone_fish,imagenet_sketch,11
4360,393,anemone_fish,imagenet_sketch,11
4361,393,anemone_fish,imagenet_sketch,11
4362,393,anemone_fish,imagenet_r,11
4363,393,anemone_fish,imagenet_r,11
4364,393,anemone_fish,imagenet_r,11
4365,394,sturgeon,imagenet,533
4366,394,sturgeon,imagenet,18
4367,394,sturgeon,imagenet,78
4368,394,sturgeon,imagenet,624
4369,394,sturgeon,imagenet,533
4370,396,lionfish,imagenet,585
4371,396,lionfish,imagenet,585
4372,396,lionfish,imagenet,213
4373,396,lionfish,imagenet,585
4374,396,lionfish,imagenet,18
4375,396,lionfish,imagenet,585
4376,397,puffer,imagenet,171
4377,398,abacus,imagenet,160
4378,398,abacus,imagenet,255
4379,398,abacus,imagenet,160
4380,401,accordion,imagenet,255
4381,401,accordion,imagenet,255
4382,401,accordion,imagenet,255
4383,401,accordion,imagenet,255
4384,401,accordion,imagenet,255
4385,401,accordion,imagenet,255
4386,401,accordion,imagenet,255
4387,401,accordion,imagenet_r,302
4388,401,accordion,imagenet,255
4389,406,altar,imagenet_sketch,535
4390,406,altar,imagenet_sketch,112
4391,406,altar,imagenet_sketch,756
4392,406,altar,imagenet_sketch,112
4393,406,altar,imagenet_sketch,535
4394,406,altar,imagenet_sketch,474
4395,406,altar,imagenet_sketch,535
4396,406,altar,imagenet_sketch,535
4397,406,altar,imagenet_sketch,112
4398,406,altar,imagenet_sketch,756
4399,406,altar,imagenet_sketch,474
4400,406,altar,imagenet_sketch,112
4401,406,altar,imagenet_sketch,535
4402,406,altar,imagenet_sketch,208
4403,406,altar,imagenet_sketch,535
4404,407,ambulance,imagenet_sketch,751
4405,408,amphibian,imagenet_sketch,590
4406,408,amphibian,imagenet_sketch,590
4407,408,amphibian,imagenet_sketch,590
4408,408,amphibian,imagenet_sketch,590
4409,408,amphibian,imagenet_sketch,590
4410,408,amphibian,imagenet_sketch,590
4411,408,amphibian,imagenet_sketch,590
4412,408,amphibian,imagenet_sketch,590
4413,408,amphibian,imagenet_sketch,590
4414,408,amphibian,imagenet_sketch,590
4415,408,amphibian,imagenet_sketch,590
4416,408,amphibian,imagenet_sketch,590
4417,408,amphibian,imagenet_sketch,590
4418,408,amphibian,imagenet_sketch,590
4419,408,amphibian,imagenet_sketch,590
4420,408,amphibian,imagenet_sketch,590
4421,408,amphibian,imagenet_sketch,590
4422,408,amphibian,imagenet_sketch,590
4423,408,amphibian,imagenet,590
4424,408,amphibian,imagenet,590
4425,408,amphibian,imagenet,590
4426,408,amphibian,imagenet,590
4427,408,amphibian,imagenet,590
4428,408,amphibian,imagenet,591
4429,408,amphibian,imagenet,590
4430,409,analog_clock,objectnet,592
4431,409,analog_clock,objectnet,593
4432,409,analog_clock,objectnet,594
4433,409,analog_clock,objectnet,595
4434,409,analog_clock,objectnet,596
4435,409,analog_clock,objectnet,597
4436,409,analog_clock,objectnet,598
4437,409,analog_clock,objectnet,599
4438,409,analog_clock,objectnet,600
4439,409,analog_clock,objectnet,601
4440,409,analog_clock,objectnet,602
4441,409,analog_clock,objectnet,603
4442,409,analog_clock,objectnet,604
4443,409,analog_clock,objectnet,605
4444,409,analog_clock,objectnet,606
4445,409,analog_clock,objectnet,607
4446,409,analog_clock,objectnet,608
4447,409,analog_clock,objectnet,476
4448,409,analog_clock,objectnet,602
4449,409,analog_clock,objectnet,599
4450,409,analog_clock,objectnet,563
4451,409,analog_clock,objectnet,599
4452,409,analog_clock,objectnet,690
4453,409,analog_clock,objectnet,612
4454,409,analog_clock,objectnet,491
4455,409,analog_clock,objectnet,614
4456,409,analog_clock,objectnet,687
4457,409,analog_clock,objectnet,595
4458,409,analog_clock,objectnet,615
4459,409,analog_clock,objectnet,616
4460,409,analog_clock,objectnet,617
4461,409,analog_clock,objectnet,618
4462,409,analog_clock,objectnet,491
4463,409,analog_clock,objectnet,619
4464,409,analog_clock,objectnet,620
4465,409,analog_clock,objectnet,607
4466,409,analog_clock,objectnet,621
4467,409,analog_clock,objectnet,598
4468,409,analog_clock,objectnet,622
4469,409,analog_clock,objectnet,623
4470,409,analog_clock,objectnet,599
4471,409,analog_clock,objectnet,619
4472,409,analog_clock,objectnet,583
4473,409,analog_clock,objectnet,700
4474,409,analog_clock,objectnet,7
4475,409,analog_clock,objectnet,626
4476,409,analog_clock,objectnet,535
4477,409,analog_clock,objectnet,593
4478,409,analog_clock,objectnet,626
4479,409,analog_clock,objectnet,627
4480,409,analog_clock,objectnet,628
4481,409,analog_clock,objectnet,593
4482,409,analog_clock,objectnet,626
4483,409,analog_clock,objectnet,619
4484,409,analog_clock,objectnet,96
4485,409,analog_clock,objectnet,629
4486,409,analog_clock,objectnet,514
4487,409,analog_clock,objectnet,626
4488,409,analog_clock,objectnet,593
4489,409,analog_clock,objectnet,630
4490,409,analog_clock,objectnet,628
4491,409,analog_clock,objectnet,626
4492,409,analog_clock,objectnet,631
4493,409,analog_clock,objectnet,593
4494,409,analog_clock,objectnet,593
4495,409,analog_clock,objectnet,83
4496,409,analog_clock,objectnet,620
4497,409,analog_clock,objectnet,617
4498,409,analog_clock,objectnet,633
4499,409,analog_clock,objectnet,634
4500,409,analog_clock,objectnet,626
4501,409,analog_clock,objectnet,602
4502,409,analog_clock,imagenet,635
4503,409,analog_clock,imagenet,636
4504,409,analog_clock,imagenet,635
4505,409,analog_clock,imagenet,637
4506,409,analog_clock,imagenet,637
4507,409,analog_clock,imagenet,638
4508,409,analog_clock,imagenet,635
4509,409,analog_clock,imagenet,638
4510,409,analog_clock,imagenet,635
4511,409,analog_clock,imagenet,788
4512,409,analog_clock,imagenet,638
4513,409,analog_clock,imagenet,172
4514,409,analog_clock,imagenet,635
4515,409,analog_clock,imagenet,172
4516,409,analog_clock,imagenet,635
4517,409,analog_clock,imagenet,172
4518,409,analog_clock,imagenet,637
4519,409,analog_clock,imagenet,172
4520,409,analog_clock,imagenet,635
4521,410,apiary,imagenet_sketch,641
4522,410,apiary,imagenet_sketch,239
4523,410,apiary,imagenet_sketch,641
4524,410,apiary,imagenet_sketch,239
4525,410,apiary,imagenet_sketch,641
4526,410,apiary,imagenet_sketch,236
4527,410,apiary,imagenet_sketch,641
4528,411,apron,imagenet_sketch,695
4529,411,apron,imagenet_sketch,695
4530,411,apron,imagenet_sketch,695
4531,411,apron,imagenet,644
4532,411,apron,imagenet,644
4533,411,apron,imagenet,644
4534,411,apron,imagenet,644
4535,411,apron,imagenet,361
4536,411,apron,imagenet,361
4537,411,apron,imagenet,169
4538,443,bib,imagenet,361
4539,411,apron,imagenet,647
4540,411,apron,imagenet,644
4541,443,bib,imagenet,647
4542,411,apron,imagenet,644
4543,412,ashcan,imagenet,648
4544,412,ashcan,imagenet_sketch,331
4545,412,ashcan,imagenet_sketch,667
4546,412,ashcan,imagenet_sketch,25
4547,412,ashcan,imagenet_sketch,729
4548,412,ashcan,imagenet_sketch,455
4549,412,ashcan,imagenet_sketch,667
4550,412,ashcan,objectnet,651
4551,412,ashcan,objectnet,790
4552,412,ashcan,objectnet,596
4553,412,ashcan,objectnet,633
4554,412,ashcan,objectnet,604
4555,412,ashcan,objectnet,653
4556,412,ashcan,objectnet,654
4557,412,ashcan,objectnet,655
4558,412,ashcan,imagenet,656
4559,412,ashcan,imagenet,648
4560,412,ashcan,imagenet,551
4561,412,ashcan,imagenet,494
4562,413,assault_rifle,imagenet_sketch,659
4563,414,backpack,objectnet,415
4564,414,backpack,imagenet,661
4565,414,backpack,imagenet,661
4566,608,jean,imagenet,571
4567,414,backpack,imagenet,81
4568,414,backpack,imagenet,661
4569,414,backpack,imagenet,105
4570,414,backpack,imagenet,661
4571,608,jean,imagenet,571
4572,415,bakery,imagenet,664
4573,415,bakery,imagenet,4
4574,415,bakery,imagenet,721
4575,415,bakery,imagenet,664
4576,415,bakery,imagenet,4
4577,415,bakery,imagenet,664
4578,415,bakery,imagenet,4
4579,415,bakery,imagenet,4
4580,415,bakery,imagenet,721
4581,415,bakery,imagenet,664
4582,415,bakery,imagenet,478
4583,415,bakery,imagenet,4
4584,415,bakery,imagenet,721
4585,415,bakery,imagenet,161
4586,415,bakery,imagenet,664
4587,415,bakery,imagenet,4
4588,415,bakery,imagenet,721
4589,415,bakery,imagenet,664
4590,415,bakery,imagenet,664
4591,415,bakery,imagenet,478
4592,415,bakery,imagenet,4
4593,415,bakery,imagenet,721
4594,416,balance_beam,imagenet,679
4595,416,balance_beam,imagenet_sketch,668
4596,416,balance_beam,imagenet_sketch,668
4597,416,balance_beam,imagenet_sketch,668
4598,416,balance_beam,imagenet_sketch,668
4599,416,balance_beam,imagenet_sketch,564
4600,416,balance_beam,imagenet,679
4601,416,balance_beam,imagenet,665
4602,416,balance_beam,imagenet,388
4603,416,balance_beam,imagenet,679
4604,416,balance_beam,imagenet,679
4605,416,balance_beam,imagenet,679
4606,416,balance_beam,imagenet,2
4607,416,balance_beam,imagenet,501
4608,417,balloon,imagenet_sketch,672
4609,417,balloon,imagenet,647
4610,417,balloon,imagenet,647
4611,417,balloon,imagenet,647
4612,417,balloon,imagenet,647
4613,417,balloon,imagenet,21
4614,417,balloon,imagenet,647
4615,417,balloon,imagenet,647
4616,417,balloon,imagenet,647
4617,417,balloon,imagenet,647
4618,417,balloon,imagenet,647
4619,417,balloon,imagenet,647
4620,417,balloon,imagenet_a,796
4621,417,balloon,imagenet_a,780
4622,417,balloon,imagenet_a,647
4623,418,ballpoint,imagenet,673
4624,418,ballpoint,imagenet,29
4625,418,ballpoint,imagenet,675
4626,418,ballpoint,imagenet,519
4627,418,ballpoint,imagenet,679
4628,418,ballpoint,imagenet,678
4629,418,ballpoint,imagenet,501
4630,418,ballpoint,imagenet,659
4631,418,ballpoint,imagenet,679
4632,418,ballpoint,imagenet_sketch,519
4633,418,ballpoint,imagenet_sketch,683
4634,418,ballpoint,imagenet_sketch,519
4635,418,ballpoint,imagenet_sketch,519
4636,418,ballpoint,imagenet_sketch,683
4637,418,ballpoint,imagenet_sketch,519
4638,418,ballpoint,objectnet,681
4639,418,ballpoint,objectnet,633
4640,418,ballpoint,objectnet,682
4641,418,ballpoint,objectnet,623
4642,418,ballpoint,imagenet,683
4643,418,ballpoint,imagenet,683
4644,418,ballpoint,imagenet,673
4645,418,ballpoint,imagenet,675
4646,418,ballpoint,imagenet,519
4647,418,ballpoint,imagenet,685
4648,418,ballpoint,imagenet,679
4649,418,ballpoint,imagenet,354
4650,418,ballpoint,imagenet,686
4651,418,ballpoint,imagenet,501
4652,418,ballpoint,imagenet,659
4653,418,ballpoint,imagenet,683
4654,418,ballpoint,imagenet,687
4655,418,ballpoint,imagenet,679
4656,418,ballpoint,imagenet,29
4657,418,ballpoint,imagenet,675
4658,418,ballpoint,imagenet,519
4659,418,ballpoint,imagenet,678
4660,418,ballpoint,imagenet,501
4661,418,ballpoint,imagenet,659
4662,418,ballpoint,imagenet,688
4663,418,ballpoint,imagenet,673
4664,418,ballpoint,imagenet,519
4665,418,ballpoint,imagenet,659
4666,418,ballpoint,imagenet,679
4667,418,ballpoint,imagenet,683
4668,418,ballpoint,imagenet,458
4669,418,ballpoint,imagenet,683
4670,418,ballpoint,imagenet,673
4671,418,ballpoint,imagenet,29
4672,418,ballpoint,imagenet,675
4673,418,ballpoint,imagenet,382
4674,418,ballpoint,imagenet,688
4675,418,ballpoint,imagenet,361
4676,418,ballpoint,imagenet,686
4677,418,ballpoint,imagenet,501
4678,418,ballpoint,imagenet,659
4679,418,ballpoint,imagenet,688
4680,418,ballpoint,imagenet,683
4681,418,ballpoint,imagenet,458
4682,418,ballpoint,imagenet,683
4683,418,ballpoint,imagenet,673
4684,418,ballpoint,imagenet,659
4685,418,ballpoint,imagenet,675
4686,418,ballpoint,imagenet,382
4687,418,ballpoint,imagenet,519
4688,418,ballpoint,imagenet,679
4689,418,ballpoint,imagenet,354
4690,418,ballpoint,imagenet,501
4691,418,ballpoint,imagenet,659
4692,418,ballpoint,imagenet,683
4693,418,ballpoint,imagenet,679
4694,418,ballpoint,imagenet,659
4695,418,ballpoint,imagenet,683
4696,418,ballpoint,imagenet,683
4697,418,ballpoint,imagenet,673
4698,418,ballpoint,imagenet,519
4699,418,ballpoint,imagenet,354
4700,418,ballpoint,imagenet,659
4701,418,ballpoint,imagenet,683
4702,419,Band_Aid,objectnet,691
4703,419,Band_Aid,objectnet,628
4704,419,Band_Aid,objectnet,502
4705,419,Band_Aid,objectnet,253
4706,419,Band_Aid,objectnet,407
4707,419,Band_Aid,objectnet,708
4708,419,Band_Aid,objectnet,418
4709,419,Band_Aid,imagenet,694
4710,419,Band_Aid,imagenet,676
4711,419,Band_Aid,imagenet,696
4712,419,Band_Aid,imagenet,694
4713,419,Band_Aid,imagenet,25
4714,420,banjo,imagenet_sketch,697
4715,423,barber_chair,objectnet,702
4716,423,barber_chair,objectnet,699
4717,423,barber_chair,objectnet,700
4718,423,barber_chair,objectnet,702
4719,423,barber_chair,objectnet,701
4720,423,barber_chair,objectnet,702
4721,423,barber_chair,objectnet,654
4722,423,barber_chair,objectnet,702
4723,423,barber_chair,objectnet,702
4724,423,barber_chair,objectnet,703
4725,423,barber_chair,objectnet,226
4726,423,barber_chair,objectnet,712
4727,423,barber_chair,imagenet,705
4728,423,barber_chair,imagenet,53
4729,424,barbershop,imagenet_sketch,707
4730,424,barbershop,imagenet_sketch,708
4731,424,barbershop,imagenet_sketch,708
4732,424,barbershop,imagenet,531
4733,425,barn,imagenet,116
4734,425,barn,imagenet,116
4735,425,barn,imagenet,116
4736,425,barn,imagenet,116
4737,425,barn,imagenet_a,406
4738,427,barrel,imagenet,459
4739,427,barrel,imagenet,459
4740,427,barrel,imagenet,59
4741,427,barrel,imagenet,59
4742,427,barrel,imagenet,459
4743,428,barrow,imagenet_sketch,237
4744,428,barrow,imagenet_sketch,745
4745,428,barrow,imagenet_sketch,714
4746,428,barrow,imagenet_sketch,237
4747,428,barrow,imagenet,715
4748,428,barrow,imagenet,38
4749,428,barrow,imagenet,715
4750,428,barrow,imagenet,715
4751,428,barrow,imagenet,716
4752,428,barrow,imagenet,315
4753,428,barrow,imagenet,717
4754,428,barrow,imagenet,715
4755,428,barrow,imagenet,38
4756,428,barrow,imagenet,592
4757,428,barrow,imagenet,719
4758,428,barrow,imagenet,715
4759,428,barrow,imagenet,715
4760,428,barrow,imagenet_a,365
4761,428,barrow,imagenet_a,330
4762,429,baseball,imagenet_sketch,722
4763,429,baseball,imagenet_sketch,564
4764,429,baseball,imagenet_sketch,473
4765,429,baseball,imagenet_sketch,722
4766,429,baseball,imagenet_sketch,722
4767,429,baseball,imagenet_sketch,523
4768,429,baseball,imagenet_sketch,564
4769,429,baseball,imagenet_sketch,722
4770,429,baseball,imagenet_sketch,564
4771,429,baseball,imagenet_sketch,564
4772,429,baseball,imagenet_sketch,722
4773,429,baseball,imagenet_sketch,722
4774,429,baseball,imagenet_sketch,523
4775,429,baseball,imagenet_sketch,504
4776,429,baseball,imagenet_sketch,564
4777,429,baseball,imagenet_sketch,473
4778,429,baseball,imagenet_sketch,504
4779,429,baseball,imagenet,611
4780,429,baseball,imagenet,611
4781,429,baseball,imagenet,611
4782,429,baseball,imagenet,611
4783,429,baseball,imagenet,611
4784,429,baseball,imagenet,611
4785,432,bassoon,imagenet_sketch,388
4786,432,bassoon,imagenet_sketch,388
4787,432,bassoon,imagenet,550
4788,432,bassoon,imagenet,550
4789,432,bassoon,imagenet,452
4790,432,bassoon,imagenet,641
4791,432,bassoon,imagenet,388
4792,432,bassoon,imagenet,550
4793,432,bassoon,imagenet,727
4794,432,bassoon,imagenet,550
4795,433,bathing_cap,imagenet_sketch,728
4796,433,bathing_cap,imagenet_sketch,586
4797,433,bathing_cap,imagenet_sketch,586
4798,433,bathing_cap,imagenet_sketch,728
4799,433,bathing_cap,imagenet_sketch,730
4800,433,bathing_cap,imagenet_sketch,586
4801,433,bathing_cap,imagenet_sketch,731
4802,433,bathing_cap,imagenet_sketch,499
4803,434,bath_towel,imagenet_sketch,505
4804,434,bath_towel,imagenet_sketch,732
4805,434,bath_towel,imagenet_sketch,733
4806,434,bath_towel,imagenet_sketch,505
4807,434,bath_towel,imagenet_sketch,207
4808,434,bath_towel,imagenet_sketch,737
4809,434,bath_towel,imagenet_sketch,136
4810,434,bath_towel,imagenet_sketch,505
4811,434,bath_towel,imagenet_sketch,733
4812,434,bath_towel,imagenet_sketch,732
4813,434,bath_towel,imagenet_sketch,455
4814,434,bath_towel,imagenet_sketch,737
4815,434,bath_towel,imagenet_sketch,733
4816,434,bath_towel,imagenet_sketch,505
4817,434,bath_towel,imagenet_sketch,505
4818,434,bath_towel,imagenet_sketch,207
4819,434,bath_towel,imagenet_sketch,136
4820,434,bath_towel,imagenet_sketch,505
4821,434,bath_towel,imagenet_sketch,523
4822,434,bath_towel,imagenet_sketch,737
4823,434,bath_towel,imagenet_sketch,225
4824,434,bath_towel,imagenet_sketch,207
4825,434,bath_towel,objectnet,739
4826,434,bath_towel,objectnet,594
4827,434,bath_towel,objectnet,653
4828,434,bath_towel,imagenet,407
4829,434,bath_towel,imagenet,407
4830,434,bath_towel,imagenet,740
4831,434,bath_towel,imagenet,407
4832,434,bath_towel,imagenet,204
4833,434,bath_towel,imagenet,522
4834,434,bath_towel,imagenet,88
4835,434,bath_towel,imagenet,676
4836,434,bath_towel,imagenet,407
4837,434,bath_towel,imagenet,407
4838,434,bath_towel,imagenet,407
4839,434,bath_towel,imagenet,271
4840,434,bath_towel,imagenet,676
4841,434,bath_towel,imagenet,411
4842,434,bath_towel,imagenet,407
4843,434,bath_towel,imagenet,407
4844,434,bath_towel,imagenet,407
4845,434,bath_towel,imagenet,204
4846,434,bath_towel,imagenet,676
4847,434,bath_towel,imagenet,407
4848,434,bath_towel,imagenet,407
4849,436,beach_wagon,imagenet_sketch,58
4850,436,beach_wagon,imagenet_sketch,58
4851,436,beach_wagon,imagenet_sketch,481
4852,436,beach_wagon,imagenet_sketch,65
4853,436,beach_wagon,imagenet_sketch,58
4854,436,beach_wagon,imagenet_sketch,58
4855,436,beach_wagon,imagenet_sketch,58
4856,436,beach_wagon,imagenet_sketch,65
4857,436,beach_wagon,imagenet_sketch,291
4858,436,beach_wagon,imagenet_sketch,58
4859,436,beach_wagon,imagenet,61
4860,438,beaker,imagenet,318
4861,438,beaker,imagenet,646
4862,438,beaker,imagenet,747
4863,438,beaker,imagenet,161
4864,438,beaker,imagenet,747
4865,899,water_jug,imagenet,646
4866,438,beaker,imagenet,646
4867,899,water_jug,imagenet,646
4868,438,beaker,imagenet,747
4869,438,beaker,imagenet,657
4870,438,beaker,imagenet,161
4871,728,plastic_bag,imagenet,770
4872,438,beaker,imagenet,213
4873,899,water_jug,imagenet,646
4874,438,beaker,imagenet,161
4875,438,beaker,imagenet,747
4876,438,beaker,imagenet,646
4877,438,beaker,imagenet,646
4878,899,water_jug,imagenet,646
4879,438,beaker,imagenet,318
4880,899,water_jug,imagenet,646
4881,438,beaker,imagenet,747
4882,438,beaker,imagenet,161
4883,438,beaker,imagenet,318
4884,440,beer_bottle,imagenet_sketch,733
4885,440,beer_bottle,objectnet,616
4886,440,beer_bottle,objectnet,595
4887,440,beer_bottle,objectnet,750
4888,440,beer_bottle,objectnet,616
4889,440,beer_bottle,objectnet,597
4890,442,bell_cote,imagenet_sketch,751
4891,442,bell_cote,imagenet_sketch,752
4892,442,bell_cote,imagenet_sketch,751
4893,443,bib,imagenet_sketch,481
4894,443,bib,imagenet_sketch,481
4895,443,bib,imagenet_sketch,481
4896,443,bib,imagenet_sketch,481
4897,443,bib,imagenet_sketch,754
4898,443,bib,imagenet_sketch,481
4899,443,bib,imagenet_sketch,755
4900,443,bib,imagenet_sketch,755
4901,443,bib,imagenet,507
4902,443,bib,imagenet,136
4903,443,bib,imagenet,507
4904,443,bib,imagenet,507
4905,443,bib,imagenet,17
4906,443,bib,imagenet,462
4907,443,bib,imagenet,693
4908,443,bib,imagenet,407
4909,443,bib,imagenet,171
4910,443,bib,imagenet,725
4911,443,bib,imagenet,172
4912,443,bib,imagenet,693
4913,443,bib,imagenet,464
4914,443,bib,imagenet,17
4915,443,bib,imagenet,462
4916,445,bikini,imagenet,762
4917,445,bikini,imagenet,762
4918,445,bikini,imagenet,694
4919,446,binder,objectnet,602
4920,446,binder,objectnet,763
4921,446,binder,objectnet,764
4922,446,binder,objectnet,626
4923,446,binder,objectnet,765
4924,446,binder,objectnet,765
4925,446,binder,objectnet,655
4926,446,binder,objectnet,604
4927,446,binder,objectnet,594
4928,446,binder,objectnet,617
4929,446,binder,objectnet,622
4930,446,binder,objectnet,630
4931,446,binder,objectnet,764
4932,446,binder,imagenet,766
4933,446,binder,imagenet,361
4934,446,binder,imagenet,661
4935,446,binder,imagenet,435
4936,446,binder,imagenet,766
4937,446,binder,imagenet,743
4938,446,binder,imagenet,766
4939,447,binoculars,imagenet,725
4940,447,binoculars,imagenet,311
4941,447,binoculars,imagenet,541
4942,447,binoculars,imagenet,725
4943,447,binoculars,imagenet,541
4944,447,binoculars,imagenet,725
4945,707,pay-phone,imagenet,771
4946,447,binoculars,imagenet,541
4947,447,binoculars,imagenet,725
4948,447,binoculars,imagenet,541
4949,447,binoculars,imagenet,725
4950,448,birdhouse,imagenet,361
4951,448,birdhouse,imagenet,296
4952,449,boathouse,imagenet_sketch,792
4953,449,boathouse,imagenet_sketch,400
4954,449,boathouse,imagenet_sketch,792
4955,449,boathouse,imagenet,562
4956,449,boathouse,imagenet,562
4957,449,boathouse,imagenet,562
4958,449,boathouse,imagenet,562
4959,450,bobsled,imagenet_sketch,775
4960,451,bolo_tie,imagenet,17
4961,451,bolo_tie,imagenet,776
4962,451,bolo_tie,imagenet,17
4963,452,bonnet,imagenet,233
4964,452,bonnet,imagenet_sketch,149
4965,452,bonnet,imagenet_sketch,778
4966,452,bonnet,imagenet,462
4967,452,bonnet,imagenet,118
4968,452,bonnet,imagenet,118
4969,452,bonnet,imagenet,17
4970,453,bookcase,imagenet,781
4971,453,bookcase,imagenet,600
4972,453,bookcase,imagenet,781
4973,453,bookcase,imagenet,600
4974,453,bookcase,imagenet,600
4975,454,bookshop,imagenet_sketch,792
4976,454,bookshop,imagenet_sketch,519
4977,454,bookshop,imagenet_sketch,781
4978,454,bookshop,imagenet_sketch,519
4979,454,bookshop,imagenet_sketch,792
4980,454,bookshop,imagenet_sketch,519
4981,455,bottlecap,imagenet,782
4982,455,bottlecap,imagenet,688
4983,455,bottlecap,imagenet,782
4984,455,bottlecap,imagenet,782
4985,455,bottlecap,imagenet,458
4986,455,bottlecap,imagenet,14
4987,455,bottlecap,imagenet,782
4988,455,bottlecap,imagenet,782
4989,455,bottlecap,imagenet,782
4990,457,bow_tie,objectnet,531
4991,457,bow_tie,objectnet,531
4992,457,bow_tie,objectnet,630
4993,457,bow_tie,objectnet,619
4994,457,bow_tie,objectnet,619
4995,457,bow_tie,objectnet,622
4996,457,bow_tie,objectnet,603
4997,457,bow_tie,imagenet_r,306
4998,457,bow_tie,imagenet_r,684
4999,457,bow_tie,imagenet_a,727
5000,458,brass,imagenet_sketch,727
5001,458,brass,imagenet_sketch,727
5002,458,brass,imagenet_sketch,727
5003,458,brass,imagenet_sketch,727
5004,458,brass,imagenet_sketch,727
5005,458,brass,imagenet_sketch,727
5006,458,brass,imagenet_sketch,727
5007,458,brass,imagenet_sketch,727
5008,458,brass,imagenet_sketch,727
5009,458,brass,imagenet_sketch,727
5010,458,brass,imagenet_sketch,786
5011,458,brass,imagenet_sketch,727
5012,458,brass,imagenet_sketch,727
5013,458,brass,imagenet_sketch,727
5014,458,brass,imagenet_sketch,727
5015,458,brass,imagenet_sketch,727
5016,458,brass,imagenet_sketch,727
5017,458,brass,imagenet_sketch,727
5018,458,brass,imagenet_sketch,786
5019,458,brass,imagenet_sketch,727
5020,458,brass,imagenet_sketch,727
5021,458,brass,imagenet_sketch,727
5022,458,brass,imagenet_sketch,198
5023,458,brass,imagenet_sketch,727
5024,458,brass,imagenet_sketch,727
5025,458,brass,imagenet_sketch,727
5026,458,brass,imagenet_sketch,727
5027,458,brass,imagenet_sketch,727
5028,458,brass,imagenet_sketch,727
5029,458,brass,imagenet_sketch,727
5030,458,brass,imagenet_sketch,727
5031,458,brass,imagenet_sketch,727
5032,458,brass,imagenet_sketch,786
5033,458,brass,imagenet_sketch,727
5034,458,brass,imagenet_sketch,727
5035,458,brass,imagenet_sketch,727
5036,458,brass,imagenet_sketch,727
5037,458,brass,imagenet_sketch,727
5038,458,brass,imagenet_sketch,727
5039,458,brass,imagenet_sketch,727
5040,458,brass,imagenet_sketch,786
5041,458,brass,imagenet_sketch,727
5042,458,brass,imagenet_sketch,727
5043,458,brass,imagenet_sketch,198
5044,458,brass,imagenet_sketch,786
5045,458,brass,imagenet_sketch,727
5046,458,brass,imagenet_sketch,727
5047,458,brass,imagenet_sketch,727
5048,458,brass,imagenet_sketch,727
5049,458,brass,imagenet_sketch,198
5050,459,brassiere,imagenet,305
5051,459,brassiere,imagenet,305
5052,459,brassiere,imagenet,305
5053,459,brassiere,imagenet,587
5054,460,breakwater,imagenet,668
5055,460,breakwater,imagenet_sketch,729
5056,460,breakwater,imagenet_sketch,495
5057,460,breakwater,imagenet_sketch,729
5058,460,breakwater,imagenet_sketch,729
5059,460,breakwater,imagenet_sketch,729
5060,460,breakwater,imagenet_sketch,495
5061,460,breakwater,imagenet,668
5062,460,breakwater,imagenet,668
5063,461,breastplate,imagenet,565
5064,461,breastplate,imagenet,662
5065,461,breastplate,imagenet,791
5066,461,breastplate,imagenet,565
5067,524,cuirass,imagenet,791
5068,461,breastplate,imagenet,565
5069,463,bucket,imagenet,526
5070,463,bucket,imagenet,793
5071,463,bucket,imagenet_sketch,794
5072,463,bucket,imagenet_sketch,744
5073,463,bucket,imagenet_sketch,794
5074,463,bucket,objectnet,795
5075,463,bucket,objectnet,514
5076,463,bucket,objectnet,615
5077,463,bucket,objectnet,797
5078,463,bucket,objectnet,615
5079,463,bucket,objectnet,608
5080,463,bucket,objectnet,798
5081,463,bucket,objectnet,691
5082,463,bucket,objectnet,594
5083,463,bucket,objectnet,799
5084,463,bucket,imagenet,526
5085,463,bucket,imagenet,793
5086,463,bucket,imagenet,494
5087,463,bucket,imagenet,526
5088,463,bucket,imagenet,793
5089,463,bucket,imagenet,526
5090,463,bucket,imagenet,793
5091,463,bucket,imagenet,526
5092,463,bucket,imagenet,793
5093,463,bucket,imagenet,123
5094,463,bucket,imagenet,526
5095,463,bucket,imagenet,793
5096,463,bucket,imagenet,494
5097,463,bucket,imagenet,123
5098,463,bucket,imagenet,86
5099,463,bucket,imagenet,526
5100,463,bucket,imagenet,793
5101,463,bucket,imagenet,494
5102,463,bucket,imagenet_r,260
5103,463,bucket,imagenet_r,308
5104,463,bucket,imagenet_r,306
5105,463,bucket,imagenet_r,92
5106,463,bucket,imagenet_r,803
5107,463,bucket,imagenet_r,92
5108,463,bucket,imagenet_r,242
5109,463,bucket,imagenet_r,425
5110,463,bucket,imagenet_r,288
5111,463,bucket,imagenet_r,359
5112,463,bucket,imagenet_r,388
5113,463,bucket,imagenet_r,172
5114,463,bucket,imagenet_r,288
5115,463,bucket,imagenet_r,359
5116,464,buckle,imagenet,464
5117,464,buckle,imagenet,27
5118,464,buckle,imagenet,464
5119,652,military_uniform,imagenet,18
5120,467,butcher_shop,imagenet,3
5121,467,butcher_shop,imagenet,3
5122,467,butcher_shop,imagenet,87
5123,467,butcher_shop,imagenet,3
5124,467,butcher_shop,imagenet,3
5125,467,butcher_shop,imagenet,3
5126,467,butcher_shop,imagenet,87
5127,467,butcher_shop,imagenet,713
5128,467,butcher_shop,imagenet,3
5129,467,butcher_shop,imagenet,87
5130,467,butcher_shop,imagenet,3
5131,469,caldron,imagenet_sketch,5
5132,469,caldron,imagenet_sketch,5
5133,469,caldron,imagenet_sketch,6
5134,469,caldron,imagenet_sketch,5
5135,469,caldron,imagenet,735
5136,469,caldron,imagenet,191
5137,469,caldron,imagenet,804
5138,469,caldron,imagenet,191
5139,469,caldron,imagenet,735
5140,469,caldron,imagenet,804
5141,469,caldron,imagenet,191
5142,469,caldron,imagenet,735
5143,469,caldron,imagenet,804
5144,469,caldron,imagenet,524
5145,469,caldron,imagenet,735
5146,469,caldron,imagenet,424
5147,469,caldron,imagenet,191
5148,469,caldron,imagenet,804
5149,469,caldron,imagenet,735
5150,469,caldron,imagenet,191
5151,469,caldron,imagenet,735
5152,469,caldron,imagenet,191
5153,469,caldron,imagenet_r,665
5154,470,candle,objectnet,597
5155,470,candle,objectnet,7
5156,470,candle,objectnet,7
5157,470,candle,objectnet,7
5158,470,candle,objectnet,10
5159,470,candle,objectnet,630
5160,470,candle,objectnet,762
5161,470,candle,objectnet,7
5162,470,candle,objectnet,708
5163,470,candle,objectnet,15
5164,470,candle,objectnet,622
5165,470,candle,objectnet,691
5166,470,candle,objectnet,15
5167,470,candle,objectnet,59
5168,470,candle,objectnet,20
5169,470,candle,objectnet,597
5170,470,candle,objectnet,605
5171,532,dining_table,imagenet,107
5172,470,candle,imagenet,676
5173,470,candle,imagenet,23
5174,470,candle,imagenet,676
5175,470,candle,imagenet,676
5176,471,cannon,imagenet,551
5177,471,cannon,imagenet_r,25
5178,471,cannon,imagenet_r,412
5179,473,can_opener,imagenet_sketch,28
5180,473,can_opener,imagenet_sketch,28
5181,473,can_opener,imagenet_sketch,788
5182,473,can_opener,imagenet_sketch,29
5183,473,can_opener,imagenet_sketch,51
5184,473,can_opener,objectnet,764
5185,473,can_opener,objectnet,655
5186,473,can_opener,objectnet,602
5187,473,can_opener,objectnet,602
5188,473,can_opener,objectnet,32
5189,473,can_opener,objectnet,32
5190,473,can_opener,objectnet,33
5191,473,can_opener,objectnet,15
5192,473,can_opener,objectnet,34
5193,473,can_opener,objectnet,703
5194,473,can_opener,objectnet,622
5195,473,can_opener,imagenet,675
5196,473,can_opener,imagenet,578
5197,473,can_opener,imagenet,675
5198,473,can_opener,imagenet,578
5199,473,can_opener,imagenet,296
5200,473,can_opener,imagenet,675
5201,473,can_opener,imagenet,683
5202,473,can_opener,imagenet,35
5203,473,can_opener,imagenet,578
5204,473,can_opener,imagenet,675
5205,473,can_opener,imagenet,675
5206,473,can_opener,imagenet,678
5207,473,can_opener,imagenet,35
5208,473,can_opener,imagenet,675
5209,473,can_opener,imagenet,578
5210,473,can_opener,imagenet,675
5211,473,can_opener,imagenet,675
5212,473,can_opener,imagenet,296
5213,474,cardigan,imagenet_sketch,760
5214,474,cardigan,imagenet_sketch,760
5215,474,cardigan,imagenet_sketch,36
5216,474,cardigan,imagenet_sketch,760
5217,474,cardigan,imagenet_sketch,760
5218,474,cardigan,imagenet,686
5219,476,carousel,imagenet_r,647
5220,479,car_wheel,imagenet_sketch,243
5221,479,car_wheel,objectnet,675
5222,479,car_wheel,objectnet,620
5223,479,car_wheel,objectnet,7
5224,479,car_wheel,objectnet,37
5225,479,car_wheel,objectnet,7
5226,479,car_wheel,objectnet,38
5227,479,car_wheel,objectnet,39
5228,479,car_wheel,objectnet,44
5229,479,car_wheel,objectnet,38
5230,479,car_wheel,objectnet,39
5231,479,car_wheel,objectnet,7
5232,479,car_wheel,objectnet,38
5233,479,car_wheel,objectnet,608
5234,479,car_wheel,objectnet,619
5235,479,car_wheel,objectnet,681
5236,479,car_wheel,objectnet,47
5237,479,car_wheel,objectnet,38
5238,479,car_wheel,objectnet,296
5239,479,car_wheel,objectnet,623
5240,479,car_wheel,objectnet,7
5241,479,car_wheel,objectnet,603
5242,479,car_wheel,objectnet,531
5243,479,car_wheel,objectnet,739
5244,479,car_wheel,objectnet,33
5245,518,crash_helmet,imagenet,447
5246,518,crash_helmet,imagenet,447
5247,479,car_wheel,imagenet,345
5248,479,car_wheel,imagenet,533
5249,518,crash_helmet,imagenet,447
5250,479,car_wheel,imagenet,533
5251,480,cash_machine,imagenet_sketch,240
5252,480,cash_machine,imagenet_sketch,601
5253,480,cash_machine,imagenet_sketch,53
5254,480,cash_machine,imagenet_sketch,239
5255,480,cash_machine,imagenet_sketch,240
5256,480,cash_machine,imagenet_sketch,601
5257,480,cash_machine,imagenet_sketch,53
5258,480,cash_machine,imagenet,126
5259,480,cash_machine,imagenet,126
5260,480,cash_machine,imagenet,126
5261,480,cash_machine,imagenet,126
5262,480,cash_machine,imagenet,126
5263,480,cash_machine,imagenet,126
5264,480,cash_machine,imagenet,126
5265,481,cassette,imagenet_sketch,54
5266,481,cassette,imagenet,57
5267,481,cassette,imagenet,57
5268,481,cassette,imagenet,57
5269,482,cassette_player,imagenet_sketch,323
5270,482,cassette_player,imagenet,512
5271,482,cassette_player,imagenet,752
5272,482,cassette_player,imagenet,167
5273,482,cassette_player,imagenet,512
5274,482,cassette_player,imagenet,752
5275,482,cassette_player,imagenet,59
5276,482,cassette_player,imagenet,512
5277,482,cassette_player,imagenet,61
5278,482,cassette_player,imagenet,752
5279,482,cassette_player,imagenet,167
5280,482,cassette_player,imagenet,61
5281,482,cassette_player,imagenet,512
5282,482,cassette_player,imagenet,591
5283,482,cassette_player,imagenet,61
5284,482,cassette_player,imagenet,752
5285,482,cassette_player,imagenet,59
5286,482,cassette_player,imagenet,512
5287,482,cassette_player,imagenet,752
5288,482,cassette_player,imagenet,512
5289,482,cassette_player,imagenet,61
5290,482,cassette_player,imagenet,752
5291,482,cassette_player,imagenet,167
5292,482,cassette_player,imagenet,61
5293,482,cassette_player,imagenet,512
5294,482,cassette_player,imagenet,752
5295,482,cassette_player,imagenet,54
5296,482,cassette_player,imagenet,167
5297,482,cassette_player,imagenet,61
5298,482,cassette_player,imagenet,59
5299,483,castle,imagenet,805
5300,483,castle,imagenet,805
5301,483,castle,imagenet,805
5302,738,pot,imagenet,716
5303,738,pot,imagenet,716
5304,483,castle,imagenet,583
5305,483,castle,imagenet,805
5306,483,castle,imagenet,805
5307,483,castle,imagenet_r,27
5308,483,castle,imagenet,805
5309,483,castle,imagenet,716
5310,738,pot,imagenet,716
5311,484,catamaran,imagenet_sketch,326
5312,484,catamaran,imagenet_sketch,65
5313,484,catamaran,imagenet_sketch,326
5314,484,catamaran,imagenet_sketch,65
5315,484,catamaran,imagenet_sketch,778
5316,484,catamaran,imagenet_sketch,326
5317,484,catamaran,imagenet_sketch,326
5318,484,catamaran,imagenet_sketch,65
5319,484,catamaran,imagenet_sketch,225
5320,484,catamaran,imagenet_sketch,778
5321,484,catamaran,imagenet_sketch,65
5322,484,catamaran,imagenet_sketch,65
5323,484,catamaran,imagenet,66
5324,484,catamaran,imagenet,66
5325,484,catamaran,imagenet,70
5326,484,catamaran,imagenet,66
5327,484,catamaran,imagenet,66
5328,484,catamaran,imagenet,326
5329,484,catamaran,imagenet,66
5330,484,catamaran,imagenet,704
5331,484,catamaran,imagenet,66
5332,484,catamaran,imagenet,66
5333,484,catamaran,imagenet,66
5334,484,catamaran,imagenet,66
5335,485,CD_player,imagenet_sketch,208
5336,485,CD_player,imagenet_sketch,73
5337,487,cellular_telephone,objectnet,602
5338,487,cellular_telephone,objectnet,629
5339,488,chain,imagenet,77
5340,488,chain,imagenet,341
5341,488,chain,imagenet,153
5342,488,chain,imagenet,669
5343,488,chain,imagenet,213
5344,488,chain,imagenet,110
5345,488,chain,imagenet,669
5346,489,chainlink_fence,imagenet_sketch,719
5347,489,chainlink_fence,imagenet_sketch,82
5348,489,chainlink_fence,imagenet_sketch,719
5349,489,chainlink_fence,imagenet,161
5350,489,chainlink_fence,imagenet,161
5351,489,chainlink_fence,imagenet,161
5352,489,chainlink_fence,imagenet,772
5353,489,chainlink_fence,imagenet,161
5354,489,chainlink_fence,imagenet,110
5355,489,chainlink_fence,imagenet,126
5356,489,chainlink_fence,imagenet,161
5357,489,chainlink_fence,imagenet,772
5358,489,chainlink_fence,imagenet,161
5359,490,chain_mail,imagenet_sketch,25
5360,490,chain_mail,imagenet_sketch,340
5361,490,chain_mail,imagenet_sketch,551
5362,490,chain_mail,imagenet_sketch,25
5363,490,chain_mail,imagenet_sketch,340
5364,490,chain_mail,imagenet_sketch,84
5365,490,chain_mail,imagenet_sketch,25
5366,490,chain_mail,imagenet_sketch,340
5367,490,chain_mail,imagenet,529
5368,491,chain_saw,imagenet_sketch,544
5369,491,chain_saw,imagenet_sketch,92
5370,491,chain_saw,imagenet_sketch,544
5371,491,chain_saw,imagenet_sketch,92
5372,491,chain_saw,imagenet,118
5373,492,chest,imagenet_sketch,119
5374,492,chest,imagenet_sketch,119
5375,492,chest,imagenet_sketch,119
5376,492,chest,imagenet_sketch,119
5377,492,chest,imagenet,12
5378,492,chest,imagenet,94
5379,492,chest,imagenet,100
5380,492,chest,imagenet,361
5381,492,chest,imagenet,12
5382,492,chest,imagenet,101
5383,492,chest,imagenet,12
5384,492,chest,imagenet,18
5385,492,chest,imagenet,684
5386,492,chest,imagenet,705
5387,492,chest,imagenet,636
5388,492,chest,imagenet_a,388
5389,492,chest,imagenet,708
5390,493,chiffonier,imagenet,101
5391,493,chiffonier,imagenet_sketch,781
5392,493,chiffonier,imagenet_sketch,105
5393,493,chiffonier,imagenet_sketch,239
5394,851,television,imagenet,419
5395,493,chiffonier,imagenet,101
5396,493,chiffonier,imagenet,101
5397,493,chiffonier,imagenet,106
5398,493,chiffonier,imagenet,419
5399,493,chiffonier,imagenet,101
5400,493,chiffonier,imagenet,575
5401,493,chiffonier,imagenet,101
5402,493,chiffonier,imagenet,318
5403,493,chiffonier,imagenet,101
5404,493,chiffonier,imagenet,101
5405,494,chime,imagenet_sketch,86
5406,495,china_cabinet,imagenet_sketch,119
5407,495,china_cabinet,imagenet_sketch,756
5408,495,china_cabinet,imagenet_sketch,781
5409,532,dining_table,imagenet,105
5410,532,dining_table,imagenet,105
5411,495,china_cabinet,imagenet,684
5412,495,china_cabinet,imagenet,534
5413,532,dining_table,imagenet,105
5414,496,Christmas_stocking,imagenet_sketch,773
5415,497,church,imagenet,759
5416,498,cinema,imagenet_sketch,750
5417,498,cinema,imagenet_sketch,792
5418,498,cinema,imagenet_sketch,119
5419,498,cinema,imagenet_sketch,119
5420,498,cinema,imagenet_sketch,119
5421,498,cinema,imagenet_sketch,120
5422,498,cinema,imagenet_sketch,750
5423,498,cinema,imagenet_sketch,792
5424,498,cinema,imagenet_sketch,119
5425,498,cinema,imagenet_sketch,119
5426,498,cinema,imagenet_sketch,119
5427,498,cinema,imagenet_sketch,120
5428,499,cleaver,objectnet,628
5429,499,cleaver,objectnet,83
5430,499,cleaver,objectnet,514
5431,499,cleaver,objectnet,605
5432,499,cleaver,objectnet,535
5433,499,cleaver,objectnet,628
5434,499,cleaver,objectnet,253
5435,499,cleaver,objectnet,655
5436,499,cleaver,imagenet,122
5437,499,cleaver,imagenet,123
5438,499,cleaver,imagenet,351
5439,499,cleaver,imagenet,287
5440,499,cleaver,imagenet,656
5441,500,cliff_dwelling,imagenet_sketch,141
5442,501,cloak,imagenet,772
5443,501,cloak,imagenet,772
5444,501,cloak,imagenet,772
5445,501,cloak,imagenet,772
5446,501,cloak,imagenet,772
5447,501,cloak,imagenet,772
5448,502,clog,imagenet,144
5449,502,clog,imagenet,144
5450,502,clog,imagenet,144
5451,502,clog,imagenet,144
5452,502,clog,imagenet,144
5453,502,clog,imagenet_sketch,801
5454,502,clog,imagenet_sketch,144
5455,502,clog,imagenet_sketch,147
5456,502,clog,imagenet_sketch,144
5457,502,clog,imagenet,144
5458,502,clog,imagenet,144
5459,502,clog,imagenet,144
5460,502,clog,imagenet,144
5461,502,clog,imagenet,144
5462,502,clog,imagenet,144
5463,502,clog,imagenet,144
5464,502,clog,imagenet,144
5465,502,clog,imagenet,144
5466,502,clog,imagenet,144
5467,502,clog,imagenet,144
5468,502,clog,imagenet,144
5469,502,clog,imagenet,144
5470,502,clog,imagenet,144
5471,774,sandal,imagenet,151
5472,502,clog,imagenet,144
5473,502,clog,imagenet,144
5474,502,clog,imagenet,241
5475,502,clog,imagenet,144
5476,502,clog,imagenet,144
5477,502,clog,imagenet,144
5478,502,clog,imagenet,144
5479,502,clog,imagenet,144
5480,502,clog,imagenet,144
5481,502,clog,imagenet,144
5482,502,clog,imagenet,144
5483,502,clog,imagenet,144
5484,502,clog,imagenet,144
5485,502,clog,imagenet,144
5486,503,cocktail_shaker,imagenet_sketch,25
5487,503,cocktail_shaker,imagenet,712
5488,504,coffee_mug,objectnet,152
5489,504,coffee_mug,objectnet,597
5490,504,coffee_mug,objectnet,476
5491,504,coffee_mug,objectnet,154
5492,504,coffee_mug,objectnet,152
5493,504,coffee_mug,objectnet,152
5494,504,coffee_mug,objectnet,152
5495,504,coffee_mug,objectnet,616
5496,504,coffee_mug,objectnet,152
5497,504,coffee_mug,objectnet,604
5498,504,coffee_mug,objectnet,654
5499,504,coffee_mug,objectnet,790
5500,504,coffee_mug,objectnet,155
5501,504,coffee_mug,objectnet,24
5502,504,coffee_mug,objectnet,651
5503,504,coffee_mug,objectnet,37
5504,504,coffee_mug,objectnet,152
5505,504,coffee_mug,objectnet,454
5506,504,coffee_mug,objectnet,152
5507,504,coffee_mug,objectnet,152
5508,504,coffee_mug,objectnet,763
5509,504,coffee_mug,objectnet,156
5510,504,coffee_mug,objectnet,159
5511,504,coffee_mug,objectnet,152
5512,504,coffee_mug,objectnet,162
5513,505,coffeepot,imagenet_sketch,165
5514,505,coffeepot,imagenet_sketch,165
5515,505,coffeepot,imagenet_sketch,165
5516,505,coffeepot,imagenet_sketch,455
5517,505,coffeepot,imagenet_sketch,165
5518,505,coffeepot,imagenet_sketch,165
5519,505,coffeepot,imagenet_sketch,167
5520,505,coffeepot,imagenet_sketch,577
5521,505,coffeepot,imagenet,165
5522,849,teapot,imagenet,588
5523,505,coffeepot,imagenet,165
5524,505,coffeepot,imagenet,165
5525,505,coffeepot,imagenet,165
5526,505,coffeepot,imagenet,165
5527,505,coffeepot,imagenet,165
5528,849,teapot,imagenet,213
5529,505,coffeepot,imagenet,165
5530,505,coffeepot,imagenet,165
5531,506,coil,imagenet_sketch,287
5532,506,coil,imagenet,424
5533,506,coil,imagenet,780
5534,506,coil,imagenet,780
5535,506,coil,imagenet,169
5536,507,combination_lock,imagenet_sketch,675
5537,507,combination_lock,imagenet,720
5538,507,combination_lock,objectnet,681
5539,507,combination_lock,objectnet,617
5540,507,combination_lock,objectnet,502
5541,507,combination_lock,objectnet,617
5542,507,combination_lock,objectnet,615
5543,507,combination_lock,objectnet,614
5544,507,combination_lock,objectnet,597
5545,507,combination_lock,objectnet,34
5546,507,combination_lock,objectnet,617
5547,507,combination_lock,objectnet,34
5548,507,combination_lock,objectnet,37
5549,507,combination_lock,objectnet,614
5550,507,combination_lock,objectnet,614
5551,507,combination_lock,objectnet,514
5552,507,combination_lock,objectnet,514
5553,507,combination_lock,objectnet,614
5554,507,combination_lock,objectnet,514
5555,507,combination_lock,objectnet,697
5556,507,combination_lock,objectnet,34
5557,507,combination_lock,objectnet,763
5558,507,combination_lock,objectnet,15
5559,507,combination_lock,objectnet,616
5560,507,combination_lock,objectnet,34
5561,507,combination_lock,objectnet,617
5562,507,combination_lock,objectnet,617
5563,507,combination_lock,objectnet,681
5564,507,combination_lock,objectnet,15
5565,507,combination_lock,objectnet,602
5566,507,combination_lock,objectnet,34
5567,507,combination_lock,objectnet,602
5568,507,combination_lock,objectnet,10
5569,507,combination_lock,imagenet,720
5570,507,combination_lock,imagenet,720
5571,507,combination_lock,imagenet,661
5572,507,combination_lock,imagenet,720
5573,507,combination_lock,imagenet,175
5574,507,combination_lock,imagenet,661
5575,507,combination_lock,imagenet,508
5576,508,computer_keyboard,objectnet,618
5577,508,computer_keyboard,objectnet,83
5578,508,computer_keyboard,objectnet,618
5579,508,computer_keyboard,objectnet,621
5580,508,computer_keyboard,objectnet,621
5581,508,computer_keyboard,objectnet,602
5582,508,computer_keyboard,objectnet,604
5583,508,computer_keyboard,objectnet,599
5584,508,computer_keyboard,objectnet,622
5585,508,computer_keyboard,objectnet,563
5586,508,computer_keyboard,objectnet,593
5587,508,computer_keyboard,objectnet,476
5588,508,computer_keyboard,objectnet,618
5589,508,computer_keyboard,objectnet,615
5590,508,computer_keyboard,objectnet,31
5591,508,computer_keyboard,objectnet,454
5592,508,computer_keyboard,objectnet,766
5593,508,computer_keyboard,objectnet,83
5594,508,computer_keyboard,objectnet,602
5595,508,computer_keyboard,objectnet,703
5596,508,computer_keyboard,objectnet,766
5597,508,computer_keyboard,objectnet,83
5598,508,computer_keyboard,objectnet,626
5599,508,computer_keyboard,imagenet,4
5600,509,confectionery,imagenet_sketch,545
5601,509,confectionery,imagenet_sketch,177
5602,509,confectionery,imagenet_sketch,177
5603,509,confectionery,imagenet_sketch,177
5604,509,confectionery,imagenet_sketch,177
5605,509,confectionery,imagenet_sketch,177
5606,509,confectionery,imagenet_sketch,177
5607,509,confectionery,imagenet_sketch,177
5608,509,confectionery,imagenet_sketch,177
5609,509,confectionery,imagenet_sketch,177
5610,509,confectionery,imagenet_sketch,455
5611,511,convertible,imagenet_sketch,65
5612,511,convertible,imagenet_sketch,65
5613,512,corkscrew,imagenet,35
5614,512,corkscrew,imagenet,35
5615,512,corkscrew,imagenet,686
5616,512,corkscrew,imagenet,35
5617,512,corkscrew,imagenet,35
5618,512,corkscrew,imagenet,184
5619,512,corkscrew,imagenet,686
5620,512,corkscrew,imagenet,35
5621,512,corkscrew,imagenet,35
5622,512,corkscrew,imagenet,35
5623,513,cornet,imagenet,786
5624,513,cornet,imagenet,786
5625,513,cornet,imagenet,724
5626,513,cornet,imagenet,786
5627,513,cornet,imagenet,786
5628,515,cowboy_hat,imagenet_sketch,234
5629,515,cowboy_hat,imagenet,294
5630,517,crane,imagenet_sketch,664
5631,517,crane,imagenet,188
5632,517,crane,imagenet,474
5633,517,crane,imagenet,188
5634,517,crane,imagenet,474
5635,517,crane,imagenet,188
5636,517,crane,imagenet,474
5637,517,crane,imagenet,188
5638,518,crash_helmet,imagenet_sketch,730
5639,518,crash_helmet,imagenet_sketch,730
5640,519,crate,imagenet,736
5641,519,crate,imagenet,108
5642,519,crate,imagenet,190
5643,519,crate,imagenet,108
5644,519,crate,imagenet,108
5645,520,crib,imagenet_sketch,119
5646,521,Crock_Pot,imagenet_sketch,13
5647,521,Crock_Pot,imagenet_sketch,13
5648,521,Crock_Pot,imagenet,191
5649,521,Crock_Pot,imagenet,193
5650,521,Crock_Pot,imagenet,191
5651,521,Crock_Pot,imagenet,191
5652,521,Crock_Pot,imagenet,193
5653,521,Crock_Pot,imagenet,16
5654,521,Crock_Pot,imagenet,193
5655,521,Crock_Pot,imagenet,643
5656,521,Crock_Pot,imagenet,16
5657,521,Crock_Pot,imagenet,191
5658,521,Crock_Pot,imagenet,191
5659,521,Crock_Pot,imagenet,191
5660,521,Crock_Pot,imagenet,193
5661,521,Crock_Pot,imagenet,191
5662,523,crutch,imagenet,201
5663,842,swimming_trunks,imagenet,92
5664,524,cuirass,imagenet_sketch,637
5665,524,cuirass,imagenet_sketch,363
5666,524,cuirass,imagenet_sketch,127
5667,524,cuirass,imagenet,94
5668,524,cuirass,imagenet,94
5669,524,cuirass,imagenet,94
5670,524,cuirass,imagenet,94
5671,524,cuirass,imagenet,94
5672,525,dam,imagenet_sketch,141
5673,525,dam,imagenet_sketch,400
5674,526,desk,imagenet_sketch,781
5675,526,desk,imagenet,375
5676,528,dial_telephone,imagenet,47
5677,528,dial_telephone,imagenet,47
5678,528,dial_telephone,imagenet,47
5679,528,dial_telephone,imagenet,47
5680,528,dial_telephone,imagenet,202
5681,528,dial_telephone,imagenet,47
5682,528,dial_telephone,imagenet,47
5683,528,dial_telephone,imagenet,47
5684,529,diaper,imagenet_sketch,203
5685,529,diaper,imagenet_sketch,806
5686,529,diaper,imagenet_sketch,203
5687,529,diaper,imagenet_sketch,203
5688,529,diaper,imagenet_sketch,203
5689,529,diaper,imagenet_sketch,745
5690,529,diaper,imagenet_sketch,323
5691,529,diaper,imagenet_sketch,203
5692,529,diaper,imagenet_sketch,380
5693,529,diaper,imagenet_sketch,323
5694,529,diaper,imagenet_sketch,775
5695,529,diaper,imagenet_sketch,203
5696,529,diaper,imagenet_sketch,148
5697,529,diaper,imagenet,206
5698,529,diaper,imagenet,206
5699,529,diaper,imagenet,206
5700,529,diaper,imagenet,443
5701,529,diaper,imagenet,206
5702,529,diaper,imagenet,206
5703,529,diaper,imagenet,206
5704,530,digital_clock,imagenet_sketch,444
5705,530,digital_clock,imagenet,209
5706,530,digital_clock,imagenet,61
5707,530,digital_clock,imagenet,209
5708,530,digital_clock,imagenet,61
5709,530,digital_clock,imagenet,209
5710,530,digital_clock,imagenet,61
5711,531,digital_watch,objectnet,34
5712,531,digital_watch,objectnet,34
5713,531,digital_watch,objectnet,655
5714,531,digital_watch,objectnet,751
5715,533,dishrag,imagenet_sketch,351
5716,533,dishrag,imagenet_sketch,211
5717,533,dishrag,imagenet_sketch,351
5718,533,dishrag,imagenet_sketch,211
5719,533,dishrag,imagenet_sketch,519
5720,533,dishrag,imagenet_sketch,351
5721,533,dishrag,objectnet,214
5722,533,dishrag,objectnet,628
5723,533,dishrag,objectnet,216
5724,533,dishrag,objectnet,603
5725,533,dishrag,objectnet,616
5726,533,dishrag,objectnet,155
5727,533,dishrag,objectnet,217
5728,533,dishrag,objectnet,217
5729,533,dishrag,objectnet,682
5730,533,dishrag,objectnet,799
5731,533,dishrag,objectnet,53
5732,533,dishrag,objectnet,219
5733,533,dishrag,objectnet,220
5734,533,dishrag,objectnet,603
5735,533,dishrag,objectnet,604
5736,533,dishrag,objectnet,304
5737,533,dishrag,objectnet,593
5738,533,dishrag,objectnet,415
5739,533,dishrag,objectnet,154
5740,533,dishrag,objectnet,407
5741,533,dishrag,objectnet,682
5742,533,dishrag,objectnet,155
5743,533,dishrag,objectnet,681
5744,533,dishrag,objectnet,415
5745,533,dishrag,objectnet,407
5746,533,dishrag,objectnet,222
5747,533,dishrag,objectnet,739
5748,533,dishrag,objectnet,154
5749,533,dishrag,objectnet,739
5750,533,dishrag,objectnet,223
5751,533,dishrag,objectnet,797
5752,533,dishrag,objectnet,217
5753,533,dishrag,objectnet,44
5754,533,dishrag,objectnet,605
5755,533,dishrag,objectnet,514
5756,533,dishrag,objectnet,708
5757,533,dishrag,objectnet,226
5758,533,dishrag,objectnet,156
5759,533,dishrag,objectnet,217
5760,533,dishrag,objectnet,739
5761,533,dishrag,objectnet,147
5762,533,dishrag,objectnet,700
5763,533,dishrag,objectnet,615
5764,533,dishrag,objectnet,597
5765,533,dishrag,objectnet,476
5766,533,dishrag,objectnet,235
5767,533,dishrag,objectnet,620
5768,533,dishrag,objectnet,220
5769,533,dishrag,objectnet,605
5770,533,dishrag,objectnet,651
5771,533,dishrag,objectnet,31
5772,533,dishrag,objectnet,476
5773,533,dishrag,objectnet,193
5774,533,dishrag,objectnet,155
5775,533,dishrag,objectnet,739
5776,533,dishrag,objectnet,155
5777,533,dishrag,objectnet,415
5778,533,dishrag,objectnet,599
5779,533,dishrag,objectnet,701
5780,533,dishrag,objectnet,594
5781,533,dishrag,objectnet,235
5782,533,dishrag,objectnet,612
5783,533,dishrag,objectnet,596
5784,533,dishrag,objectnet,594
5785,533,dishrag,objectnet,607
5786,534,dishwasher,imagenet_sketch,65
5787,534,dishwasher,imagenet_sketch,65
5788,534,dishwasher,imagenet_sketch,65
5789,534,dishwasher,imagenet_sketch,237
5790,534,dishwasher,imagenet_sketch,733
5791,534,dishwasher,imagenet_sketch,65
5792,534,dishwasher,imagenet_sketch,238
5793,534,dishwasher,imagenet_sketch,53
5794,534,dishwasher,imagenet_sketch,239
5795,534,dishwasher,imagenet_sketch,237
5796,534,dishwasher,imagenet_sketch,733
5797,534,dishwasher,imagenet_sketch,65
5798,534,dishwasher,imagenet_sketch,237
5799,534,dishwasher,imagenet,241
5800,729,plate_rack,imagenet,341
5801,534,dishwasher,imagenet,201
5802,534,dishwasher,imagenet,241
5803,534,dishwasher,imagenet,201
5804,534,dishwasher,imagenet,21
5805,534,dishwasher,imagenet,589
5806,534,dishwasher,imagenet,589
5807,534,dishwasher,imagenet,241
5808,534,dishwasher,imagenet,241
5809,534,dishwasher,imagenet,201
5810,535,disk_brake,imagenet_sketch,710
5811,535,disk_brake,imagenet_sketch,710
5812,535,disk_brake,imagenet,250
5813,536,dock,imagenet,252
5814,536,dock,imagenet_sketch,757
5815,536,dock,imagenet_sketch,257
5816,536,dock,imagenet_sketch,757
5817,536,dock,imagenet,252
5818,536,dock,imagenet,252
5819,536,dock,imagenet,213
5820,536,dock,imagenet,591
5821,536,dock,imagenet,252
5822,536,dock,imagenet,418
5823,536,dock,imagenet,252
5824,536,dock,imagenet,252
5825,536,dock,imagenet,326
5826,536,dock,imagenet,252
5827,536,dock,imagenet,326
5828,539,doormat,imagenet_sketch,212
5829,539,doormat,imagenet_sketch,610
5830,539,doormat,imagenet_sketch,727
5831,539,doormat,imagenet_sketch,163
5832,539,doormat,imagenet_sketch,277
5833,539,doormat,imagenet_sketch,40
5834,539,doormat,imagenet_sketch,544
5835,539,doormat,imagenet_sketch,462
5836,539,doormat,imagenet_sketch,792
5837,539,doormat,imagenet_sketch,160
5838,539,doormat,imagenet_sketch,785
5839,539,doormat,imagenet_sketch,462
5840,539,doormat,imagenet_sketch,520
5841,539,doormat,imagenet_sketch,250
5842,539,doormat,imagenet_sketch,240
5843,539,doormat,imagenet_sketch,176
5844,539,doormat,imagenet_sketch,472
5845,539,doormat,imagenet_sketch,259
5846,539,doormat,imagenet_sketch,461
5847,539,doormat,imagenet_sketch,40
5848,539,doormat,imagenet_sketch,239
5849,539,doormat,imagenet_sketch,535
5850,539,doormat,imagenet_sketch,557
5851,539,doormat,imagenet_sketch,584
5852,539,doormat,imagenet_sketch,105
5853,539,doormat,imagenet_sketch,40
5854,539,doormat,imagenet_sketch,463
5855,539,doormat,imagenet_sketch,436
5856,539,doormat,imagenet_sketch,720
5857,539,doormat,imagenet_sketch,535
5858,539,doormat,imagenet_sketch,116
5859,539,doormat,imagenet_sketch,461
5860,539,doormat,objectnet,620
5861,539,doormat,objectnet,633
5862,539,doormat,objectnet,261
5863,539,doormat,objectnet,690
5864,539,doormat,objectnet,616
5865,539,doormat,objectnet,599
5866,539,doormat,objectnet,262
5867,539,doormat,imagenet,31
5868,539,doormat,imagenet,263
5869,539,doormat,imagenet,245
5870,539,doormat,imagenet,180
5871,539,doormat,imagenet,269
5872,539,doormat,imagenet,419
5873,539,doormat,imagenet,144
5874,539,doormat,imagenet,98
5875,539,doormat,imagenet,275
5876,539,doormat,imagenet,224
5877,539,doormat,imagenet,84
5878,539,doormat,imagenet,269
5879,539,doormat,imagenet_a,263
5880,539,doormat,imagenet_a,514
5881,540,drilling_platform,imagenet_sketch,590
5882,540,drilling_platform,imagenet_sketch,778
5883,542,drumstick,imagenet,686
5884,542,drumstick,imagenet,687
5885,542,drumstick,imagenet,283
5886,542,drumstick,imagenet_sketch,284
5887,542,drumstick,imagenet_sketch,284
5888,542,drumstick,imagenet_sketch,243
5889,542,drumstick,imagenet_sketch,679
5890,542,drumstick,imagenet_sketch,243
5891,542,drumstick,imagenet_sketch,284
5892,542,drumstick,imagenet_sketch,243
5893,542,drumstick,imagenet_sketch,284
5894,542,drumstick,imagenet_sketch,29
5895,542,drumstick,imagenet_sketch,243
5896,542,drumstick,imagenet,686
5897,542,drumstick,imagenet,687
5898,542,drumstick,imagenet,285
5899,542,drumstick,imagenet,285
5900,542,drumstick,imagenet,686
5901,542,drumstick,imagenet,687
5902,542,drumstick,imagenet,285
5903,542,drumstick,imagenet,284
5904,542,drumstick,imagenet,686
5905,542,drumstick,imagenet,687
5906,542,drumstick,imagenet,284
5907,542,drumstick,imagenet,686
5908,542,drumstick,imagenet,687
5909,542,drumstick,imagenet,284
5910,902,whistle,imagenet,686
5911,542,drumstick,imagenet,285
5912,542,drumstick,imagenet,117
5913,542,drumstick,imagenet,686
5914,542,drumstick,imagenet,285
5915,542,drumstick,imagenet,284
5916,542,drumstick,imagenet,289
5917,542,drumstick,imagenet,672
5918,542,drumstick,imagenet,550
5919,542,drumstick,imagenet,686
5920,542,drumstick,imagenet,687
5921,542,drumstick,imagenet,284
5922,542,drumstick,imagenet_a,748
5923,542,drumstick,imagenet_a,365
5924,543,dumbbell,imagenet_sketch,73
5925,543,dumbbell,imagenet_a,445
5926,544,Dutch_oven,imagenet,632
5927,544,Dutch_oven,imagenet,290
5928,544,Dutch_oven,imagenet_sketch,297
5929,544,Dutch_oven,imagenet_sketch,297
5930,544,Dutch_oven,imagenet_sketch,638
5931,544,Dutch_oven,imagenet_sketch,290
5932,544,Dutch_oven,imagenet_sketch,297
5933,544,Dutch_oven,imagenet_sketch,297
5934,544,Dutch_oven,imagenet_sketch,297
5935,544,Dutch_oven,imagenet,290
5936,544,Dutch_oven,imagenet,290
5937,544,Dutch_oven,imagenet,290
5938,544,Dutch_oven,imagenet,13
5939,544,Dutch_oven,imagenet,297
5940,544,Dutch_oven,imagenet,290
5941,544,Dutch_oven,imagenet,290
5942,544,Dutch_oven,imagenet,290
5943,545,electric_fan,imagenet,657
5944,545,electric_fan,objectnet,701
5945,545,electric_fan,objectnet,595
5946,545,electric_fan,objectnet,298
5947,545,electric_fan,objectnet,701
5948,545,electric_fan,objectnet,5
5949,545,electric_fan,objectnet,598
5950,545,electric_fan,imagenet,250
5951,545,electric_fan,imagenet,657
5952,545,electric_fan,imagenet,250
5953,546,electric_guitar,imagenet_sketch,697
5954,546,electric_guitar,imagenet,697
5955,547,electric_locomotive,imagenet_sketch,308
5956,548,entertainment_center,imagenet,781
5957,549,envelope,objectnet,316
5958,549,envelope,objectnet,631
5959,549,envelope,objectnet,275
5960,549,envelope,objectnet,316
5961,549,envelope,objectnet,476
5962,549,envelope,imagenet,318
5963,549,envelope,imagenet,318
5964,549,envelope,imagenet,148
5965,549,envelope,imagenet,318
5966,549,envelope,imagenet,318
5967,549,envelope,imagenet_a,151
5968,550,espresso_maker,imagenet_sketch,320
5969,550,espresso_maker,imagenet_sketch,320
5970,550,espresso_maker,imagenet_sketch,320
5971,550,espresso_maker,imagenet_sketch,320
5972,550,espresso_maker,imagenet_sketch,320
5973,550,espresso_maker,imagenet_sketch,320
5974,550,espresso_maker,imagenet_sketch,320
5975,550,espresso_maker,imagenet_sketch,320
5976,550,espresso_maker,imagenet_sketch,320
5977,550,espresso_maker,imagenet_sketch,320
5978,550,espresso_maker,imagenet_sketch,320
5979,550,espresso_maker,imagenet_sketch,320
5980,550,espresso_maker,imagenet_sketch,320
5981,550,espresso_maker,imagenet_sketch,320
5982,550,espresso_maker,imagenet_sketch,320
5983,550,espresso_maker,imagenet_sketch,320
5984,550,espresso_maker,imagenet_sketch,802
5985,550,espresso_maker,imagenet_sketch,320
5986,550,espresso_maker,imagenet_sketch,320
5987,550,espresso_maker,imagenet_sketch,320
5988,550,espresso_maker,imagenet_sketch,320
5989,550,espresso_maker,imagenet_sketch,320
5990,550,espresso_maker,imagenet_sketch,320
5991,550,espresso_maker,imagenet,320
5992,550,espresso_maker,imagenet,254
5993,550,espresso_maker,imagenet,60
5994,550,espresso_maker,imagenet,60
5995,550,espresso_maker,objectnet,298
5996,550,espresso_maker,objectnet,606
5997,550,espresso_maker,objectnet,37
5998,550,espresso_maker,objectnet,298
5999,550,espresso_maker,objectnet,634
6000,550,espresso_maker,objectnet,655
6001,550,espresso_maker,objectnet,159
6002,550,espresso_maker,objectnet,628
6003,550,espresso_maker,objectnet,162
6004,550,espresso_maker,objectnet,32
6005,550,espresso_maker,objectnet,622
6006,550,espresso_maker,objectnet,606
6007,550,espresso_maker,objectnet,606
6008,550,espresso_maker,objectnet,602
6009,550,espresso_maker,objectnet,655
6010,550,espresso_maker,objectnet,795
6011,550,espresso_maker,objectnet,502
6012,550,espresso_maker,objectnet,655
6013,550,espresso_maker,objectnet,606
6014,550,espresso_maker,objectnet,39
6015,550,espresso_maker,objectnet,320
6016,550,espresso_maker,objectnet,605
6017,550,espresso_maker,objectnet,298
6018,550,espresso_maker,objectnet,764
6019,550,espresso_maker,objectnet,608
6020,550,espresso_maker,objectnet,162
6021,550,espresso_maker,objectnet,622
6022,550,espresso_maker,imagenet,60
6023,550,espresso_maker,imagenet,60
6024,550,espresso_maker,imagenet,60
6025,550,espresso_maker,imagenet,60
6026,550,espresso_maker,imagenet,254
6027,550,espresso_maker,imagenet,60
6028,550,espresso_maker,imagenet,60
6029,550,espresso_maker,imagenet,60
6030,550,espresso_maker,imagenet,60
6031,550,espresso_maker,imagenet,320
6032,550,espresso_maker,imagenet,254
6033,550,espresso_maker,imagenet,60
6034,550,espresso_maker,imagenet,60
6035,550,espresso_maker,imagenet,254
6036,550,espresso_maker,imagenet,60
6037,550,espresso_maker,imagenet,60
6038,550,espresso_maker,imagenet,60
6039,550,espresso_maker,imagenet,60
6040,550,espresso_maker,imagenet,254
6041,550,espresso_maker,imagenet,60
6042,550,espresso_maker,imagenet,60
6043,550,espresso_maker,imagenet,60
6044,550,espresso_maker,imagenet,60
6045,550,espresso_maker,imagenet,60
6046,550,espresso_maker,imagenet,320
6047,550,espresso_maker,imagenet,254
6048,550,espresso_maker,imagenet,60
6049,550,espresso_maker,imagenet,254
6050,550,espresso_maker,imagenet,60
6051,551,face_powder,imagenet_sketch,323
6052,552,feather_boa,imagenet,375
6053,552,feather_boa,imagenet,2
6054,552,feather_boa,imagenet,375
6055,552,feather_boa,imagenet,2
6056,552,feather_boa,imagenet,794
6057,552,feather_boa,imagenet,2
6058,552,feather_boa,imagenet,375
6059,553,file,imagenet_sketch,82
6060,553,file,imagenet_sketch,82
6061,553,file,imagenet_sketch,82
6062,553,file,imagenet_sketch,82
6063,553,file,imagenet_sketch,82
6064,554,fireboat,imagenet_sketch,545
6065,554,fireboat,imagenet_sketch,326
6066,554,fireboat,imagenet_sketch,545
6067,554,fireboat,imagenet_sketch,326
6068,555,fire_engine,imagenet_sketch,73
6069,556,fire_screen,imagenet,724
6070,738,pot,imagenet,724
6071,556,fire_screen,imagenet,328
6072,556,fire_screen,imagenet,803
6073,556,fire_screen,imagenet,636
6074,556,fire_screen,imagenet,724
6075,556,fire_screen,imagenet,803
6076,556,fire_screen,imagenet,636
6077,556,fire_screen,imagenet,724
6078,556,fire_screen,imagenet,803
6079,556,fire_screen,imagenet,636
6080,556,fire_screen,imagenet,724
6081,556,fire_screen,imagenet,419
6082,556,fire_screen,imagenet,507
6083,556,fire_screen,imagenet,724
6084,738,pot,imagenet,724
6085,556,fire_screen,imagenet,328
6086,556,fire_screen,imagenet,387
6087,556,fire_screen,imagenet,328
6088,556,fire_screen,imagenet,17
6089,556,fire_screen,imagenet,17
6090,556,fire_screen,imagenet,724
6091,556,fire_screen,imagenet,733
6092,556,fire_screen,imagenet,328
6093,556,fire_screen,imagenet,636
6094,738,pot,imagenet,724
6095,556,fire_screen,imagenet,328
6096,556,fire_screen,imagenet,777
6097,556,fire_screen,imagenet,636
6098,556,fire_screen,imagenet,635
6099,556,fire_screen,imagenet,724
6100,556,fire_screen,imagenet,803
6101,556,fire_screen,imagenet,636
6102,558,flute,imagenet,331
6103,558,flute,imagenet,331
6104,558,flute,imagenet,336
6105,558,flute,imagenet,336
6106,558,flute,imagenet,587
6107,558,flute,imagenet,331
6108,558,flute,imagenet,336
6109,463,bucket,imagenet,587
6110,559,folding_chair,imagenet,158
6111,463,bucket,imagenet,354
6112,560,football_helmet,objectnet,226
6113,560,football_helmet,objectnet,623
6114,560,football_helmet,objectnet,154
6115,560,football_helmet,objectnet,654
6116,560,football_helmet,objectnet,155
6117,561,forklift,imagenet_a,543
6118,562,fountain,imagenet_sketch,481
6119,564,four-poster,imagenet_sketch,82
6120,564,four-poster,imagenet_sketch,82
6121,564,four-poster,imagenet,224
6122,564,four-poster,imagenet,464
6123,564,four-poster,imagenet,224
6124,794,shower_curtain,imagenet,426
6125,564,four-poster,imagenet,105
6126,564,four-poster,imagenet,224
6127,564,four-poster,imagenet,600
6128,564,four-poster,imagenet,430
6129,564,four-poster,imagenet,511
6130,565,freight_car,imagenet_sketch,245
6131,565,freight_car,imagenet_sketch,245
6132,565,freight_car,imagenet_sketch,339
6133,565,freight_car,imagenet_sketch,245
6134,565,freight_car,imagenet_sketch,245
6135,566,French_horn,imagenet,341
6136,566,French_horn,imagenet,786
6137,566,French_horn,imagenet,341
6138,566,French_horn,imagenet,786
6139,566,French_horn,imagenet,727
6140,566,French_horn,imagenet,341
6141,566,French_horn,imagenet,624
6142,566,French_horn,imagenet,341
6143,566,French_horn,imagenet,786
6144,566,French_horn,imagenet,221
6145,566,French_horn,imagenet,624
6146,567,frying_pan,objectnet,594
6147,567,frying_pan,objectnet,616
6148,567,frying_pan,objectnet,739
6149,567,frying_pan,objectnet,32
6150,567,frying_pan,objectnet,797
6151,567,frying_pan,objectnet,606
6152,567,frying_pan,objectnet,633
6153,567,frying_pan,objectnet,628
6154,567,frying_pan,objectnet,604
6155,567,frying_pan,objectnet,633
6156,567,frying_pan,objectnet,20
6157,521,Crock_Pot,imagenet,101
6158,521,Crock_Pot,imagenet,101
6159,521,Crock_Pot,imagenet,101
6160,567,frying_pan,imagenet,610
6161,521,Crock_Pot,imagenet,101
6162,567,frying_pan,imagenet,361
6163,521,Crock_Pot,imagenet,101
6164,910,wooden_spoon,imagenet,191
6165,521,Crock_Pot,imagenet,101
6166,567,frying_pan,imagenet,610
6167,521,Crock_Pot,imagenet,101
6168,567,frying_pan,imagenet,610
6169,568,fur_coat,imagenet_sketch,760
6170,569,garbage_truck,imagenet,406
6171,570,gasmask,imagenet,17
6172,571,gas_pump,imagenet_sketch,258
6173,571,gas_pump,imagenet,569
6174,572,goblet,imagenet,88
6175,572,goblet,imagenet,770
6176,572,goblet,imagenet,348
6177,572,goblet,imagenet,88
6178,572,goblet,imagenet,348
6179,572,goblet,imagenet,88
6180,572,goblet,imagenet,152
6181,572,goblet,imagenet,770
6182,572,goblet,imagenet,770
6183,572,goblet,imagenet,348
6184,572,goblet,imagenet,88
6185,572,goblet,imagenet,348
6186,572,goblet,imagenet,88
6187,572,goblet,imagenet,770
6188,572,goblet,imagenet,348
6189,572,goblet,imagenet,88
6190,572,goblet,imagenet_a,770
6191,572,goblet,imagenet,348
6192,572,goblet,imagenet,88
6193,575,golfcart,imagenet_sketch,188
6194,576,gondola,imagenet_sketch,202
6195,576,gondola,imagenet_sketch,202
6196,577,gong,imagenet_sketch,73
6197,577,gong,imagenet_sketch,73
6198,577,gong,imagenet_sketch,73
6199,577,gong,imagenet_sketch,778
6200,577,gong,imagenet_sketch,73
6201,577,gong,imagenet_sketch,73
6202,577,gong,imagenet_sketch,73
6203,577,gong,imagenet_sketch,73
6204,577,gong,imagenet_sketch,73
6205,577,gong,imagenet_sketch,73
6206,577,gong,imagenet_sketch,73
6207,577,gong,imagenet_sketch,73
6208,577,gong,imagenet_sketch,73
6209,577,gong,imagenet_sketch,73
6210,578,gown,imagenet,488
6211,578,gown,imagenet,787
6212,578,gown,objectnet,739
6213,578,gown,objectnet,147
6214,578,gown,objectnet,147
6215,578,gown,objectnet,351
6216,578,gown,objectnet,604
6217,578,gown,imagenet,787
6218,578,gown,imagenet,787
6219,578,gown,imagenet,787
6220,578,gown,imagenet,787
6221,579,grand_piano,imagenet,255
6222,579,grand_piano,imagenet,255
6223,579,grand_piano,imagenet,255
6224,579,grand_piano,imagenet,255
6225,579,grand_piano,imagenet,255
6226,579,grand_piano,imagenet,721
6227,579,grand_piano,imagenet,255
6228,579,grand_piano,imagenet,255
6229,579,grand_piano,imagenet,255
6230,579,grand_piano,imagenet,255
6231,579,grand_piano,imagenet_a,58
6232,581,grille,imagenet_sketch,245
6233,582,grocery_store,imagenet,354
6234,582,grocery_store,imagenet_sketch,105
6235,582,grocery_store,imagenet,308
6236,582,grocery_store,imagenet,354
6237,582,grocery_store,imagenet,354
6238,582,grocery_store,imagenet,354
6239,582,grocery_store,imagenet,180
6240,582,grocery_store,imagenet,354
6241,582,grocery_store,imagenet,354
6242,583,guillotine,imagenet,716
6243,583,guillotine,imagenet,684
6244,583,guillotine,imagenet,736
6245,583,guillotine,imagenet,716
6246,583,guillotine,imagenet,151
6247,583,guillotine,imagenet,769
6248,584,hair_slide,imagenet,358
6249,584,hair_slide,imagenet,636
6250,584,hair_slide,imagenet,693
6251,584,hair_slide,imagenet,693
6252,584,hair_slide,imagenet,363
6253,584,hair_slide,imagenet,636
6254,584,hair_slide,imagenet,686
6255,584,hair_slide,imagenet,693
6256,584,hair_slide,imagenet,21
6257,584,hair_slide,imagenet,21
6258,584,hair_slide,imagenet,587
6259,584,hair_slide,imagenet,636
6260,584,hair_slide,imagenet,587
6261,584,hair_slide,imagenet,636
6262,585,hair_spray,imagenet_sketch,25
6263,585,hair_spray,imagenet_sketch,35
6264,586,half_track,imagenet,13
6265,587,hammer,imagenet,364
6266,587,hammer,imagenet,289
6267,587,hammer,objectnet,602
6268,587,hammer,objectnet,615
6269,587,hammer,objectnet,682
6270,587,hammer,objectnet,691
6271,587,hammer,objectnet,502
6272,587,hammer,imagenet,511
6273,587,hammer,imagenet,289
6274,587,hammer,imagenet,122
6275,587,hammer,imagenet,364
6276,587,hammer,imagenet,289
6277,587,hammer,imagenet,10
6278,587,hammer,imagenet,122
6279,587,hammer,imagenet,659
6280,587,hammer,imagenet,213
6281,769,rule,imagenet,289
6282,587,hammer,imagenet,736
6283,587,hammer,imagenet,289
6284,587,hammer,imagenet,122
6285,587,hammer,imagenet,367
6286,587,hammer,imagenet,624
6287,587,hammer,imagenet,686
6288,587,hammer,imagenet,289
6289,587,hammer,imagenet,122
6290,587,hammer,imagenet,289
6291,587,hammer,imagenet_r,586
6292,587,hammer,imagenet_r,47
6293,588,hamper,imagenet_sketch,212
6294,588,hamper,imagenet_sketch,592
6295,588,hamper,imagenet_sketch,368
6296,588,hamper,imagenet_sketch,766
6297,588,hamper,objectnet,415
6298,588,hamper,objectnet,795
6299,588,hamper,objectnet,372
6300,588,hamper,objectnet,39
6301,588,hamper,imagenet,213
6302,588,hamper,imagenet,684
6303,905,window_shade,imagenet,364
6304,589,hand_blower,imagenet_sketch,472
6305,589,hand_blower,imagenet_sketch,472
6306,589,hand_blower,imagenet_sketch,773
6307,589,hand_blower,imagenet_sketch,472
6308,589,hand_blower,imagenet_sketch,472
6309,589,hand_blower,imagenet_sketch,773
6310,589,hand_blower,imagenet_sketch,472
6311,589,hand_blower,imagenet_sketch,472
6312,589,hand_blower,imagenet_sketch,773
6313,589,hand_blower,imagenet_sketch,472
6314,589,hand_blower,imagenet_sketch,472
6315,589,hand_blower,imagenet_sketch,472
6316,589,hand_blower,imagenet_sketch,773
6317,589,hand_blower,imagenet_sketch,472
6318,589,hand_blower,imagenet,563
6319,589,hand_blower,imagenet,563
6320,589,hand_blower,imagenet,563
6321,589,hand_blower,imagenet,563
6322,589,hand_blower,imagenet,550
6323,589,hand_blower,imagenet,563
6324,590,hand-held_computer,imagenet_sketch,694
6325,590,hand-held_computer,imagenet_sketch,92
6326,590,hand-held_computer,imagenet_sketch,694
6327,590,hand-held_computer,imagenet_sketch,92
6328,590,hand-held_computer,imagenet_sketch,65
6329,590,hand-held_computer,imagenet_sketch,694
6330,590,hand-held_computer,imagenet_sketch,694
6331,590,hand-held_computer,imagenet_sketch,694
6332,590,hand-held_computer,imagenet,133
6333,590,hand-held_computer,imagenet,133
6334,590,hand-held_computer,imagenet,133
6335,590,hand-held_computer,imagenet,592
6336,590,hand-held_computer,imagenet,133
6337,590,hand-held_computer,imagenet,133
6338,591,handkerchief,imagenet_sketch,519
6339,591,handkerchief,imagenet_sketch,373
6340,591,handkerchief,imagenet,696
6341,591,handkerchief,imagenet,407
6342,591,handkerchief,imagenet,522
6343,591,handkerchief,imagenet,378
6344,591,handkerchief,imagenet,160
6345,591,handkerchief,imagenet,224
6346,591,handkerchief,imagenet,522
6347,591,handkerchief,imagenet,378
6348,591,handkerchief,imagenet,740
6349,591,handkerchief,imagenet,522
6350,591,handkerchief,imagenet,378
6351,591,handkerchief,imagenet,407
6352,593,harmonica,imagenet_sketch,641
6353,593,harmonica,imagenet_r,560
6354,595,harvester,imagenet_sketch,287
6355,595,harvester,imagenet_sketch,287
6356,596,hatchet,imagenet,557
6357,596,hatchet,imagenet,640
6358,596,hatchet,imagenet_r,602
6359,597,holster,imagenet_sketch,523
6360,597,holster,imagenet_sketch,523
6361,597,holster,imagenet_sketch,586
6362,597,holster,imagenet,723
6363,598,home_theater,imagenet_sketch,54
6364,598,home_theater,imagenet_sketch,54
6365,598,home_theater,imagenet_sketch,54
6366,598,home_theater,imagenet_sketch,54
6367,598,home_theater,imagenet_sketch,54
6368,598,home_theater,imagenet_sketch,54
6369,598,home_theater,imagenet_sketch,54
6370,598,home_theater,imagenet_sketch,54
6371,598,home_theater,imagenet_sketch,54
6372,598,home_theater,imagenet_sketch,54
6373,598,home_theater,imagenet_sketch,54
6374,598,home_theater,imagenet_sketch,54
6375,598,home_theater,imagenet_sketch,54
6376,598,home_theater,imagenet_sketch,54
6377,598,home_theater,imagenet_sketch,529
6378,598,home_theater,imagenet_sketch,54
6379,598,home_theater,imagenet_sketch,54
6380,598,home_theater,imagenet_sketch,54
6381,598,home_theater,imagenet_sketch,54
6382,598,home_theater,imagenet_sketch,54
6383,598,home_theater,imagenet,54
6384,598,home_theater,imagenet,54
6385,598,home_theater,imagenet,54
6386,598,home_theater,imagenet,54
6387,598,home_theater,imagenet,54
6388,598,home_theater,imagenet,54
6389,598,home_theater,imagenet,54
6390,599,honeycomb,imagenet_sketch,794
6391,599,honeycomb,imagenet_sketch,382
6392,599,honeycomb,imagenet,228
6393,599,honeycomb,imagenet,173
6394,599,honeycomb,imagenet,9
6395,599,honeycomb,imagenet,228
6396,599,honeycomb,imagenet,173
6397,599,honeycomb,imagenet,9
6398,599,honeycomb,imagenet,173
6399,599,honeycomb,imagenet,228
6400,599,honeycomb,imagenet,18
6401,599,honeycomb,imagenet,228
6402,599,honeycomb,imagenet,142
6403,599,honeycomb,imagenet,173
6404,599,honeycomb,imagenet,9
6405,599,honeycomb,imagenet,9
6406,599,honeycomb,imagenet,228
6407,599,honeycomb,imagenet,173
6408,599,honeycomb,imagenet,9
6409,599,honeycomb,imagenet,228
6410,600,hook,imagenet,393
6411,600,hook,imagenet,732
6412,600,hook,imagenet,732
6413,600,hook,imagenet,576
6414,600,hook,imagenet,507
6415,600,hook,imagenet,395
6416,600,hook,imagenet,705
6417,600,hook,imagenet,393
6418,600,hook,imagenet,396
6419,600,hook,imagenet,732
6420,600,hook,imagenet,576
6421,600,hook,imagenet,507
6422,600,hook,imagenet,395
6423,600,hook,imagenet,396
6424,600,hook,imagenet,507
6425,600,hook,imagenet,255
6426,600,hook,imagenet,398
6427,600,hook,imagenet,41
6428,600,hook,imagenet,393
6429,600,hook,imagenet,396
6430,600,hook,imagenet,398
6431,600,hook,imagenet,732
6432,600,hook,imagenet,732
6433,600,hook,imagenet,398
6434,600,hook,imagenet,224
6435,600,hook,imagenet,576
6436,600,hook,imagenet,507
6437,600,hook,imagenet,328
6438,600,hook,imagenet,395
6439,600,hook,imagenet,398
6440,600,hook,imagenet,393
6441,600,hook,imagenet,396
6442,600,hook,imagenet,398
6443,600,hook,imagenet,732
6444,600,hook,imagenet,732
6445,600,hook,imagenet,576
6446,600,hook,imagenet,507
6447,600,hook,imagenet,395
6448,600,hook,imagenet,398
6449,600,hook,imagenet,393
6450,600,hook,imagenet,396
6451,600,hook,imagenet,398
6452,600,hook,imagenet,732
6453,600,hook,imagenet,732
6454,600,hook,imagenet,398
6455,600,hook,imagenet,576
6456,600,hook,imagenet,507
6457,600,hook,imagenet,395
6458,600,hook,imagenet,396
6459,600,hook,imagenet,398
6460,600,hook,imagenet,398
6461,600,hook,imagenet,507
6462,600,hook,imagenet,395
6463,601,hoopskirt,imagenet_sketch,240
6464,601,hoopskirt,imagenet_sketch,400
6465,601,hoopskirt,objectnet,701
6466,601,hoopskirt,objectnet,596
6467,601,hoopskirt,objectnet,765
6468,601,hoopskirt,objectnet,605
6469,601,hoopskirt,objectnet,594
6470,601,hoopskirt,objectnet,223
6471,601,hoopskirt,objectnet,612
6472,601,hoopskirt,objectnet,399
6473,601,hoopskirt,objectnet,147
6474,601,hoopskirt,objectnet,193
6475,601,hoopskirt,objectnet,616
6476,601,hoopskirt,objectnet,404
6477,601,hoopskirt,objectnet,404
6478,601,hoopskirt,objectnet,534
6479,601,hoopskirt,objectnet,599
6480,601,hoopskirt,objectnet,216
6481,601,hoopskirt,objectnet,732
6482,601,hoopskirt,objectnet,594
6483,601,hoopskirt,objectnet,405
6484,601,hoopskirt,objectnet,223
6485,601,hoopskirt,objectnet,155
6486,601,hoopskirt,objectnet,404
6487,601,hoopskirt,objectnet,622
6488,601,hoopskirt,objectnet,633
6489,601,hoopskirt,objectnet,235
6490,601,hoopskirt,objectnet,765
6491,601,hoopskirt,objectnet,764
6492,601,hoopskirt,objectnet,216
6493,601,hoopskirt,objectnet,691
6494,601,hoopskirt,objectnet,219
6495,601,hoopskirt,objectnet,415
6496,601,hoopskirt,objectnet,226
6497,601,hoopskirt,objectnet,700
6498,601,hoopskirt,objectnet,226
6499,601,hoopskirt,objectnet,602
6500,601,hoopskirt,objectnet,219
6501,601,hoopskirt,objectnet,216
6502,601,hoopskirt,objectnet,622
6503,601,hoopskirt,objectnet,219
6504,601,hoopskirt,objectnet,155
6505,601,hoopskirt,objectnet,651
6506,601,hoopskirt,objectnet,220
6507,601,hoopskirt,objectnet,594
6508,601,hoopskirt,objectnet,219
6509,601,hoopskirt,objectnet,223
6510,601,hoopskirt,objectnet,415
6511,601,hoopskirt,objectnet,644
6512,601,hoopskirt,objectnet,235
6513,601,hoopskirt,objectnet,605
6514,601,hoopskirt,objectnet,454
6515,601,hoopskirt,objectnet,629
6516,601,hoopskirt,objectnet,765
6517,601,hoopskirt,objectnet,700
6518,601,hoopskirt,objectnet,695
6519,601,hoopskirt,objectnet,223
6520,601,hoopskirt,objectnet,701
6521,601,hoopskirt,objectnet,594
6522,601,hoopskirt,objectnet,690
6523,601,hoopskirt,objectnet,701
6524,601,hoopskirt,objectnet,612
6525,601,hoopskirt,objectnet,598
6526,601,hoopskirt,objectnet,404
6527,601,hoopskirt,objectnet,691
6528,601,hoopskirt,objectnet,32
6529,601,hoopskirt,objectnet,219
6530,601,hoopskirt,imagenet,399
6531,601,hoopskirt,imagenet,399
6532,601,hoopskirt,imagenet,399
6533,601,hoopskirt,imagenet,591
6534,601,hoopskirt,imagenet,399
6535,601,hoopskirt,imagenet,399
6536,601,hoopskirt,imagenet,399
6537,602,horizontal_bar,imagenet_sketch,373
6538,602,horizontal_bar,imagenet_sketch,373
6539,602,horizontal_bar,imagenet,744
6540,606,iron,objectnet,620
6541,606,iron,objectnet,598
6542,606,iron,objectnet,795
6543,606,iron,imagenet,408
6544,606,iron,imagenet,35
6545,606,iron,imagenet,773
6546,606,iron,imagenet,408
6547,606,iron,imagenet,408
6548,606,iron,imagenet,408
6549,608,jean,imagenet_sketch,455
6550,608,jean,objectnet,799
6551,608,jean,objectnet,599
6552,608,jean,objectnet,410
6553,608,jean,imagenet,566
6554,608,jean,imagenet,566
6555,864,tow_truck,imagenet,768
6556,864,tow_truck,imagenet,768
6557,609,jeep,imagenet,125
6558,864,tow_truck,imagenet,768
6559,609,jeep,imagenet,357
6560,864,tow_truck,imagenet,768
6561,864,tow_truck,imagenet,768
6562,864,tow_truck,imagenet,768
6563,609,jeep,imagenet_r,519
6564,864,tow_truck,imagenet,768
6565,610,jersey,imagenet_sketch,414
6566,610,jersey,objectnet,219
6567,610,jersey,objectnet,220
6568,610,jersey,objectnet,44
6569,610,jersey,objectnet,410
6570,610,jersey,objectnet,415
6571,610,jersey,objectnet,654
6572,610,jersey,objectnet,605
6573,610,jersey,objectnet,623
6574,610,jersey,objectnet,594
6575,610,jersey,objectnet,416
6576,610,jersey,objectnet,701
6577,610,jersey,objectnet,219
6578,610,jersey,objectnet,223
6579,610,jersey,objectnet,216
6580,610,jersey,objectnet,629
6581,610,jersey,objectnet,226
6582,610,jersey,imagenet,407
6583,611,jigsaw_puzzle,imagenet,160
6584,611,jigsaw_puzzle,imagenet,160
6585,611,jigsaw_puzzle,imagenet,160
6586,611,jigsaw_puzzle,imagenet,160
6587,611,jigsaw_puzzle,imagenet,160
6588,611,jigsaw_puzzle,imagenet,160
6589,612,jinrikisha,imagenet_sketch,236
6590,612,jinrikisha,imagenet_sketch,775
6591,612,jinrikisha,imagenet_sketch,708
6592,612,jinrikisha,imagenet_sketch,273
6593,612,jinrikisha,imagenet_sketch,775
6594,612,jinrikisha,imagenet_sketch,236
6595,612,jinrikisha,imagenet_sketch,208
6596,612,jinrikisha,imagenet_sketch,273
6597,612,jinrikisha,imagenet_sketch,455
6598,612,jinrikisha,imagenet_sketch,236
6599,612,jinrikisha,imagenet_sketch,236
6600,612,jinrikisha,imagenet_sketch,455
6601,612,jinrikisha,imagenet_sketch,273
6602,613,joystick,imagenet,511
6603,613,joystick,imagenet,529
6604,614,kimono,imagenet_sketch,25
6605,615,knee_pad,imagenet_sketch,794
6606,616,knot,imagenet,624
6607,616,knot,imagenet,27
6608,616,knot,imagenet,548
6609,616,knot,imagenet,624
6610,616,knot,imagenet,27
6611,616,knot,imagenet,27
6612,616,knot,imagenet,624
6613,616,knot,imagenet,118
6614,616,knot,imagenet,624
6615,616,knot,imagenet,27
6616,618,ladle,imagenet,425
6617,618,ladle,imagenet,89
6618,618,ladle,imagenet,424
6619,618,ladle,imagenet,458
6620,618,ladle,imagenet,259
6621,618,ladle,imagenet,693
6622,618,ladle,imagenet,425
6623,618,ladle,imagenet,424
6624,618,ladle,imagenet,424
6625,618,ladle,imagenet,221
6626,618,ladle,imagenet,424
6627,618,ladle,objectnet,594
6628,618,ladle,objectnet,33
6629,618,ladle,objectnet,594
6630,618,ladle,objectnet,795
6631,618,ladle,objectnet,31
6632,618,ladle,objectnet,763
6633,618,ladle,objectnet,795
6634,618,ladle,objectnet,594
6635,618,ladle,objectnet,651
6636,618,ladle,imagenet,425
6637,618,ladle,imagenet,424
6638,618,ladle,imagenet,259
6639,618,ladle,imagenet,693
6640,618,ladle,imagenet,425
6641,618,ladle,imagenet,424
6642,618,ladle,imagenet,424
6643,618,ladle,imagenet,2
6644,618,ladle,imagenet,583
6645,618,ladle,imagenet,221
6646,618,ladle,imagenet,424
6647,618,ladle,imagenet,425
6648,618,ladle,imagenet,89
6649,618,ladle,imagenet,424
6650,618,ladle,imagenet,425
6651,618,ladle,imagenet,424
6652,618,ladle,imagenet,424
6653,618,ladle,imagenet,191
6654,618,ladle,imagenet,221
6655,618,ladle,imagenet,424
6656,618,ladle,imagenet,425
6657,618,ladle,imagenet,89
6658,618,ladle,imagenet,507
6659,618,ladle,imagenet,747
6660,618,ladle,imagenet,424
6661,618,ladle,imagenet,777
6662,618,ladle,imagenet,458
6663,618,ladle,imagenet,118
6664,618,ladle,imagenet,347
6665,809,soup_bowl,imagenet,530
6666,618,ladle,imagenet,693
6667,618,ladle,imagenet,591
6668,618,ladle,imagenet,424
6669,618,ladle,imagenet,424
6670,618,ladle,imagenet,583
6671,618,ladle,imagenet,221
6672,618,ladle,imagenet,347
6673,618,ladle,imagenet,425
6674,618,ladle,imagenet,424
6675,618,ladle,imagenet,458
6676,618,ladle,imagenet,425
6677,618,ladle,imagenet,424
6678,618,ladle,imagenet,424
6679,618,ladle,imagenet,583
6680,618,ladle,imagenet,221
6681,618,ladle,imagenet,424
6682,618,ladle,imagenet,424
6683,618,ladle,imagenet,425
6684,618,ladle,imagenet,89
6685,618,ladle,imagenet,424
6686,618,ladle,imagenet,425
6687,618,ladle,imagenet,424
6688,618,ladle,imagenet,424
6689,618,ladle,imagenet,191
6690,618,ladle,imagenet,424
6691,618,ladle,imagenet,425
6692,618,ladle,imagenet,89
6693,618,ladle,imagenet,259
6694,618,ladle,imagenet,425
6695,618,ladle,imagenet,424
6696,618,ladle,imagenet,424
6697,618,ladle,imagenet,221
6698,618,ladle,imagenet,424
6699,619,lampshade,imagenet,423
6700,619,lampshade,imagenet,592
6701,619,lampshade,imagenet,423
6702,619,lampshade,imagenet_sketch,640
6703,619,lampshade,imagenet_sketch,82
6704,619,lampshade,imagenet_sketch,82
6705,619,lampshade,imagenet_sketch,430
6706,619,lampshade,imagenet_sketch,82
6707,619,lampshade,imagenet_sketch,82
6708,619,lampshade,objectnet,764
6709,619,lampshade,objectnet,702
6710,619,lampshade,objectnet,702
6711,619,lampshade,objectnet,484
6712,619,lampshade,objectnet,608
6713,619,lampshade,objectnet,599
6714,619,lampshade,objectnet,622
6715,619,lampshade,objectnet,633
6716,619,lampshade,objectnet,599
6717,619,lampshade,objectnet,602
6718,619,lampshade,objectnet,193
6719,619,lampshade,objectnet,797
6720,619,lampshade,objectnet,626
6721,619,lampshade,objectnet,37
6722,619,lampshade,objectnet,37
6723,619,lampshade,objectnet,596
6724,619,lampshade,objectnet,598
6725,619,lampshade,objectnet,621
6726,619,lampshade,objectnet,147
6727,619,lampshade,objectnet,154
6728,619,lampshade,imagenet,423
6729,619,lampshade,imagenet,726
6730,619,lampshade,imagenet,592
6731,619,lampshade,imagenet,423
6732,619,lampshade,imagenet,221
6733,619,lampshade,imagenet,636
6734,619,lampshade,imagenet,431
6735,619,lampshade,imagenet,432
6736,619,lampshade,imagenet,237
6737,619,lampshade,imagenet,423
6738,619,lampshade,imagenet,639
6739,619,lampshade,imagenet,592
6740,619,lampshade,imagenet,592
6741,621,lawn_mower,imagenet_sketch,239
6742,621,lawn_mower,imagenet_sketch,239
6743,621,lawn_mower,imagenet_sketch,239
6744,621,lawn_mower,imagenet_sketch,239
6745,621,lawn_mower,imagenet_sketch,239
6746,622,lens_cap,imagenet,550
6747,623,letter_opener,imagenet,499
6748,623,letter_opener,imagenet,719
6749,623,letter_opener,imagenet,364
6750,623,letter_opener,imagenet,798
6751,623,letter_opener,imagenet,758
6752,623,letter_opener,imagenet,364
6753,623,letter_opener,imagenet,418
6754,623,letter_opener,imagenet,47
6755,623,letter_opener,objectnet,691
6756,623,letter_opener,objectnet,155
6757,623,letter_opener,objectnet,34
6758,623,letter_opener,objectnet,34
6759,623,letter_opener,objectnet,765
6760,623,letter_opener,objectnet,514
6761,623,letter_opener,objectnet,617
6762,418,ballpoint,imagenet,661
6763,623,letter_opener,imagenet,364
6764,623,letter_opener,imagenet,798
6765,623,letter_opener,imagenet,758
6766,623,letter_opener,imagenet,364
6767,623,letter_opener,imagenet,688
6768,623,letter_opener,imagenet,687
6769,623,letter_opener,imagenet,47
6770,623,letter_opener,imagenet,364
6771,418,ballpoint,imagenet,661
6772,623,letter_opener,imagenet,364
6773,623,letter_opener,imagenet,798
6774,623,letter_opener,imagenet,758
6775,623,letter_opener,imagenet,523
6776,623,letter_opener,imagenet,364
6777,623,letter_opener,imagenet,688
6778,623,letter_opener,imagenet,687
6779,623,letter_opener,imagenet,719
6780,623,letter_opener,imagenet,364
6781,418,ballpoint,imagenet,661
6782,623,letter_opener,imagenet,364
6783,623,letter_opener,imagenet,758
6784,623,letter_opener,imagenet,364
6785,623,letter_opener,imagenet,687
6786,623,letter_opener,imagenet,719
6787,623,letter_opener,imagenet,364
6788,418,ballpoint,imagenet,661
6789,623,letter_opener,imagenet,364
6790,623,letter_opener,imagenet,798
6791,623,letter_opener,imagenet,758
6792,623,letter_opener,imagenet,364
6793,623,letter_opener,imagenet,687
6794,418,ballpoint,imagenet,661
6795,623,letter_opener,imagenet,758
6796,623,letter_opener,imagenet,523
6797,623,letter_opener,imagenet,364
6798,623,letter_opener,imagenet,687
6799,623,letter_opener,imagenet,719
6800,623,letter_opener,imagenet,364
6801,418,ballpoint,imagenet,661
6802,623,letter_opener,imagenet,364
6803,623,letter_opener,imagenet,758
6804,623,letter_opener,imagenet,364
6805,623,letter_opener,imagenet,687
6806,624,library,imagenet_sketch,339
6807,624,library,imagenet_sketch,105
6808,625,lifeboat,imagenet_sketch,433
6809,625,lifeboat,imagenet_sketch,745
6810,625,lifeboat,imagenet_sketch,433
6811,625,lifeboat,imagenet_sketch,433
6812,625,lifeboat,imagenet_sketch,745
6813,625,lifeboat,imagenet_sketch,434
6814,625,lifeboat,imagenet_sketch,745
6815,625,lifeboat,imagenet_sketch,433
6816,625,lifeboat,imagenet_sketch,745
6817,625,lifeboat,imagenet_sketch,435
6818,626,lighter,imagenet,2
6819,626,lighter,imagenet,437
6820,626,lighter,imagenet,705
6821,626,lighter,imagenet,437
6822,626,lighter,imagenet,705
6823,626,lighter,imagenet,659
6824,626,lighter,imagenet,175
6825,626,lighter,imagenet,437
6826,626,lighter,imagenet,437
6827,626,lighter,imagenet_a,293
6828,626,lighter,imagenet_a,322
6829,629,lipstick,objectnet,762
6830,629,lipstick,objectnet,597
6831,629,lipstick,objectnet,617
6832,629,lipstick,imagenet,639
6833,629,lipstick,imagenet,624
6834,629,lipstick,imagenet,160
6835,629,lipstick,imagenet,641
6836,629,lipstick,imagenet_r,293
6837,631,lotion,imagenet_sketch,794
6838,631,lotion,imagenet,66
6839,631,lotion,imagenet,3
6840,632,loudspeaker,imagenet_sketch,323
6841,632,loudspeaker,imagenet,206
6842,632,loudspeaker,objectnet,617
6843,632,loudspeaker,objectnet,502
6844,632,loudspeaker,objectnet,26
6845,632,loudspeaker,objectnet,607
6846,632,loudspeaker,objectnet,147
6847,632,loudspeaker,imagenet,206
6848,632,loudspeaker,imagenet,780
6849,632,loudspeaker,imagenet,780
6850,632,loudspeaker,imagenet,206
6851,632,loudspeaker,imagenet,206
6852,632,loudspeaker,imagenet,780
6853,632,loudspeaker,imagenet,206
6854,632,loudspeaker,imagenet,600
6855,632,loudspeaker,imagenet,206
6856,632,loudspeaker,imagenet,780
6857,632,loudspeaker,imagenet,780
6858,633,loupe,imagenet,35
6859,633,loupe,imagenet,447
6860,633,loupe,imagenet,367
6861,633,loupe,imagenet,447
6862,633,loupe,imagenet,367
6863,633,loupe,imagenet,447
6864,73,barn_spider,imagenet,248
6865,633,loupe,imagenet,453
6866,633,loupe,imagenet,805
6867,633,loupe,imagenet,35
6868,633,loupe,imagenet,447
6869,634,lumbermill,imagenet_sketch,181
6870,634,lumbermill,imagenet_sketch,181
6871,635,magnetic_compass,imagenet,264
6872,635,magnetic_compass,imagenet,458
6873,635,magnetic_compass,imagenet,264
6874,635,magnetic_compass,imagenet,458
6875,635,magnetic_compass,imagenet,264
6876,635,magnetic_compass,imagenet,208
6877,635,magnetic_compass,imagenet,201
6878,635,magnetic_compass,imagenet,458
6879,635,magnetic_compass,imagenet,50
6880,635,magnetic_compass,imagenet,637
6881,635,magnetic_compass,imagenet,151
6882,635,magnetic_compass,imagenet,673
6883,635,magnetic_compass,imagenet,196
6884,635,magnetic_compass,imagenet,458
6885,635,magnetic_compass,imagenet,264
6886,635,magnetic_compass,imagenet,673
6887,635,magnetic_compass,imagenet,264
6888,636,mailbag,imagenet_sketch,653
6889,636,mailbag,imagenet_sketch,25
6890,636,mailbag,imagenet_sketch,696
6891,636,mailbag,imagenet_sketch,25
6892,636,mailbag,imagenet_sketch,696
6893,636,mailbag,imagenet_sketch,412
6894,636,mailbag,imagenet_sketch,653
6895,636,mailbag,imagenet_sketch,653
6896,636,mailbag,imagenet_sketch,412
6897,636,mailbag,imagenet_sketch,653
6898,636,mailbag,imagenet_sketch,25
6899,636,mailbag,imagenet_sketch,653
6900,636,mailbag,imagenet_sketch,696
6901,636,mailbag,imagenet_sketch,25
6902,636,mailbag,imagenet_sketch,696
6903,636,mailbag,imagenet_sketch,412
6904,636,mailbag,imagenet_sketch,653
6905,636,mailbag,imagenet_sketch,412
6906,636,mailbag,imagenet_sketch,653
6907,636,mailbag,imagenet,720
6908,636,mailbag,imagenet,260
6909,636,mailbag,imagenet,720
6910,636,mailbag,imagenet,720
6911,636,mailbag,imagenet,260
6912,636,mailbag,imagenet,720
6913,636,mailbag,imagenet,720
6914,636,mailbag,imagenet,720
6915,636,mailbag,imagenet,720
6916,636,mailbag,imagenet,661
6917,636,mailbag,imagenet,121
6918,636,mailbag,imagenet,260
6919,636,mailbag,imagenet,260
6920,636,mailbag,imagenet,720
6921,636,mailbag,imagenet,720
6922,636,mailbag,imagenet,720
6923,636,mailbag,imagenet,260
6924,636,mailbag,imagenet,720
6925,637,mailbox,imagenet_sketch,412
6926,639,maillot,imagenet_sketch,463
6927,639,maillot,imagenet_sketch,528
6928,639,maillot,imagenet_sketch,36
6929,639,maillot,imagenet_sketch,136
6930,639,maillot,imagenet_sketch,695
6931,639,maillot,imagenet_sketch,446
6932,639,maillot,imagenet_sketch,464
6933,639,maillot,imagenet_sketch,138
6934,639,maillot,imagenet_sketch,234
6935,639,maillot,imagenet_sketch,203
6936,639,maillot,imagenet_sketch,481
6937,639,maillot,imagenet_sketch,203
6938,639,maillot,imagenet_sketch,331
6939,639,maillot,imagenet_sketch,324
6940,639,maillot,imagenet_sketch,36
6941,639,maillot,imagenet_sketch,331
6942,639,maillot,imagenet_sketch,1
6943,639,maillot,imagenet_sketch,1
6944,639,maillot,imagenet_sketch,672
6945,639,maillot,imagenet_sketch,463
6946,639,maillot,imagenet_sketch,571
6947,639,maillot,imagenet_sketch,36
6948,639,maillot,imagenet_sketch,36
6949,639,maillot,imagenet_sketch,1
6950,639,maillot,imagenet_sketch,138
6951,639,maillot,imagenet_sketch,36
6952,639,maillot,imagenet_sketch,36
6953,639,maillot,imagenet_sketch,463
6954,639,maillot,imagenet_sketch,1
6955,639,maillot,imagenet_sketch,571
6956,639,maillot,imagenet_sketch,1
6957,639,maillot,imagenet_sketch,481
6958,639,maillot,imagenet_sketch,464
6959,639,maillot,imagenet_sketch,695
6960,639,maillot,imagenet_sketch,672
6961,639,maillot,imagenet,771
6962,639,maillot,imagenet,771
6963,639,maillot,imagenet_sketch,481
6964,639,maillot,imagenet_sketch,481
6965,639,maillot,imagenet,479
6966,416,balance_beam,imagenet,58
6967,639,maillot,imagenet,479
6968,640,manhole_cover,imagenet_sketch,261
6969,640,manhole_cover,imagenet_sketch,185
6970,640,manhole_cover,imagenet_sketch,261
6971,640,manhole_cover,imagenet_sketch,185
6972,640,manhole_cover,imagenet,696
6973,641,maraca,imagenet,242
6974,641,maraca,imagenet,785
6975,641,maraca,imagenet,675
6976,641,maraca,imagenet,632
6977,641,maraca,imagenet,632
6978,642,marimba,imagenet,693
6979,643,mask,imagenet,341
6980,643,mask,imagenet,234
6981,643,mask,imagenet,693
6982,643,mask,imagenet,590
6983,643,mask,imagenet,712
6984,643,mask,imagenet,234
6985,643,mask,imagenet,311
6986,643,mask,imagenet_a,512
6987,644,matchstick,imagenet_sketch,707
6988,644,matchstick,imagenet_sketch,794
6989,644,matchstick,imagenet_sketch,707
6990,646,maze,imagenet,113
6991,646,maze,imagenet,113
6992,646,maze,imagenet,113
6993,646,maze,imagenet,113
6994,646,maze,imagenet,28
6995,646,maze,imagenet,561
6996,646,maze,imagenet,768
6997,646,maze,imagenet,704
6998,646,maze,imagenet,113
6999,646,maze,imagenet,113
7000,646,maze,imagenet,113
7001,647,measuring_cup,objectnet,32
7002,647,measuring_cup,objectnet,629
7003,647,measuring_cup,objectnet,7
7004,647,measuring_cup,objectnet,487
7005,647,measuring_cup,objectnet,763
7006,647,measuring_cup,objectnet,623
7007,647,measuring_cup,imagenet,803
7008,647,measuring_cup,imagenet,117
7009,648,medicine_chest,imagenet,680
7010,648,medicine_chest,imagenet,680
7011,648,medicine_chest,imagenet,680
7012,648,medicine_chest,imagenet,419
7013,648,medicine_chest,imagenet,680
7014,648,medicine_chest,imagenet,600
7015,648,medicine_chest,imagenet,680
7016,648,medicine_chest,imagenet,680
7017,648,medicine_chest,imagenet,680
7018,649,megalith,imagenet,280
7019,649,megalith,imagenet,118
7020,649,megalith,imagenet,716
7021,649,megalith,imagenet,280
7022,649,megalith,imagenet,111
7023,650,microphone,imagenet,589
7024,650,microphone,imagenet,589
7025,650,microphone,imagenet,589
7026,651,microwave,objectnet,604
7027,651,microwave,objectnet,702
7028,651,microwave,objectnet,615
7029,651,microwave,imagenet,106
7030,651,microwave,imagenet,101
7031,652,military_uniform,imagenet,661
7032,653,milk_can,imagenet,717
7033,653,milk_can,imagenet,715
7034,653,milk_can,imagenet,124
7035,653,milk_can,imagenet,717
7036,653,milk_can,imagenet,110
7037,653,milk_can,imagenet,151
7038,653,milk_can,imagenet,791
7039,653,milk_can,imagenet,188
7040,653,milk_can,imagenet,717
7041,653,milk_can,imagenet,717
7042,653,milk_can,imagenet,715
7043,653,milk_can,imagenet,188
7044,653,milk_can,imagenet_sketch,650
7045,653,milk_can,imagenet_sketch,650
7046,653,milk_can,imagenet,717
7047,653,milk_can,imagenet,717
7048,653,milk_can,imagenet,715
7049,654,minibus,imagenet_sketch,65
7050,655,miniskirt,imagenet_sketch,640
7051,655,miniskirt,imagenet_sketch,640
7052,656,minivan,imagenet_sketch,184
7053,656,minivan,imagenet_sketch,650
7054,656,minivan,imagenet_sketch,184
7055,658,mitten,objectnet,223
7056,658,mitten,objectnet,631
7057,658,mitten,objectnet,123
7058,658,mitten,objectnet,797
7059,658,mitten,objectnet,220
7060,658,mitten,objectnet,31
7061,658,mitten,imagenet,661
7062,658,mitten,imagenet_r,3
7063,658,mitten,imagenet_a,731
7064,658,mitten,imagenet_a,435
7065,658,mitten,imagenet_sketch,521
7066,659,mixing_bowl,imagenet,632
7067,659,mixing_bowl,imagenet,632
7068,659,mixing_bowl,imagenet,747
7069,659,mixing_bowl,imagenet,632
7070,659,mixing_bowl,objectnet,154
7071,659,mixing_bowl,objectnet,703
7072,659,mixing_bowl,objectnet,491
7073,659,mixing_bowl,objectnet,493
7074,659,mixing_bowl,objectnet,514
7075,659,mixing_bowl,objectnet,561
7076,659,mixing_bowl,objectnet,159
7077,659,mixing_bowl,objectnet,10
7078,659,mixing_bowl,objectnet,220
7079,659,mixing_bowl,objectnet,594
7080,659,mixing_bowl,objectnet,602
7081,659,mixing_bowl,objectnet,594
7082,659,mixing_bowl,objectnet,765
7083,659,mixing_bowl,objectnet,655
7084,659,mixing_bowl,objectnet,351
7085,659,mixing_bowl,objectnet,454
7086,659,mixing_bowl,objectnet,37
7087,659,mixing_bowl,objectnet,32
7088,659,mixing_bowl,objectnet,37
7089,659,mixing_bowl,objectnet,606
7090,659,mixing_bowl,objectnet,154
7091,659,mixing_bowl,objectnet,702
7092,659,mixing_bowl,objectnet,629
7093,659,mixing_bowl,objectnet,594
7094,659,mixing_bowl,objectnet,493
7095,659,mixing_bowl,objectnet,604
7096,659,mixing_bowl,objectnet,154
7097,659,mixing_bowl,objectnet,633
7098,659,mixing_bowl,objectnet,795
7099,659,mixing_bowl,objectnet,217
7100,659,mixing_bowl,objectnet,615
7101,659,mixing_bowl,objectnet,32
7102,659,mixing_bowl,objectnet,493
7103,659,mixing_bowl,objectnet,630
7104,659,mixing_bowl,objectnet,604
7105,659,mixing_bowl,objectnet,275
7106,659,mixing_bowl,objectnet,154
7107,659,mixing_bowl,objectnet,298
7108,659,mixing_bowl,objectnet,606
7109,659,mixing_bowl,objectnet,620
7110,659,mixing_bowl,objectnet,602
7111,659,mixing_bowl,objectnet,606
7112,659,mixing_bowl,objectnet,701
7113,659,mixing_bowl,objectnet,94
7114,659,mixing_bowl,objectnet,606
7115,659,mixing_bowl,objectnet,797
7116,659,mixing_bowl,objectnet,602
7117,659,mixing_bowl,objectnet,629
7118,659,mixing_bowl,objectnet,739
7119,659,mixing_bowl,objectnet,765
7120,659,mixing_bowl,imagenet,747
7121,659,mixing_bowl,imagenet,731
7122,659,mixing_bowl,imagenet,747
7123,659,mixing_bowl,imagenet,747
7124,659,mixing_bowl,imagenet,747
7125,659,mixing_bowl,imagenet,632
7126,659,mixing_bowl,imagenet,212
7127,659,mixing_bowl,imagenet,747
7128,659,mixing_bowl,imagenet_sketch,320
7129,659,mixing_bowl,imagenet_sketch,297
7130,659,mixing_bowl,imagenet_sketch,520
7131,659,mixing_bowl,imagenet_sketch,520
7132,659,mixing_bowl,imagenet_sketch,520
7133,660,mobile_home,imagenet,591
7134,660,mobile_home,imagenet,494
7135,660,mobile_home,imagenet_sketch,650
7136,660,mobile_home,imagenet_sketch,495
7137,660,mobile_home,imagenet_sketch,650
7138,662,modem,imagenet,2
7139,662,modem,imagenet,627
7140,662,modem,imagenet,753
7141,662,modem,imagenet,380
7142,662,modem,imagenet,694
7143,663,monastery,imagenet,358
7144,663,monastery,imagenet,501
7145,663,monastery,imagenet,358
7146,663,monastery,imagenet,358
7147,663,monastery,imagenet,358
7148,663,monastery,imagenet,358
7149,663,monastery,imagenet,501
7150,663,monastery,imagenet,358
7151,663,monastery,imagenet,358
7152,663,monastery,imagenet,503
7153,663,monastery,imagenet,358
7154,663,monastery,imagenet,358
7155,663,monastery,imagenet,501
7156,663,monastery,imagenet,358
7157,663,monastery,imagenet,358
7158,663,monastery,imagenet_sketch,495
7159,663,monastery,imagenet_sketch,714
7160,663,monastery,imagenet_sketch,495
7161,663,monastery,imagenet_sketch,318
7162,663,monastery,imagenet_sketch,803
7163,663,monastery,imagenet_sketch,494
7164,663,monastery,imagenet_sketch,573
7165,664,monitor,imagenet,504
7166,664,monitor,objectnet,405
7167,664,monitor,objectnet,601
7168,664,monitor,objectnet,563
7169,664,monitor,imagenet,504
7170,664,monitor,imagenet,54
7171,664,monitor,imagenet,212
7172,664,monitor,imagenet,504
7173,664,monitor,imagenet_sketch,505
7174,664,monitor,imagenet_sketch,36
7175,664,monitor,imagenet_sketch,505
7176,664,monitor,imagenet_sketch,53
7177,666,mortar,imagenet,511
7178,666,mortar,imagenet,636
7179,666,mortar,imagenet,112
7180,666,mortar,imagenet,636
7181,667,mortarboard,imagenet,354
7182,667,mortarboard,imagenet,354
7183,667,mortarboard,imagenet_sketch,506
7184,669,mosquito_net,imagenet_sketch,509
7185,669,mosquito_net,imagenet_sketch,509
7186,669,mosquito_net,imagenet_sketch,695
7187,669,mosquito_net,imagenet_sketch,509
7188,669,mosquito_net,imagenet_sketch,509
7189,669,mosquito_net,imagenet_sketch,509
7190,670,motor_scooter,imagenet,346
7191,670,motor_scooter,imagenet,268
7192,670,motor_scooter,imagenet,268
7193,670,motor_scooter,imagenet,268
7194,670,motor_scooter,imagenet,346
7195,670,motor_scooter,imagenet,346
7196,670,motor_scooter,imagenet,346
7197,670,motor_scooter,imagenet,346
7198,670,motor_scooter,imagenet,346
7199,670,motor_scooter,imagenet,346
7200,670,motor_scooter,imagenet,346
7201,670,motor_scooter,imagenet,346
7202,670,motor_scooter,imagenet,268
7203,670,motor_scooter,imagenet_sketch,775
7204,670,motor_scooter,imagenet_sketch,250
7205,670,motor_scooter,imagenet_sketch,775
7206,670,motor_scooter,imagenet_sketch,775
7207,670,motor_scooter,imagenet_sketch,775
7208,673,mouse,imagenet,88
7209,673,mouse,imagenet,230
7210,673,mouse,imagenet_sketch,175
7211,673,mouse,imagenet_sketch,175
7212,673,mouse,imagenet_sketch,175
7213,673,mouse,imagenet_sketch,175
7214,674,mousetrap,imagenet,557
7215,674,mousetrap,imagenet,557
7216,674,mousetrap,imagenet,2
7217,674,mousetrap,imagenet,557
7218,674,mousetrap,imagenet,132
7219,674,mousetrap,imagenet,591
7220,674,mousetrap,imagenet,557
7221,674,mousetrap,imagenet,2
7222,674,mousetrap,imagenet_sketch,509
7223,674,mousetrap,imagenet_sketch,509
7224,674,mousetrap,imagenet_sketch,794
7225,674,mousetrap,imagenet_sketch,794
7226,674,mousetrap,imagenet_sketch,509
7227,675,moving_van,imagenet,543
7228,675,moving_van,imagenet,2
7229,675,moving_van,imagenet,249
7230,675,moving_van,imagenet,543
7231,675,moving_van,imagenet,543
7232,675,moving_van,imagenet_sketch,87
7233,675,moving_van,imagenet_sketch,245
7234,675,moving_van,imagenet_sketch,6
7235,675,moving_van,imagenet_sketch,245
7236,675,moving_van,imagenet_sketch,58
7237,675,moving_van,imagenet_sketch,58
7238,675,moving_van,imagenet_sketch,58
7239,675,moving_van,imagenet_sketch,412
7240,676,muzzle,imagenet,418
7241,676,muzzle,imagenet,418
7242,676,muzzle,imagenet,418
7243,676,muzzle,imagenet,418
7244,676,muzzle,imagenet,418
7245,676,muzzle,imagenet,418
7246,676,muzzle,imagenet,418
7247,676,muzzle,imagenet,418
7248,676,muzzle,imagenet,144
7249,676,muzzle,imagenet,418
7250,676,muzzle,imagenet,418
7251,676,muzzle,imagenet_sketch,512
7252,676,muzzle,imagenet_sketch,512
7253,676,muzzle,imagenet_sketch,512
7254,677,nail,imagenet,175
7255,677,nail,imagenet,110
7256,488,chain,imagenet,110
7257,677,nail,imagenet,213
7258,677,nail,imagenet,249
7259,677,nail,imagenet,511
7260,677,nail,imagenet_sketch,653
7261,678,neck_brace,imagenet,35
7262,678,neck_brace,imagenet,342
7263,678,neck_brace,imagenet,35
7264,678,neck_brace,imagenet_sketch,179
7265,678,neck_brace,imagenet_sketch,293
7266,680,nipple,imagenet,517
7267,680,nipple,imagenet,517
7268,680,nipple,imagenet,686
7269,680,nipple,imagenet,167
7270,680,nipple,imagenet,517
7271,680,nipple,imagenet,517
7272,680,nipple,imagenet,518
7273,680,nipple,imagenet,750
7274,680,nipple,imagenet,517
7275,680,nipple,imagenet,517
7276,680,nipple,imagenet,60
7277,680,nipple,imagenet,517
7278,680,nipple,imagenet,686
7279,680,nipple,imagenet,762
7280,680,nipple,imagenet,47
7281,680,nipple,imagenet,517
7282,680,nipple,imagenet,187
7283,680,nipple,imagenet,517
7284,680,nipple,imagenet,517
7285,680,nipple,imagenet,750
7286,680,nipple,imagenet,517
7287,680,nipple,imagenet,517
7288,680,nipple,imagenet,762
7289,680,nipple,imagenet,167
7290,680,nipple,imagenet,517
7291,680,nipple,imagenet,517
7292,680,nipple,imagenet,517
7293,680,nipple,imagenet,294
7294,680,nipple,imagenet,750
7295,680,nipple,imagenet,675
7296,680,nipple,imagenet,517
7297,680,nipple,imagenet,517
7298,680,nipple,imagenet,375
7299,680,nipple,imagenet,517
7300,680,nipple,imagenet,517
7301,680,nipple,imagenet,685
7302,680,nipple,imagenet,167
7303,680,nipple,imagenet,63
7304,680,nipple,imagenet,517
7305,680,nipple,imagenet,517
7306,680,nipple,imagenet,518
7307,680,nipple,imagenet,750
7308,680,nipple,imagenet,63
7309,680,nipple,imagenet,63
7310,680,nipple,imagenet,762
7311,680,nipple,imagenet,375
7312,680,nipple,imagenet,47
7313,680,nipple,imagenet,517
7314,680,nipple,imagenet,517
7315,680,nipple,imagenet,518
7316,680,nipple,imagenet,750
7317,680,nipple,imagenet,576
7318,680,nipple,imagenet,517
7319,680,nipple,imagenet,60
7320,680,nipple,imagenet,517
7321,680,nipple,imagenet,686
7322,680,nipple,imagenet,375
7323,680,nipple,imagenet,517
7324,680,nipple,imagenet,144
7325,680,nipple,imagenet,347
7326,680,nipple,imagenet,517
7327,680,nipple,imagenet,167
7328,680,nipple,imagenet_sketch,493
7329,680,nipple,imagenet_sketch,311
7330,680,nipple,imagenet_sketch,138
7331,680,nipple,imagenet,63
7332,681,notebook,imagenet,766
7333,681,notebook,imagenet,766
7334,681,notebook,imagenet,53
7335,681,notebook,imagenet,766
7336,681,notebook,imagenet,53
7337,681,notebook,imagenet,766
7338,681,notebook,imagenet,53
7339,681,notebook,imagenet,766
7340,681,notebook,imagenet,766
7341,681,notebook,imagenet,53
7342,681,notebook,imagenet,766
7343,681,notebook,imagenet_sketch,535
7344,681,notebook,imagenet_sketch,627
7345,681,notebook,imagenet_sketch,519
7346,681,notebook,imagenet_sketch,519
7347,681,notebook,imagenet_sketch,519
7348,681,notebook,imagenet_sketch,519
7349,681,notebook,imagenet_sketch,519
7350,681,notebook,imagenet_sketch,260
7351,681,notebook,imagenet_sketch,519
7352,681,notebook,imagenet_sketch,519
7353,681,notebook,imagenet_sketch,519
7354,681,notebook,imagenet_sketch,558
7355,681,notebook,imagenet_sketch,380
7356,681,notebook,imagenet_sketch,519
7357,681,notebook,imagenet_sketch,728
7358,681,notebook,imagenet_sketch,728
7359,681,notebook,imagenet_sketch,519
7360,682,obelisk,imagenet,719
7361,683,oboe,imagenet,113
7362,683,oboe,imagenet_sketch,523
7363,683,oboe,imagenet_sketch,400
7364,683,oboe,imagenet_sketch,523
7365,684,ocarina,imagenet,524
7366,684,ocarina,imagenet,759
7367,684,ocarina,imagenet,526
7368,684,ocarina,imagenet,528
7369,684,ocarina,imagenet,524
7370,684,ocarina,imagenet,348
7371,684,ocarina,imagenet,759
7372,684,ocarina,imagenet,526
7373,684,ocarina,imagenet,528
7374,684,ocarina,imagenet,524
7375,684,ocarina,imagenet,526
7376,684,ocarina,imagenet,524
7377,784,screwdriver,imagenet,527
7378,684,ocarina,imagenet,348
7379,684,ocarina,imagenet,759
7380,684,ocarina,imagenet,526
7381,684,ocarina,imagenet,528
7382,684,ocarina,imagenet,528
7383,684,ocarina,imagenet,524
7384,684,ocarina,imagenet,759
7385,684,ocarina,imagenet,526
7386,684,ocarina,imagenet,528
7387,684,ocarina,imagenet,528
7388,684,ocarina,imagenet,759
7389,684,ocarina,imagenet,524
7390,684,ocarina,imagenet,526
7391,684,ocarina,imagenet,524
7392,684,ocarina,imagenet,759
7393,684,ocarina,imagenet,526
7394,684,ocarina,imagenet,528
7395,684,ocarina,imagenet,528
7396,685,odometer,imagenet,564
7397,685,odometer,imagenet_sketch,529
7398,685,odometer,imagenet_sketch,323
7399,685,odometer,imagenet_sketch,529
7400,685,odometer,imagenet_sketch,529
7401,685,odometer,imagenet_sketch,529
7402,685,odometer,imagenet_sketch,529
7403,685,odometer,imagenet_sketch,245
7404,685,odometer,imagenet_sketch,245
7405,685,odometer,imagenet_sketch,696
7406,688,oscilloscope,imagenet,112
7407,690,oxcart,imagenet_sketch,236
7408,690,oxcart,imagenet_sketch,236
7409,690,oxcart,imagenet_sketch,236
7410,690,oxcart,imagenet_sketch,236
7411,690,oxcart,imagenet_sketch,236
7412,691,oxygen_mask,imagenet_sketch,730
7413,691,oxygen_mask,imagenet_sketch,208
7414,691,oxygen_mask,imagenet_sketch,571
7415,691,oxygen_mask,imagenet_sketch,532
7416,691,oxygen_mask,imagenet_sketch,571
7417,691,oxygen_mask,imagenet_sketch,730
7418,691,oxygen_mask,imagenet_sketch,730
7419,691,oxygen_mask,imagenet_sketch,571
7420,691,oxygen_mask,imagenet_sketch,730
7421,691,oxygen_mask,imagenet_sketch,571
7422,691,oxygen_mask,imagenet_sketch,571
7423,691,oxygen_mask,imagenet_sketch,730
7424,691,oxygen_mask,imagenet_sketch,730
7425,691,oxygen_mask,imagenet_sketch,234
7426,692,packet,imagenet,222
7427,692,packet,imagenet,199
7428,692,packet,imagenet,653
7429,692,packet,imagenet,222
7430,692,packet,imagenet,536
7431,692,packet,imagenet,199
7432,692,packet,imagenet,539
7433,692,packet,imagenet,757
7434,692,packet,imagenet,222
7435,692,packet,imagenet,199
7436,692,packet,imagenet,361
7437,692,packet,imagenet,733
7438,692,packet,imagenet,222
7439,692,packet,imagenet,199
7440,692,packet,imagenet,222
7441,692,packet,imagenet,199
7442,692,packet,imagenet,757
7443,692,packet,imagenet,222
7444,692,packet,imagenet,199
7445,692,packet,imagenet_sketch,802
7446,692,packet,imagenet_sketch,653
7447,692,packet,imagenet_sketch,653
7448,692,packet,imagenet_sketch,24
7449,692,packet,imagenet_sketch,627
7450,692,packet,imagenet_sketch,455
7451,692,packet,imagenet_sketch,802
7452,692,packet,imagenet_sketch,627
7453,692,packet,imagenet_sketch,627
7454,692,packet,imagenet_sketch,794
7455,692,packet,imagenet_sketch,455
7456,692,packet,imagenet_sketch,653
7457,692,packet,imagenet_sketch,802
7458,692,packet,imagenet_sketch,794
7459,692,packet,imagenet_sketch,653
7460,692,packet,imagenet_sketch,773
7461,692,packet,imagenet_sketch,653
7462,692,packet,imagenet_sketch,24
7463,692,packet,imagenet_sketch,455
7464,692,packet,imagenet_sketch,802
7465,692,packet,imagenet_sketch,627
7466,692,packet,imagenet_sketch,794
7467,692,packet,imagenet_sketch,794
7468,692,packet,imagenet_sketch,455
7469,692,packet,imagenet_sketch,653
7470,692,packet,imagenet_sketch,802
7471,692,packet,imagenet_sketch,794
7472,692,packet,imagenet_sketch,653
7473,692,packet,imagenet_sketch,773
7474,692,packet,imagenet_sketch,653
7475,692,packet,imagenet_sketch,794
7476,692,packet,imagenet_sketch,455
7477,692,packet,imagenet_sketch,258
7478,692,packet,imagenet_sketch,653
7479,692,packet,imagenet_sketch,802
7480,692,packet,imagenet_sketch,794
7481,692,packet,imagenet,653
7482,692,packet,imagenet,222
7483,692,packet,imagenet,536
7484,692,packet,imagenet,199
7485,692,packet,imagenet,661
7486,692,packet,imagenet,757
7487,693,paddle,imagenet,202
7488,693,paddle,imagenet,748
7489,693,paddle,imagenet,791
7490,693,paddle,imagenet_sketch,433
7491,693,paddle,imagenet_sketch,433
7492,693,paddle,imagenet_sketch,202
7493,693,paddle,imagenet_sketch,433
7494,693,paddle,imagenet_sketch,433
7495,693,paddle,imagenet_sketch,433
7496,693,paddle,imagenet_sketch,433
7497,693,paddle,imagenet_sketch,521
7498,693,paddle,imagenet_sketch,433
7499,693,paddle,imagenet_sketch,433
7500,693,paddle,imagenet_sketch,202
7501,693,paddle,imagenet_sketch,523
7502,693,paddle,imagenet_sketch,433
7503,693,paddle,imagenet_sketch,245
7504,693,paddle,imagenet_sketch,433
7505,693,paddle,imagenet_sketch,433
7506,693,paddle,imagenet_sketch,202
7507,693,paddle,imagenet_sketch,433
7508,693,paddle,imagenet_sketch,433
7509,693,paddle,imagenet_sketch,433
7510,694,paddlewheel,imagenet,2
7511,694,paddlewheel,imagenet,562
7512,694,paddlewheel,imagenet,88
7513,694,paddlewheel,imagenet,582
7514,695,padlock,objectnet,681
7515,695,padlock,objectnet,617
7516,695,padlock,objectnet,7
7517,695,padlock,objectnet,659
7518,695,padlock,objectnet,764
7519,695,padlock,objectnet,37
7520,695,padlock,objectnet,617
7521,695,padlock,imagenet,26
7522,695,padlock,imagenet,26
7523,695,padlock,imagenet,26
7524,695,padlock,imagenet,26
7525,695,padlock,imagenet,26
7526,695,padlock,imagenet_sketch,65
7527,695,padlock,imagenet,26
7528,696,paintbrush,objectnet,285
7529,696,paintbrush,objectnet,122
7530,696,paintbrush,objectnet,607
7531,696,paintbrush,objectnet,578
7532,696,paintbrush,objectnet,122
7533,696,paintbrush,objectnet,531
7534,696,paintbrush,objectnet,629
7535,696,paintbrush,objectnet,514
7536,696,paintbrush,imagenet,341
7537,696,paintbrush,imagenet,550
7538,696,paintbrush,imagenet,373
7539,696,paintbrush,imagenet,736
7540,696,paintbrush,imagenet,590
7541,841,sweatshirt,imagenet,475
7542,841,sweatshirt,imagenet,475
7543,721,pillow,imagenet,216
7544,841,sweatshirt,imagenet,475
7545,697,pajama,imagenet_sketch,136
7546,698,palace,imagenet,503
7547,698,palace,imagenet,503
7548,698,palace,imagenet,503
7549,698,palace,imagenet,503
7550,698,palace,imagenet,503
7551,698,palace,imagenet,503
7552,698,palace,imagenet,518
7553,698,palace,imagenet,503
7554,698,palace,imagenet,219
7555,698,palace,imagenet_sketch,792
7556,698,palace,imagenet_sketch,293
7557,698,palace,imagenet_sketch,293
7558,698,palace,imagenet_sketch,293
7559,698,palace,imagenet_sketch,293
7560,698,palace,imagenet_sketch,293
7561,698,palace,imagenet_sketch,293
7562,699,panpipe,imagenet,18
7563,699,panpipe,imagenet,104
7564,699,panpipe,imagenet,63
7565,699,panpipe,imagenet_sketch,685
7566,700,paper_towel,imagenet,558
7567,700,paper_towel,imagenet,451
7568,700,paper_towel,objectnet,558
7569,700,paper_towel,objectnet,484
7570,700,paper_towel,imagenet,558
7571,700,paper_towel,imagenet,557
7572,700,paper_towel,imagenet,557
7573,700,paper_towel,imagenet,608
7574,700,paper_towel,imagenet,88
7575,700,paper_towel,imagenet,557
7576,700,paper_towel,imagenet,557
7577,700,paper_towel,imagenet,475
7578,700,paper_towel,imagenet,608
7579,700,paper_towel,imagenet,557
7580,700,paper_towel,imagenet,88
7581,700,paper_towel,imagenet,557
7582,700,paper_towel,imagenet,557
7583,700,paper_towel,imagenet,451
7584,700,paper_towel,imagenet,557
7585,700,paper_towel,imagenet,557
7586,700,paper_towel,imagenet,608
7587,700,paper_towel,imagenet_sketch,558
7588,700,paper_towel,imagenet_sketch,764
7589,700,paper_towel,imagenet_sketch,558
7590,700,paper_towel,imagenet_sketch,558
7591,700,paper_towel,imagenet_sketch,558
7592,700,paper_towel,imagenet_sketch,435
7593,700,paper_towel,imagenet_sketch,732
7594,700,paper_towel,imagenet_sketch,558
7595,700,paper_towel,imagenet_sketch,764
7596,700,paper_towel,imagenet_sketch,558
7597,700,paper_towel,imagenet_sketch,558
7598,700,paper_towel,imagenet_sketch,435
7599,700,paper_towel,imagenet_sketch,435
7600,700,paper_towel,imagenet_sketch,558
7601,700,paper_towel,imagenet_sketch,732
7602,701,parachute,imagenet_a,362
7603,702,parallel_bars,imagenet,755
7604,702,parallel_bars,imagenet,733
7605,702,parallel_bars,imagenet,755
7606,702,parallel_bars,imagenet,527
7607,702,parallel_bars,imagenet,63
7608,702,parallel_bars,imagenet,259
7609,702,parallel_bars,imagenet,562
7610,702,parallel_bars,imagenet,562
7611,702,parallel_bars,imagenet,755
7612,702,parallel_bars,imagenet,755
7613,702,parallel_bars,imagenet,755
7614,702,parallel_bars,imagenet,755
7615,702,parallel_bars,imagenet,733
7616,702,parallel_bars,imagenet,441
7617,702,parallel_bars,imagenet,56
7618,702,parallel_bars,imagenet,562
7619,702,parallel_bars,imagenet_sketch,564
7620,702,parallel_bars,imagenet_sketch,564
7621,702,parallel_bars,imagenet_sketch,564
7622,702,parallel_bars,imagenet_sketch,564
7623,702,parallel_bars,imagenet_sketch,668
7624,702,parallel_bars,imagenet_sketch,564
7625,702,parallel_bars,imagenet_sketch,564
7626,703,park_bench,objectnet,410
7627,703,park_bench,objectnet,565
7628,703,park_bench,objectnet,567
7629,703,park_bench,objectnet,596
7630,703,park_bench,objectnet,708
7631,703,park_bench,objectnet,502
7632,703,park_bench,objectnet,702
7633,703,park_bench,objectnet,616
7634,703,park_bench,objectnet,702
7635,703,park_bench,objectnet,605
7636,703,park_bench,objectnet,702
7637,703,park_bench,objectnet,275
7638,703,park_bench,objectnet,605
7639,703,park_bench,objectnet,255
7640,703,park_bench,objectnet,702
7641,703,park_bench,objectnet,567
7642,703,park_bench,objectnet,603
7643,703,park_bench,objectnet,561
7644,703,park_bench,objectnet,703
7645,703,park_bench,objectnet,159
7646,703,park_bench,objectnet,604
7647,703,park_bench,objectnet,416
7648,703,park_bench,objectnet,708
7649,703,park_bench,objectnet,702
7650,703,park_bench,objectnet,567
7651,703,park_bench,objectnet,797
7652,703,park_bench,objectnet,605
7653,703,park_bench,objectnet,702
7654,703,park_bench,objectnet,702
7655,703,park_bench,objectnet,702
7656,703,park_bench,objectnet,622
7657,703,park_bench,objectnet,565
7658,703,park_bench,objectnet,702
7659,703,park_bench,objectnet,603
7660,703,park_bench,objectnet,702
7661,703,park_bench,objectnet,701
7662,703,park_bench,objectnet,570
7663,703,park_bench,objectnet,708
7664,703,park_bench,objectnet,765
7665,703,park_bench,objectnet,612
7666,703,park_bench,objectnet,255
7667,703,park_bench,objectnet,410
7668,703,park_bench,objectnet,567
7669,703,park_bench,objectnet,255
7670,703,park_bench,objectnet,603
7671,703,park_bench,objectnet,155
7672,703,park_bench,objectnet,798
7673,703,park_bench,objectnet,622
7674,703,park_bench,objectnet,708
7675,703,park_bench,objectnet,622
7676,703,park_bench,objectnet,702
7677,703,park_bench,objectnet,612
7678,703,park_bench,objectnet,410
7679,703,park_bench,objectnet,597
7680,703,park_bench,objectnet,702
7681,703,park_bench,objectnet,603
7682,703,park_bench,objectnet,10
7683,703,park_bench,objectnet,599
7684,703,park_bench,objectnet,600
7685,703,park_bench,objectnet,404
7686,703,park_bench,objectnet,702
7687,703,park_bench,objectnet,764
7688,703,park_bench,objectnet,605
7689,703,park_bench,objectnet,708
7690,703,park_bench,objectnet,612
7691,703,park_bench,objectnet,289
7692,703,park_bench,objectnet,799
7693,703,park_bench,objectnet,605
7694,703,park_bench,objectnet,620
7695,703,park_bench,objectnet,702
7696,703,park_bench,objectnet,25
7697,703,park_bench,objectnet,410
7698,703,park_bench,objectnet,612
7699,703,park_bench,objectnet,799
7700,703,park_bench,objectnet,702
7701,703,park_bench,objectnet,702
7702,703,park_bench,objectnet,96
7703,703,park_bench,objectnet,790
7704,703,park_bench,objectnet,605
7705,703,park_bench,objectnet,603
7706,703,park_bench,objectnet,605
7707,703,park_bench,objectnet,799
7708,704,parking_meter,imagenet,583
7709,704,parking_meter,imagenet_a,311
7710,704,parking_meter,imagenet_sketch,667
7711,704,parking_meter,imagenet_sketch,484
7712,704,parking_meter,imagenet_sketch,484
7713,704,parking_meter,imagenet_sketch,294
7714,704,parking_meter,imagenet_sketch,484
7715,704,parking_meter,imagenet_sketch,667
7716,704,parking_meter,imagenet_sketch,484
7717,704,parking_meter,imagenet_sketch,294
7718,704,parking_meter,imagenet_sketch,484
7719,705,passenger_car,imagenet,378
7720,705,passenger_car,imagenet,575
7721,705,passenger_car,imagenet_sketch,412
7722,705,passenger_car,imagenet_sketch,412
7723,706,patio,imagenet,200
7724,706,patio,imagenet,200
7725,706,patio,imagenet,729
7726,706,patio,imagenet,200
7727,706,patio,imagenet,788
7728,706,patio,imagenet,200
7729,706,patio,imagenet_sketch,105
7730,706,patio,imagenet_sketch,105
7731,708,pedestal,imagenet,576
7732,708,pedestal,imagenet,576
7733,708,pedestal,imagenet,576
7734,708,pedestal,imagenet,576
7735,708,pedestal,imagenet,322
7736,708,pedestal,imagenet,479
7737,708,pedestal,imagenet,576
7738,708,pedestal,imagenet,576
7739,708,pedestal,imagenet,576
7740,708,pedestal,imagenet_sketch,577
7741,708,pedestal,imagenet_sketch,577
7742,709,pencil_box,imagenet,661
7743,709,pencil_box,imagenet,661
7744,709,pencil_box,imagenet,18
7745,709,pencil_box,imagenet,661
7746,709,pencil_box,imagenet,661
7747,709,pencil_box,imagenet,661
7748,709,pencil_box,imagenet,18
7749,709,pencil_box,imagenet,361
7750,709,pencil_box,imagenet,661
7751,709,pencil_box,imagenet,661
7752,709,pencil_box,imagenet_sketch,794
7753,709,pencil_box,imagenet_sketch,794
7754,709,pencil_box,imagenet_sketch,794
7755,709,pencil_box,imagenet_sketch,707
7756,709,pencil_box,imagenet_sketch,794
7757,709,pencil_box,imagenet_sketch,794
7758,709,pencil_box,imagenet_sketch,707
7759,710,pencil_sharpener,imagenet,255
7760,710,pencil_sharpener,imagenet,659
7761,710,pencil_sharpener,imagenet,255
7762,710,pencil_sharpener,imagenet,578
7763,710,pencil_sharpener,imagenet,2
7764,710,pencil_sharpener,imagenet,411
7765,710,pencil_sharpener,imagenet,659
7766,710,pencil_sharpener,imagenet,255
7767,710,pencil_sharpener,imagenet,578
7768,710,pencil_sharpener,imagenet,659
7769,710,pencil_sharpener,imagenet,411
7770,710,pencil_sharpener,imagenet,578
7771,710,pencil_sharpener,imagenet,137
7772,710,pencil_sharpener,imagenet,659
7773,710,pencil_sharpener,imagenet,237
7774,710,pencil_sharpener,imagenet,659
7775,710,pencil_sharpener,imagenet,659
7776,710,pencil_sharpener,imagenet_sketch,529
7777,710,pencil_sharpener,imagenet_sketch,707
7778,710,pencil_sharpener,imagenet_sketch,779
7779,710,pencil_sharpener,imagenet_sketch,529
7780,711,perfume,imagenet_sketch,564
7781,711,perfume,imagenet_sketch,6
7782,711,perfume,imagenet_sketch,751
7783,712,Petri_dish,imagenet,493
7784,712,Petri_dish,imagenet,493
7785,712,Petri_dish,imagenet,341
7786,712,Petri_dish,imagenet,493
7787,712,Petri_dish,imagenet,493
7788,712,Petri_dish,imagenet,35
7789,712,Petri_dish,imagenet,493
7790,712,Petri_dish,imagenet,748
7791,712,Petri_dish,imagenet,17
7792,712,Petri_dish,imagenet,493
7793,712,Petri_dish,imagenet,493
7794,712,Petri_dish,imagenet_sketch,667
7795,712,Petri_dish,imagenet_sketch,29
7796,712,Petri_dish,imagenet_sketch,111
7797,712,Petri_dish,imagenet_sketch,172
7798,712,Petri_dish,imagenet_sketch,323
7799,712,Petri_dish,imagenet_sketch,172
7800,714,pick,imagenet,296
7801,714,pick,imagenet,296
7802,714,pick,imagenet,296
7803,714,pick,imagenet,296
7804,714,pick,imagenet,296
7805,714,pick,imagenet,296
7806,714,pick,imagenet,296
7807,716,picket_fence,imagenet,331
7808,716,picket_fence,imagenet,331
7809,716,picket_fence,imagenet_sketch,719
7810,716,picket_fence,imagenet_sketch,442
7811,718,pier,imagenet,123
7812,718,pier,imagenet,537
7813,718,pier,imagenet,746
7814,718,pier,imagenet,331
7815,718,pier,imagenet,548
7816,718,pier,imagenet,123
7817,718,pier,imagenet,537
7818,718,pier,imagenet,408
7819,888,viaduct,imagenet,581
7820,718,pier,imagenet,123
7821,718,pier,imagenet,537
7822,718,pier,imagenet,746
7823,718,pier,imagenet,408
7824,718,pier,imagenet,548
7825,718,pier,imagenet,123
7826,718,pier,imagenet,123
7827,718,pier,imagenet,537
7828,718,pier,imagenet,746
7829,718,pier,imagenet,408
7830,888,viaduct,imagenet,716
7831,718,pier,imagenet,537
7832,888,viaduct,imagenet,581
7833,718,pier,imagenet,123
7834,718,pier,imagenet,537
7835,718,pier,imagenet,746
7836,718,pier,imagenet,408
7837,718,pier,imagenet,548
7838,888,viaduct,imagenet,581
7839,718,pier,imagenet,788
7840,718,pier,imagenet,123
7841,718,pier,imagenet,537
7842,718,pier,imagenet,548
7843,718,pier,imagenet,331
7844,718,pier,imagenet_sketch,435
7845,718,pier,imagenet_sketch,202
7846,718,pier,imagenet_sketch,435
7847,718,pier,imagenet_sketch,495
7848,718,pier,imagenet_sketch,202
7849,718,pier,imagenet_sketch,495
7850,718,pier,imagenet_sketch,495
7851,718,pier,imagenet_sketch,495
7852,718,pier,imagenet_sketch,495
7853,718,pier,imagenet_sketch,435
7854,718,pier,imagenet_sketch,202
7855,719,piggy_bank,imagenet,132
7856,719,piggy_bank,imagenet,367
7857,719,piggy_bank,imagenet,804
7858,719,piggy_bank,imagenet,367
7859,719,piggy_bank,imagenet,367
7860,720,pill_bottle,objectnet,596
7861,721,pillow,objectnet,682
7862,721,pillow,objectnet,603
7863,721,pillow,objectnet,155
7864,721,pillow,objectnet,119
7865,721,pillow,objectnet,594
7866,721,pillow,objectnet,739
7867,721,pillow,imagenet,121
7868,721,pillow,imagenet,121
7869,721,pillow,imagenet,121
7870,721,pillow,imagenet,361
7871,721,pillow,imagenet,121
7872,721,pillow,imagenet,121
7873,721,pillow,imagenet,121
7874,721,pillow,imagenet,121
7875,722,ping-pong_ball,imagenet,587
7876,722,ping-pong_ball,imagenet,587
7877,724,pirate,imagenet,326
7878,724,pirate,imagenet,124
7879,724,pirate,imagenet_sketch,586
7880,725,pitcher,objectnet,608
7881,725,pitcher,objectnet,578
7882,725,pitcher,objectnet,633
7883,725,pitcher,objectnet,622
7884,725,pitcher,objectnet,764
7885,725,pitcher,objectnet,608
7886,725,pitcher,objectnet,604
7887,725,pitcher,imagenet,588
7888,725,pitcher,imagenet,588
7889,725,pitcher,imagenet,588
7890,725,pitcher,imagenet,588
7891,725,pitcher,imagenet,749
7892,725,pitcher,imagenet,588
7893,725,pitcher,imagenet,487
7894,725,pitcher,imagenet,588
7895,725,pitcher,imagenet,485
7896,725,pitcher,imagenet,588
7897,725,pitcher,imagenet,588
7898,725,pitcher,imagenet,588
7899,725,pitcher,imagenet,588
7900,725,pitcher,imagenet,749
7901,725,pitcher,imagenet,731
7902,725,pitcher,imagenet,487
7903,725,pitcher,imagenet,588
7904,725,pitcher,imagenet,485
7905,725,pitcher,imagenet,588
7906,725,pitcher,imagenet,588
7907,725,pitcher,imagenet,588
7908,725,pitcher,imagenet,588
7909,725,pitcher,imagenet,487
7910,725,pitcher,imagenet,588
7911,725,pitcher,imagenet,749
7912,725,pitcher,imagenet,487
7913,725,pitcher,imagenet,485
7914,725,pitcher,imagenet,165
7915,899,water_jug,imagenet,731
7916,725,pitcher,imagenet,588
7917,725,pitcher,imagenet,24
7918,725,pitcher,imagenet,165
7919,725,pitcher,imagenet,588
7920,725,pitcher,imagenet,588
7921,725,pitcher,imagenet,749
7922,725,pitcher,imagenet,588
7923,725,pitcher,imagenet,731
7924,725,pitcher,imagenet,165
7925,725,pitcher,imagenet,485
7926,725,pitcher,imagenet,588
7927,725,pitcher,imagenet,588
7928,725,pitcher,imagenet,588
7929,725,pitcher,imagenet,588
7930,725,pitcher,imagenet,487
7931,725,pitcher,imagenet,588
7932,725,pitcher,imagenet,485
7933,725,pitcher,imagenet,588
7934,725,pitcher,imagenet,24
7935,725,pitcher,imagenet,165
7936,725,pitcher,imagenet,700
7937,725,pitcher,imagenet,650
7938,725,pitcher,imagenet,588
7939,725,pitcher,imagenet,588
7940,725,pitcher,imagenet,165
7941,725,pitcher,imagenet,749
7942,725,pitcher,imagenet,588
7943,725,pitcher,imagenet,487
7944,725,pitcher,imagenet,485
7945,725,pitcher,imagenet_sketch,6
7946,726,plane,imagenet_sketch,184
7947,726,plane,imagenet_sketch,184
7948,726,plane,imagenet_sketch,184
7949,726,plane,imagenet_sketch,184
7950,726,plane,imagenet_sketch,184
7951,726,plane,imagenet_sketch,184
7952,726,plane,imagenet_sketch,685
7953,726,plane,imagenet_sketch,184
7954,726,plane,imagenet_sketch,184
7955,726,plane,imagenet_sketch,184
7956,726,plane,imagenet_sketch,184
7957,726,plane,imagenet_sketch,184
7958,726,plane,imagenet_sketch,184
7959,726,plane,imagenet_sketch,184
7960,726,plane,imagenet_sketch,184
7961,726,plane,imagenet_sketch,184
7962,726,plane,imagenet_sketch,184
7963,726,plane,imagenet_sketch,184
7964,726,plane,imagenet_sketch,184
7965,726,plane,imagenet_sketch,685
7966,726,plane,imagenet_sketch,184
7967,726,plane,imagenet_sketch,184
7968,726,plane,imagenet_sketch,685
7969,726,plane,imagenet_sketch,184
7970,726,plane,imagenet_sketch,184
7971,726,plane,imagenet_sketch,685
7972,726,plane,imagenet_sketch,184
7973,726,plane,imagenet_sketch,184
7974,727,planetarium,imagenet,740
7975,727,planetarium,imagenet,585
7976,727,planetarium,imagenet,585
7977,727,planetarium,imagenet_sketch,363
7978,727,planetarium,imagenet_sketch,495
7979,727,planetarium,imagenet_sketch,363
7980,727,planetarium,imagenet_sketch,792
7981,727,planetarium,imagenet_sketch,127
7982,727,planetarium,imagenet_sketch,363
7983,728,plastic_bag,objectnet,765
7984,728,plastic_bag,objectnet,655
7985,728,plastic_bag,imagenet,361
7986,728,plastic_bag,imagenet,153
7987,728,plastic_bag,imagenet,653
7988,728,plastic_bag,imagenet,415
7989,728,plastic_bag,imagenet_sketch,806
7990,728,plastic_bag,imagenet_sketch,11
7991,729,plate_rack,objectnet,699
7992,729,plate_rack,objectnet,621
7993,729,plate_rack,objectnet,476
7994,729,plate_rack,objectnet,612
7995,729,plate_rack,objectnet,594
7996,729,plate_rack,objectnet,404
7997,729,plate_rack,objectnet,226
7998,729,plate_rack,objectnet,570
7999,729,plate_rack,objectnet,570
8000,729,plate_rack,objectnet,570
8001,729,plate_rack,objectnet,565
8002,729,plate_rack,imagenet,585
8003,729,plate_rack,imagenet,657
8004,729,plate_rack,imagenet,753
8005,729,plate_rack,imagenet,106
8006,729,plate_rack,imagenet,740
8007,729,plate_rack,imagenet,657
8008,729,plate_rack,imagenet,736
8009,729,plate_rack,imagenet,105
8010,729,plate_rack,imagenet,575
8011,729,plate_rack,imagenet,106
8012,729,plate_rack,imagenet,106
8013,729,plate_rack,imagenet,589
8014,729,plate_rack,imagenet,657
8015,729,plate_rack,imagenet,106
8016,729,plate_rack,imagenet,585
8017,729,plate_rack,imagenet,657
8018,729,plate_rack,imagenet,753
8019,729,plate_rack,imagenet,154
8020,729,plate_rack,imagenet,106
8021,729,plate_rack,imagenet,351
8022,729,plate_rack,imagenet,106
8023,729,plate_rack,imagenet,589
8024,729,plate_rack,imagenet_sketch,729
8025,729,plate_rack,imagenet_sketch,729
8026,730,plow,imagenet,666
8027,730,plow,imagenet,566
8028,730,plow,imagenet,572
8029,730,plow,imagenet,566
8030,730,plow,imagenet,453
8031,730,plow,imagenet,158
8032,730,plow,imagenet,110
8033,730,plow,imagenet,188
8034,730,plow,imagenet,566
8035,730,plow,imagenet,678
8036,730,plow,imagenet,572
8037,730,plow,imagenet,158
8038,730,plow,imagenet,124
8039,730,plow,imagenet,73
8040,730,plow,imagenet,393
8041,730,plow,imagenet,666
8042,730,plow,imagenet,566
8043,730,plow,imagenet,572
8044,730,plow,imagenet,81
8045,730,plow,imagenet_sketch,778
8046,730,plow,imagenet_sketch,775
8047,730,plow,imagenet_sketch,523
8048,730,plow,imagenet_sketch,778
8049,730,plow,imagenet_sketch,775
8050,730,plow,imagenet_sketch,29
8051,730,plow,imagenet_sketch,29
8052,730,plow,imagenet_sketch,697
8053,730,plow,imagenet_sketch,339
8054,730,plow,imagenet_sketch,339
8055,730,plow,imagenet_sketch,523
8056,730,plow,imagenet_sketch,778
8057,730,plow,imagenet_sketch,775
8058,730,plow,imagenet_sketch,29
8059,730,plow,imagenet_sketch,697
8060,730,plow,imagenet_sketch,339
8061,730,plow,imagenet_sketch,339
8062,730,plow,imagenet_sketch,523
8063,730,plow,imagenet_sketch,523
8064,731,plunger,imagenet,86
8065,731,plunger,imagenet,610
8066,731,plunger,imagenet,489
8067,731,plunger,imagenet,86
8068,731,plunger,imagenet,610
8069,731,plunger,imagenet,767
8070,731,plunger,imagenet,341
8071,731,plunger,imagenet,625
8072,731,plunger,imagenet,610
8073,731,plunger,imagenet,86
8074,731,plunger,imagenet,375
8075,731,plunger,imagenet,201
8076,731,plunger,imagenet,610
8077,731,plunger,imagenet,391
8078,731,plunger,imagenet,625
8079,731,plunger,imagenet,562
8080,731,plunger,imagenet,610
8081,731,plunger,imagenet,86
8082,731,plunger,imagenet,201
8083,731,plunger,imagenet,610
8084,731,plunger,imagenet,625
8085,731,plunger,imagenet,610
8086,731,plunger,imagenet,86
8087,731,plunger,imagenet,767
8088,731,plunger,imagenet,86
8089,731,plunger,imagenet,201
8090,731,plunger,imagenet,767
8091,731,plunger,imagenet,625
8092,731,plunger,imagenet,610
8093,732,Polaroid_camera,objectnet,597
8094,732,Polaroid_camera,objectnet,404
8095,732,Polaroid_camera,objectnet,655
8096,732,Polaroid_camera,objectnet,601
8097,732,Polaroid_camera,objectnet,7
8098,732,Polaroid_camera,objectnet,701
8099,732,Polaroid_camera,objectnet,602
8100,732,Polaroid_camera,objectnet,464
8101,732,Polaroid_camera,objectnet,763
8102,732,Polaroid_camera,objectnet,651
8103,732,Polaroid_camera,imagenet,24
8104,732,Polaroid_camera,imagenet,24
8105,732,Polaroid_camera,imagenet,453
8106,732,Polaroid_camera,imagenet,563
8107,732,Polaroid_camera,imagenet,24
8108,732,Polaroid_camera,imagenet,453
8109,732,Polaroid_camera,imagenet,453
8110,732,Polaroid_camera,imagenet,24
8111,732,Polaroid_camera,imagenet_sketch,65
8112,732,Polaroid_camera,imagenet_sketch,453
8113,732,Polaroid_camera,imagenet_sketch,453
8114,732,Polaroid_camera,imagenet_sketch,599
8115,732,Polaroid_camera,imagenet,453
8116,733,pole,imagenet,252
8117,733,pole,imagenet,726
8118,733,pole,imagenet,642
8119,733,pole,imagenet,566
8120,733,pole,imagenet,586
8121,733,pole,imagenet,642
8122,733,pole,imagenet,566
8123,733,pole,imagenet,642
8124,733,pole,imagenet,586
8125,733,pole,imagenet,642
8126,733,pole,imagenet,566
8127,733,pole,imagenet,586
8128,733,pole,imagenet,252
8129,733,pole,imagenet,642
8130,733,pole,imagenet_sketch,806
8131,733,pole,imagenet_sketch,339
8132,660,mobile_home,imagenet,601
8133,733,pole,imagenet,642
8134,735,poncho,imagenet,253
8135,735,poncho,imagenet,253
8136,735,poncho,imagenet,644
8137,735,poncho,imagenet,253
8138,735,poncho,imagenet,253
8139,735,poncho,imagenet,253
8140,735,poncho,imagenet,253
8141,735,poncho,imagenet,644
8142,735,poncho,imagenet,253
8143,735,poncho,imagenet,21
8144,735,poncho,imagenet,253
8145,735,poncho,imagenet,253
8146,735,poncho,imagenet,720
8147,735,poncho,imagenet,253
8148,735,poncho,imagenet,253
8149,735,poncho,imagenet,253
8150,735,poncho,imagenet_sketch,415
8151,735,poncho,imagenet_sketch,82
8152,735,poncho,imagenet_sketch,760
8153,735,poncho,imagenet_sketch,760
8154,735,poncho,imagenet_sketch,760
8155,735,poncho,imagenet_sketch,760
8156,735,poncho,imagenet_sketch,544
8157,735,poncho,imagenet_sketch,760
8158,735,poncho,imagenet_sketch,544
8159,735,poncho,imagenet_sketch,760
8160,735,poncho,imagenet_sketch,415
8161,735,poncho,imagenet_sketch,82
8162,735,poncho,imagenet_sketch,760
8163,735,poncho,imagenet_sketch,760
8164,735,poncho,imagenet,253
8165,735,poncho,imagenet,253
8166,735,poncho,imagenet,253
8167,735,poncho,imagenet,644
8168,736,pool_table,imagenet,245
8169,736,pool_table,imagenet_sketch,729
8170,736,pool_table,imagenet_sketch,733
8171,736,pool_table,imagenet_sketch,733
8172,736,pool_table,imagenet_sketch,198
8173,736,pool_table,imagenet_sketch,203
8174,736,pool_table,imagenet_sketch,781
8175,736,pool_table,imagenet_sketch,203
8176,736,pool_table,imagenet_sketch,729
8177,736,pool_table,imagenet,245
8178,737,pop_bottle,objectnet,606
8179,737,pop_bottle,imagenet,458
8180,737,pop_bottle,imagenet,458
8181,737,pop_bottle,imagenet,458
8182,737,pop_bottle,imagenet_sketch,773
8183,737,pop_bottle,imagenet_sketch,770
8184,737,pop_bottle,imagenet_sketch,770
8185,737,pop_bottle,imagenet_sketch,773
8186,737,pop_bottle,imagenet_sketch,379
8187,737,pop_bottle,imagenet_sketch,770
8188,737,pop_bottle,imagenet_sketch,770
8189,737,pop_bottle,imagenet,458
8190,738,pot,imagenet,532
8191,738,pot,imagenet,487
8192,738,pot,imagenet,532
8193,738,pot,imagenet,532
8194,738,pot,imagenet,487
8195,738,pot,imagenet,532
8196,738,pot,imagenet,487
8197,738,pot,imagenet,532
8198,738,pot,imagenet_sketch,28
8199,738,pot,imagenet_sketch,297
8200,738,pot,imagenet_sketch,6
8201,738,pot,imagenet_sketch,6
8202,738,pot,imagenet_sketch,6
8203,738,pot,imagenet_sketch,100
8204,738,pot,imagenet_sketch,554
8205,738,pot,imagenet_sketch,100
8206,738,pot,imagenet_sketch,6
8207,738,pot,imagenet_sketch,671
8208,738,pot,imagenet_sketch,297
8209,738,pot,imagenet_sketch,6
8210,738,pot,imagenet_sketch,484
8211,738,pot,imagenet_sketch,6
8212,738,pot,imagenet_sketch,459
8213,738,pot,imagenet_sketch,6
8214,738,pot,imagenet_sketch,459
8215,738,pot,imagenet_sketch,165
8216,738,pot,imagenet_sketch,6
8217,738,pot,imagenet_sketch,649
8218,738,pot,imagenet_sketch,577
8219,738,pot,imagenet_sketch,588
8220,738,pot,imagenet_sketch,28
8221,738,pot,imagenet_sketch,297
8222,738,pot,imagenet_sketch,6
8223,738,pot,imagenet_sketch,100
8224,738,pot,imagenet_sketch,100
8225,738,pot,imagenet_sketch,6
8226,738,pot,imagenet_sketch,6
8227,738,pot,imagenet_sketch,650
8228,738,pot,imagenet_sketch,6
8229,738,pot,imagenet_sketch,6
8230,738,pot,imagenet_sketch,6
8231,738,pot,imagenet_sketch,6
8232,738,pot,imagenet_sketch,100
8233,738,pot,imagenet_sketch,650
8234,738,pot,imagenet_sketch,53
8235,738,pot,imagenet,487
8236,738,pot,imagenet,532
8237,739,potter's_wheel,imagenet_sketch,373
8238,739,potter's_wheel,imagenet_sketch,577
8239,739,potter's_wheel,imagenet_sketch,577
8240,739,potter's_wheel,imagenet_sketch,652
8241,739,potter's_wheel,imagenet_sketch,485
8242,739,potter's_wheel,imagenet_sketch,652
8243,739,potter's_wheel,imagenet_sketch,373
8244,739,potter's_wheel,imagenet_sketch,577
8245,740,power_drill,imagenet,565
8246,741,prayer_rug,imagenet,407
8247,741,prayer_rug,imagenet,587
8248,741,prayer_rug,imagenet,136
8249,741,prayer_rug,imagenet,375
8250,741,prayer_rug,imagenet,587
8251,741,prayer_rug,imagenet,740
8252,741,prayer_rug,imagenet,587
8253,741,prayer_rug,imagenet_sketch,564
8254,741,prayer_rug,imagenet,740
8255,742,printer,imagenet,657
8256,742,printer,imagenet,657
8257,742,printer,objectnet,701
8258,742,printer,objectnet,626
8259,742,printer,objectnet,701
8260,742,printer,objectnet,612
8261,742,printer,objectnet,599
8262,742,printer,imagenet,657
8263,742,printer,imagenet,657
8264,742,printer,imagenet,490
8265,742,printer,imagenet,657
8266,742,printer,imagenet,657
8267,742,printer,imagenet,657
8268,742,printer,imagenet_sketch,65
8269,742,printer,imagenet_sketch,65
8270,742,printer,imagenet_sketch,519
8271,743,prison,imagenet,658
8272,743,prison,imagenet,658
8273,743,prison,imagenet,658
8274,743,prison,imagenet,658
8275,743,prison,imagenet,658
8276,743,prison,imagenet,262
8277,743,prison,imagenet,658
8278,743,prison,imagenet,658
8279,743,prison,imagenet_sketch,208
8280,745,projector,imagenet,518
8281,745,projector,imagenet,518
8282,745,projector,imagenet,518
8283,745,projector,imagenet_sketch,239
8284,745,projector,imagenet_sketch,696
8285,745,projector,imagenet_sketch,696
8286,745,projector,imagenet_sketch,239
8287,745,projector,imagenet_sketch,239
8288,745,projector,imagenet_sketch,696
8289,745,projector,imagenet_sketch,414
8290,745,projector,imagenet_sketch,509
8291,745,projector,imagenet_sketch,323
8292,745,projector,imagenet_sketch,239
8293,747,punching_bag,imagenet,660
8294,747,punching_bag,imagenet,791
8295,747,punching_bag,imagenet,660
8296,747,punching_bag,imagenet,660
8297,747,punching_bag,imagenet,660
8298,747,punching_bag,imagenet,791
8299,747,punching_bag,imagenet,791
8300,747,punching_bag,imagenet,660
8301,747,punching_bag,imagenet,791
8302,747,punching_bag,imagenet_sketch,339
8303,747,punching_bag,imagenet_sketch,659
8304,747,punching_bag,imagenet_sketch,368
8305,747,punching_bag,imagenet_sketch,339
8306,747,punching_bag,imagenet_sketch,659
8307,748,purse,imagenet,341
8308,748,purse,imagenet,462
8309,748,purse,imagenet,752
8310,748,purse,imagenet,462
8311,748,purse,imagenet,462
8312,748,purse,imagenet,752
8313,748,purse,imagenet,752
8314,748,purse,imagenet,587
8315,748,purse,imagenet,79
8316,748,purse,imagenet,519
8317,748,purse,imagenet,752
8318,748,purse,imagenet,260
8319,748,purse,imagenet,752
8320,748,purse,imagenet,462
8321,748,purse,imagenet,462
8322,748,purse,imagenet_sketch,794
8323,749,quill,imagenet_a,220
8324,750,quilt,imagenet,416
8325,750,quilt,imagenet,663
8326,750,quilt,imagenet,698
8327,750,quilt,imagenet,214
8328,750,quilt,imagenet,663
8329,750,quilt,imagenet,214
8330,750,quilt,imagenet,663
8331,750,quilt,imagenet,488
8332,750,quilt,imagenet,663
8333,750,quilt,imagenet,214
8334,750,quilt,imagenet,416
8335,750,quilt,imagenet,416
8336,750,quilt,imagenet,214
8337,750,quilt,imagenet,663
8338,750,quilt,imagenet,663
8339,750,quilt,imagenet,663
8340,750,quilt,imagenet,663
8341,750,quilt,imagenet,663
8342,750,quilt,imagenet,416
8343,750,quilt,imagenet,416
8344,750,quilt,imagenet,214
8345,750,quilt,imagenet,663
8346,750,quilt,imagenet,663
8347,750,quilt,imagenet,663
8348,750,quilt,imagenet,663
8349,750,quilt,imagenet,214
8350,750,quilt,imagenet,698
8351,750,quilt,imagenet,214
8352,750,quilt,imagenet,663
8353,750,quilt,imagenet,115
8354,750,quilt,imagenet,214
8355,414,backpack,imagenet,700
8356,750,quilt,imagenet,663
8357,750,quilt,imagenet,416
8358,750,quilt,imagenet,663
8359,750,quilt,imagenet,416
8360,750,quilt,imagenet,698
8361,915,yurt,imagenet,663
8362,750,quilt,imagenet,214
8363,750,quilt,imagenet,663
8364,750,quilt,imagenet,663
8365,750,quilt,imagenet,663
8366,750,quilt,imagenet,115
8367,750,quilt,imagenet,663
8368,750,quilt,imagenet,663
8369,750,quilt,imagenet,214
8370,414,backpack,imagenet,663
8371,750,quilt,imagenet,416
8372,750,quilt,imagenet,416
8373,750,quilt,imagenet,214
8374,750,quilt,imagenet,663
8375,750,quilt,imagenet,663
8376,750,quilt,imagenet,416
8377,750,quilt,imagenet,214
8378,750,quilt,imagenet,663
8379,750,quilt,imagenet,663
8380,750,quilt,imagenet,663
8381,750,quilt,imagenet,663
8382,750,quilt,imagenet,214
8383,750,quilt,imagenet_sketch,745
8384,750,quilt,imagenet_sketch,203
8385,750,quilt,imagenet_sketch,136
8386,750,quilt,imagenet_sketch,136
8387,750,quilt,imagenet_sketch,136
8388,750,quilt,imagenet_sketch,745
8389,750,quilt,imagenet_sketch,203
8390,750,quilt,imagenet_sketch,136
8391,750,quilt,imagenet_sketch,136
8392,750,quilt,imagenet_sketch,745
8393,750,quilt,imagenet_sketch,203
8394,750,quilt,imagenet_sketch,136
8395,750,quilt,imagenet_sketch,136
8396,750,quilt,imagenet_sketch,136
8397,750,quilt,imagenet_sketch,745
8398,751,racer,imagenet,666
8399,751,racer,imagenet_sketch,580
8400,751,racer,imagenet_sketch,685
8401,751,racer,imagenet_sketch,685
8402,751,racer,imagenet_sketch,324
8403,751,racer,imagenet_sketch,580
8404,751,racer,imagenet_sketch,590
8405,752,racket,objectnet,674
8406,752,racket,objectnet,290
8407,752,racket,objectnet,372
8408,752,racket,objectnet,38
8409,752,racket,imagenet_a,362
8410,753,radiator,imagenet,250
8411,753,radiator,imagenet,543
8412,753,radiator,imagenet,84
8413,753,radiator,imagenet,84
8414,753,radiator,imagenet,609
8415,753,radiator,imagenet,250
8416,753,radiator,imagenet,250
8417,753,radiator,imagenet,84
8418,753,radiator,imagenet,84
8419,753,radiator,imagenet,609
8420,753,radiator,imagenet,250
8421,753,radiator,imagenet,84
8422,753,radiator,imagenet,153
8423,753,radiator,imagenet,609
8424,753,radiator,imagenet,250
8425,753,radiator,imagenet,543
8426,753,radiator,imagenet,84
8427,753,radiator,imagenet,328
8428,753,radiator,imagenet,736
8429,753,radiator,imagenet,84
8430,753,radiator,imagenet,609
8431,753,radiator,imagenet,250
8432,753,radiator,imagenet,84
8433,753,radiator,imagenet,609
8434,753,radiator,imagenet,250
8435,753,radiator,imagenet,250
8436,753,radiator,imagenet_sketch,641
8437,753,radiator,imagenet_sketch,641
8438,754,radio,imagenet,563
8439,754,radio,imagenet,563
8440,754,radio,imagenet,591
8441,754,radio,imagenet,563
8442,755,radio_telescope,imagenet,241
8443,755,radio_telescope,imagenet,241
8444,755,radio_telescope,imagenet,241
8445,755,radio_telescope,imagenet,241
8446,756,rain_barrel,imagenet_sketch,744
8447,756,rain_barrel,imagenet_sketch,667
8448,756,rain_barrel,imagenet_sketch,744
8449,756,rain_barrel,imagenet_sketch,667
8450,756,rain_barrel,imagenet_sketch,744
8451,758,reel,imagenet,57
8452,758,reel,imagenet,669
8453,758,reel,imagenet,175
8454,758,reel,imagenet,57
8455,840,swab,imagenet,151
8456,758,reel,imagenet,224
8457,758,reel,imagenet,137
8458,758,reel,imagenet,669
8459,758,reel,imagenet,244
8460,758,reel,imagenet,669
8461,758,reel,imagenet,57
8462,758,reel,imagenet,669
8463,758,reel,imagenet_a,289
8464,758,reel,imagenet_a,202
8465,758,reel,imagenet_sketch,670
8466,758,reel,imagenet_sketch,670
8467,758,reel,imagenet_sketch,243
8468,758,reel,imagenet_sketch,714
8469,758,reel,imagenet_sketch,670
8470,758,reel,imagenet_sketch,670
8471,758,reel,imagenet_sketch,714
8472,758,reel,imagenet_sketch,670
8473,758,reel,imagenet_sketch,714
8474,758,reel,imagenet_sketch,670
8475,758,reel,imagenet_sketch,670
8476,758,reel,imagenet_sketch,670
8477,758,reel,imagenet_sketch,243
8478,758,reel,imagenet_sketch,670
8479,758,reel,imagenet_sketch,670
8480,758,reel,imagenet_sketch,243
8481,758,reel,imagenet_sketch,714
8482,758,reel,imagenet_sketch,670
8483,758,reel,imagenet_sketch,670
8484,758,reel,imagenet_sketch,670
8485,758,reel,imagenet_sketch,714
8486,758,reel,imagenet_sketch,670
8487,758,reel,imagenet_sketch,670
8488,758,reel,imagenet_sketch,670
8489,758,reel,imagenet_sketch,670
8490,761,remote_control,objectnet,316
8491,761,remote_control,objectnet,602
8492,761,remote_control,objectnet,7
8493,761,remote_control,objectnet,606
8494,761,remote_control,objectnet,261
8495,761,remote_control,objectnet,617
8496,761,remote_control,objectnet,602
8497,761,remote_control,objectnet,578
8498,761,remote_control,objectnet,602
8499,761,remote_control,objectnet,765
8500,761,remote_control,objectnet,230
8501,761,remote_control,objectnet,764
8502,761,remote_control,objectnet,83
8503,521,Crock_Pot,imagenet,638
8504,762,restaurant,imagenet,638
8505,762,restaurant,imagenet_sketch,373
8506,488,chain,imagenet,151
8507,488,chain,imagenet,151
8508,488,chain,imagenet,151
8509,766,rotisserie,imagenet_sketch,671
8510,766,rotisserie,imagenet_sketch,671
8511,767,rubber_eraser,imagenet,285
8512,767,rubber_eraser,imagenet,403
8513,767,rubber_eraser,imagenet,359
8514,767,rubber_eraser,imagenet,688
8515,767,rubber_eraser,imagenet,688
8516,767,rubber_eraser,imagenet,641
8517,767,rubber_eraser,imagenet,641
8518,767,rubber_eraser,imagenet,688
8519,767,rubber_eraser,imagenet,688
8520,767,rubber_eraser,imagenet,403
8521,767,rubber_eraser,imagenet,359
8522,767,rubber_eraser,imagenet,688
8523,767,rubber_eraser,imagenet,688
8524,767,rubber_eraser,imagenet,453
8525,767,rubber_eraser,imagenet,688
8526,767,rubber_eraser,imagenet,641
8527,767,rubber_eraser,imagenet,171
8528,767,rubber_eraser,imagenet,688
8529,767,rubber_eraser,imagenet,688
8530,767,rubber_eraser,imagenet,359
8531,767,rubber_eraser,imagenet,688
8532,767,rubber_eraser,imagenet,641
8533,767,rubber_eraser,imagenet,688
8534,767,rubber_eraser,imagenet,688
8535,769,rule,objectnet,778
8536,769,rule,objectnet,607
8537,769,rule,imagenet,337
8538,769,rule,imagenet,337
8539,769,rule,imagenet,337
8540,769,rule,imagenet,519
8541,769,rule,imagenet,458
8542,769,rule,imagenet,337
8543,769,rule,imagenet_sketch,194
8544,770,running_shoe,objectnet,597
8545,770,running_shoe,objectnet,263
8546,770,running_shoe,objectnet,502
8547,770,running_shoe,objectnet,263
8548,770,running_shoe,objectnet,708
8549,770,running_shoe,objectnet,263
8550,770,running_shoe,objectnet,665
8551,770,running_shoe,objectnet,263
8552,770,running_shoe,imagenet,31
8553,771,safe,imagenet,527
8554,771,safe,imagenet,527
8555,771,safe,imagenet,527
8556,771,safe,imagenet,458
8557,771,safe,imagenet,527
8558,771,safe,imagenet,753
8559,771,safe,imagenet,458
8560,771,safe,imagenet,527
8561,771,safe,imagenet,527
8562,771,safe,imagenet,527
8563,771,safe,imagenet_sketch,243
8564,771,safe,imagenet_sketch,5
8565,771,safe,imagenet_sketch,412
8566,771,safe,imagenet_sketch,243
8567,771,safe,imagenet_sketch,5
8568,771,safe,imagenet_sketch,412
8569,772,safety_pin,objectnet,561
8570,772,safety_pin,imagenet,183
8571,772,safety_pin,imagenet,487
8572,772,safety_pin,imagenet,183
8573,772,safety_pin,imagenet,183
8574,772,safety_pin,imagenet,689
8575,772,safety_pin,imagenet,27
8576,772,safety_pin,imagenet,27
8577,772,safety_pin,imagenet,183
8578,772,safety_pin,imagenet,487
8579,772,safety_pin,imagenet,689
8580,772,safety_pin,imagenet,27
8581,772,safety_pin,imagenet,183
8582,772,safety_pin,imagenet,487
8583,772,safety_pin,imagenet,183
8584,772,safety_pin,imagenet,183
8585,772,safety_pin,imagenet,169
8586,772,safety_pin,imagenet,27
8587,772,safety_pin,imagenet,328
8588,772,safety_pin,imagenet,183
8589,772,safety_pin,imagenet,666
8590,772,safety_pin,imagenet,100
8591,772,safety_pin,imagenet,487
8592,772,safety_pin,imagenet,183
8593,772,safety_pin,imagenet,183
8594,772,safety_pin,imagenet,169
8595,772,safety_pin,imagenet,689
8596,772,safety_pin,imagenet,565
8597,772,safety_pin,imagenet,24
8598,772,safety_pin,imagenet,27
8599,772,safety_pin,imagenet,27
8600,772,safety_pin,imagenet,183
8601,772,safety_pin,imagenet,487
8602,772,safety_pin,imagenet,183
8603,772,safety_pin,imagenet,689
8604,772,safety_pin,imagenet,27
8605,772,safety_pin,imagenet,183
8606,772,safety_pin,imagenet,487
8607,772,safety_pin,imagenet,183
8608,772,safety_pin,imagenet,169
8609,772,safety_pin,imagenet,27
8610,772,safety_pin,imagenet,183
8611,772,safety_pin,imagenet,487
8612,772,safety_pin,imagenet,169
8613,772,safety_pin,imagenet,689
8614,772,safety_pin,imagenet,27
8615,772,safety_pin,imagenet,27
8616,773,saltshaker,objectnet,222
8617,773,saltshaker,objectnet,596
8618,773,saltshaker,objectnet,634
8619,773,saltshaker,objectnet,31
8620,773,saltshaker,objectnet,7
8621,773,saltshaker,imagenet,731
8622,773,saltshaker,imagenet,731
8623,773,saltshaker,imagenet,551
8624,773,saltshaker,imagenet,453
8625,773,saltshaker,imagenet,320
8626,773,saltshaker,imagenet,152
8627,773,saltshaker,imagenet,517
8628,773,saltshaker,imagenet,731
8629,773,saltshaker,imagenet,481
8630,773,saltshaker,imagenet,453
8631,774,sandal,objectnet,623
8632,774,sandal,objectnet,594
8633,774,sandal,objectnet,674
8634,774,sandal,imagenet,665
8635,788,shoe_shop,imagenet,676
8636,774,sandal,imagenet,665
8637,774,sandal,imagenet,244
8638,788,shoe_shop,imagenet,676
8639,788,shoe_shop,imagenet,676
8640,774,sandal,imagenet,665
8641,774,sandal,imagenet_a,97
8642,788,shoe_shop,imagenet,676
8643,774,sandal,imagenet,665
8644,774,sandal,imagenet,263
8645,775,sarong,imagenet_sketch,51
8646,775,sarong,imagenet_sketch,51
8647,775,sarong,imagenet_sketch,207
8648,775,sarong,imagenet_sketch,207
8649,775,sarong,imagenet_sketch,234
8650,775,sarong,imagenet_sketch,207
8651,776,sax,imagenet,591
8652,776,sax,imagenet_r,627
8653,777,scabbard,imagenet,723
8654,777,scabbard,imagenet,723
8655,777,scabbard,imagenet,723
8656,777,scabbard,imagenet,18
8657,777,scabbard,imagenet,723
8658,777,scabbard,imagenet,523
8659,778,scale,objectnet,618
8660,778,scale,objectnet,316
8661,778,scale,objectnet,32
8662,778,scale,objectnet,618
8663,778,scale,objectnet,594
8664,778,scale,objectnet,33
8665,778,scale,objectnet,275
8666,778,scale,objectnet,33
8667,778,scale,objectnet,152
8668,778,scale,objectnet,32
8669,778,scale,objectnet,682
8670,778,scale,objectnet,619
8671,778,scale,objectnet,83
8672,778,scale,objectnet,275
8673,778,scale,objectnet,83
8674,778,scale,objectnet,58
8675,778,scale,objectnet,618
8676,778,scale,objectnet,602
8677,778,scale,objectnet,677
8678,778,scale,objectnet,316
8679,778,scale,objectnet,162
8680,778,scale,objectnet,603
8681,778,scale,objectnet,567
8682,778,scale,objectnet,133
8683,778,scale,objectnet,476
8684,778,scale,objectnet,83
8685,778,scale,imagenet,4
8686,778,scale,imagenet,4
8687,778,scale,imagenet,4
8688,778,scale,imagenet,61
8689,778,scale,imagenet,4
8690,778,scale,imagenet,151
8691,778,scale,imagenet,151
8692,778,scale,imagenet,4
8693,778,scale,imagenet,771
8694,778,scale,imagenet,796
8695,778,scale,imagenet,796
8696,778,scale,imagenet,4
8697,780,schooner,imagenet,326
8698,780,schooner,imagenet,326
8699,780,schooner,imagenet_r,588
8700,780,schooner,imagenet_r,666
8701,780,schooner,imagenet_sketch,326
8702,780,schooner,imagenet_sketch,326
8703,780,schooner,imagenet_sketch,613
8704,780,schooner,imagenet_sketch,326
8705,780,schooner,imagenet_sketch,326
8706,781,scoreboard,imagenet_sketch,472
8707,781,scoreboard,imagenet_sketch,464
8708,781,scoreboard,imagenet_sketch,196
8709,781,scoreboard,imagenet_sketch,472
8710,781,scoreboard,imagenet_sketch,255
8711,781,scoreboard,imagenet_sketch,431
8712,781,scoreboard,imagenet_sketch,431
8713,781,scoreboard,imagenet_sketch,793
8714,782,screen,imagenet_sketch,652
8715,782,screen,imagenet_sketch,164
8716,782,screen,imagenet_sketch,53
8717,782,screen,imagenet_sketch,259
8718,782,screen,imagenet_sketch,53
8719,782,screen,imagenet_sketch,259
8720,782,screen,imagenet_sketch,505
8721,782,screen,imagenet_sketch,53
8722,782,screen,imagenet_sketch,755
8723,782,screen,imagenet_sketch,652
8724,782,screen,imagenet_sketch,164
8725,782,screen,imagenet_sketch,505
8726,782,screen,imagenet_sketch,53
8727,782,screen,imagenet_sketch,652
8728,782,screen,imagenet_sketch,53
8729,782,screen,imagenet_sketch,259
8730,782,screen,imagenet_sketch,54
8731,782,screen,imagenet_sketch,53
8732,782,screen,imagenet_sketch,259
8733,782,screen,imagenet_sketch,505
8734,782,screen,imagenet_sketch,53
8735,782,screen,imagenet_sketch,755
8736,782,screen,imagenet_sketch,652
8737,782,screen,imagenet_sketch,164
8738,782,screen,imagenet_sketch,90
8739,782,screen,imagenet_sketch,652
8740,783,screw,objectnet,615
8741,783,screw,imagenet_sketch,788
8742,783,screw,imagenet_sketch,788
8743,784,screwdriver,imagenet,175
8744,784,screwdriver,imagenet,769
8745,784,screwdriver,imagenet,702
8746,784,screwdriver,imagenet,130
8747,784,screwdriver,imagenet,769
8748,784,screwdriver,imagenet,35
8749,784,screwdriver,imagenet,289
8750,784,screwdriver,imagenet,271
8751,784,screwdriver,imagenet,289
8752,784,screwdriver,imagenet,175
8753,784,screwdriver,imagenet,262
8754,784,screwdriver,imagenet,769
8755,784,screwdriver,imagenet,101
8756,784,screwdriver,imagenet,702
8757,784,screwdriver,imagenet,191
8758,784,screwdriver,imagenet,241
8759,784,screwdriver,imagenet,175
8760,784,screwdriver,imagenet,769
8761,784,screwdriver,imagenet,35
8762,784,screwdriver,imagenet,289
8763,784,screwdriver,imagenet,175
8764,784,screwdriver,imagenet,769
8765,784,screwdriver,imagenet,35
8766,784,screwdriver,imagenet,289
8767,785,seat_belt,imagenet,363
8768,785,seat_belt,imagenet,2
8769,785,seat_belt,imagenet_sketch,778
8770,785,seat_belt,imagenet_sketch,778
8771,785,seat_belt,imagenet_sketch,778
8772,785,seat_belt,imagenet_sketch,553
8773,786,sewing_machine,imagenet,705
8774,786,sewing_machine,imagenet,241
8775,786,sewing_machine,imagenet,241
8776,786,sewing_machine,imagenet,705
8777,786,sewing_machine,imagenet,705
8778,786,sewing_machine,imagenet,662
8779,786,sewing_machine,imagenet,241
8780,786,sewing_machine,imagenet,705
8781,786,sewing_machine,imagenet,241
8782,786,sewing_machine,imagenet,705
8783,786,sewing_machine,imagenet,662
8784,786,sewing_machine,imagenet,241
8785,786,sewing_machine,imagenet,705
8786,786,sewing_machine,imagenet,662
8787,787,shield,imagenet,105
8788,787,shield,imagenet,693
8789,787,shield,imagenet,791
8790,787,shield,imagenet,89
8791,787,shield,imagenet,144
8792,787,shield,imagenet,776
8793,787,shield,imagenet,693
8794,787,shield,imagenet,776
8795,787,shield,imagenet,693
8796,787,shield,imagenet_r,643
8797,787,shield,imagenet_r,524
8798,905,window_shade,imagenet,105
8799,789,shoji,imagenet,341
8800,789,shoji,imagenet,575
8801,789,shoji,imagenet,692
8802,789,shoji,imagenet,692
8803,789,shoji,imagenet_sketch,436
8804,789,shoji,imagenet_sketch,436
8805,789,shoji,imagenet_sketch,436
8806,789,shoji,imagenet_sketch,436
8807,789,shoji,imagenet_sketch,436
8808,790,shopping_basket,objectnet,703
8809,790,shopping_basket,objectnet,416
8810,790,shopping_basket,objectnet,604
8811,790,shopping_basket,objectnet,703
8812,790,shopping_basket,objectnet,602
8813,790,shopping_basket,objectnet,155
8814,790,shopping_basket,objectnet,603
8815,790,shopping_basket,objectnet,633
8816,790,shopping_basket,objectnet,20
8817,790,shopping_basket,objectnet,39
8818,790,shopping_basket,objectnet,604
8819,790,shopping_basket,objectnet,620
8820,790,shopping_basket,objectnet,790
8821,790,shopping_basket,objectnet,620
8822,790,shopping_basket,objectnet,674
8823,790,shopping_basket,objectnet,598
8824,790,shopping_basket,objectnet,235
8825,790,shopping_basket,objectnet,594
8826,790,shopping_basket,objectnet,608
8827,790,shopping_basket,objectnet,701
8828,790,shopping_basket,objectnet,476
8829,790,shopping_basket,objectnet,494
8830,790,shopping_basket,objectnet,768
8831,790,shopping_basket,objectnet,790
8832,790,shopping_basket,objectnet,797
8833,790,shopping_basket,objectnet,44
8834,790,shopping_basket,objectnet,682
8835,790,shopping_basket,objectnet,790
8836,790,shopping_basket,objectnet,502
8837,790,shopping_basket,objectnet,702
8838,790,shopping_basket,objectnet,651
8839,790,shopping_basket,objectnet,613
8840,790,shopping_basket,objectnet,617
8841,790,shopping_basket,objectnet,655
8842,790,shopping_basket,objectnet,608
8843,790,shopping_basket,objectnet,261
8844,790,shopping_basket,objectnet,651
8845,790,shopping_basket,objectnet,39
8846,790,shopping_basket,objectnet,155
8847,790,shopping_basket,objectnet,235
8848,790,shopping_basket,objectnet,275
8849,790,shopping_basket,objectnet,651
8850,790,shopping_basket,objectnet,154
8851,790,shopping_basket,objectnet,404
8852,790,shopping_basket,objectnet,797
8853,790,shopping_basket,objectnet,395
8854,790,shopping_basket,objectnet,147
8855,790,shopping_basket,objectnet,629
8856,790,shopping_basket,objectnet,651
8857,790,shopping_basket,objectnet,454
8858,790,shopping_basket,objectnet,620
8859,790,shopping_basket,objectnet,726
8860,790,shopping_basket,objectnet,701
8861,790,shopping_basket,objectnet,7
8862,790,shopping_basket,objectnet,201
8863,790,shopping_basket,objectnet,570
8864,790,shopping_basket,imagenet,613
8865,790,shopping_basket,imagenet,613
8866,790,shopping_basket,imagenet,653
8867,790,shopping_basket,imagenet,613
8868,790,shopping_basket,imagenet,693
8869,790,shopping_basket,imagenet,693
8870,790,shopping_basket,imagenet,613
8871,790,shopping_basket,imagenet,613
8872,792,shovel,imagenet,258
8873,792,shovel,objectnet,494
8874,792,shovel,objectnet,690
8875,792,shovel,objectnet,682
8876,792,shovel,objectnet,677
8877,792,shovel,objectnet,10
8878,792,shovel,objectnet,739
8879,792,shovel,objectnet,33
8880,792,shovel,objectnet,235
8881,792,shovel,imagenet,258
8882,792,shovel,imagenet,406
8883,792,shovel,imagenet,591
8884,792,shovel,imagenet,591
8885,792,shovel,imagenet,362
8886,792,shovel,imagenet,591
8887,792,shovel,imagenet,591
8888,792,shovel,imagenet,591
8889,792,shovel,imagenet,362
8890,792,shovel,imagenet,201
8891,792,shovel,imagenet_a,715
8892,792,shovel,imagenet_a,151
8893,793,shower_cap,imagenet,66
8894,793,shower_cap,imagenet,66
8895,793,shower_cap,imagenet,695
8896,793,shower_cap,imagenet,363
8897,793,shower_cap,imagenet,438
8898,793,shower_cap,imagenet,66
8899,793,shower_cap,imagenet,17
8900,793,shower_cap,imagenet,38
8901,793,shower_cap,imagenet,0
8902,793,shower_cap,imagenet,66
8903,793,shower_cap,imagenet,695
8904,793,shower_cap,imagenet,302
8905,793,shower_cap,imagenet_sketch,211
8906,793,shower_cap,imagenet_sketch,29
8907,793,shower_cap,imagenet_sketch,211
8908,793,shower_cap,imagenet_sketch,211
8909,793,shower_cap,imagenet_sketch,211
8910,793,shower_cap,imagenet_sketch,29
8911,793,shower_cap,imagenet_sketch,779
8912,793,shower_cap,imagenet_sketch,713
8913,793,shower_cap,imagenet_sketch,211
8914,794,shower_curtain,imagenet,693
8915,794,shower_curtain,imagenet,253
8916,794,shower_curtain,imagenet,740
8917,794,shower_curtain,imagenet,698
8918,794,shower_curtain,imagenet,740
8919,794,shower_curtain,imagenet,704
8920,794,shower_curtain,imagenet,740
8921,794,shower_curtain,imagenet,704
8922,794,shower_curtain,imagenet,698
8923,794,shower_curtain,imagenet,693
8924,794,shower_curtain,imagenet,430
8925,794,shower_curtain,imagenet,740
8926,794,shower_curtain,imagenet,698
8927,794,shower_curtain,imagenet,736
8928,794,shower_curtain,imagenet,740
8929,794,shower_curtain,imagenet,740
8930,794,shower_curtain,imagenet,704
8931,796,ski_mask,imagenet,253
8932,797,sleeping_bag,imagenet,642
8933,797,sleeping_bag,objectnet,23
8934,797,sleeping_bag,objectnet,219
8935,797,sleeping_bag,imagenet,642
8936,797,sleeping_bag,imagenet,536
8937,797,sleeping_bag,imagenet,536
8938,797,sleeping_bag,imagenet,642
8939,797,sleeping_bag,imagenet,536
8940,797,sleeping_bag,imagenet,642
8941,797,sleeping_bag,imagenet,544
8942,797,sleeping_bag,imagenet,21
8943,797,sleeping_bag,imagenet,536
8944,797,sleeping_bag,imagenet,415
8945,797,sleeping_bag,imagenet,642
8946,797,sleeping_bag,imagenet,253
8947,797,sleeping_bag,imagenet,536
8948,797,sleeping_bag,imagenet,536
8949,797,sleeping_bag,imagenet_sketch,187
8950,797,sleeping_bag,imagenet_sketch,187
8951,797,sleeping_bag,imagenet_sketch,51
8952,797,sleeping_bag,imagenet_sketch,531
8953,797,sleeping_bag,imagenet_sketch,779
8954,797,sleeping_bag,imagenet_sketch,187
8955,797,sleeping_bag,imagenet_sketch,531
8956,798,slide_rule,imagenet,706
8957,798,slide_rule,imagenet,382
8958,798,slide_rule,imagenet,706
8959,798,slide_rule,imagenet,706
8960,798,slide_rule,imagenet,382
8961,798,slide_rule,imagenet,382
8962,798,slide_rule,imagenet,706
8963,798,slide_rule,imagenet,436
8964,798,slide_rule,imagenet,326
8965,872,tripod,imagenet,382
8966,798,slide_rule,imagenet,673
8967,872,tripod,imagenet,382
8968,798,slide_rule,imagenet,382
8969,798,slide_rule,imagenet,706
8970,798,slide_rule,imagenet,706
8971,798,slide_rule,imagenet_sketch,442
8972,798,slide_rule,imagenet_sketch,442
8973,799,sliding_door,imagenet,650
8974,800,slot,imagenet_sketch,414
8975,800,slot,imagenet_sketch,478
8976,800,slot,imagenet_sketch,478
8977,800,slot,imagenet_sketch,175
8978,800,slot,imagenet_sketch,414
8979,800,slot,imagenet_sketch,509
8980,801,snorkel,imagenet,22
8981,801,snorkel,imagenet,22
8982,801,snorkel,imagenet,22
8983,801,snorkel,imagenet,22
8984,801,snorkel,imagenet,22
8985,801,snorkel,imagenet,22
8986,801,snorkel,imagenet,250
8987,801,snorkel,imagenet,22
8988,801,snorkel,imagenet,22
8989,801,snorkel,imagenet,22
8990,801,snorkel,imagenet,22
8991,801,snorkel,imagenet,22
8992,801,snorkel,imagenet,22
8993,801,snorkel,imagenet_sketch,472
8994,801,snorkel,imagenet_sketch,111
8995,801,snorkel,imagenet_sketch,111
8996,801,snorkel,imagenet_sketch,111
8997,801,snorkel,imagenet_sketch,111
8998,801,snorkel,imagenet_sketch,243
8999,801,snorkel,imagenet_sketch,111
9000,801,snorkel,imagenet_sketch,111
9001,801,snorkel,imagenet_sketch,709
9002,801,snorkel,imagenet_sketch,111
9003,801,snorkel,imagenet_sketch,783
9004,803,snowplow,imagenet,771
9005,803,snowplow,imagenet_sketch,444
9006,803,snowplow,imagenet_sketch,58
9007,803,snowplow,imagenet_sketch,58
9008,803,snowplow,imagenet_sketch,58
9009,803,snowplow,imagenet_sketch,444
9010,803,snowplow,imagenet_sketch,778
9011,804,soap_dispenser,objectnet,598
9012,804,soap_dispenser,objectnet,372
9013,804,soap_dispenser,objectnet,32
9014,804,soap_dispenser,objectnet,596
9015,804,soap_dispenser,objectnet,626
9016,804,soap_dispenser,objectnet,615
9017,804,soap_dispenser,objectnet,372
9018,804,soap_dispenser,objectnet,692
9019,804,soap_dispenser,objectnet,708
9020,804,soap_dispenser,objectnet,32
9021,804,soap_dispenser,objectnet,616
9022,804,soap_dispenser,objectnet,37
9023,804,soap_dispenser,objectnet,217
9024,804,soap_dispenser,objectnet,275
9025,804,soap_dispenser,objectnet,606
9026,804,soap_dispenser,objectnet,476
9027,804,soap_dispenser,objectnet,31
9028,804,soap_dispenser,objectnet,655
9029,804,soap_dispenser,objectnet,681
9030,804,soap_dispenser,objectnet,275
9031,804,soap_dispenser,objectnet,655
9032,804,soap_dispenser,objectnet,259
9033,804,soap_dispenser,objectnet,620
9034,804,soap_dispenser,objectnet,372
9035,804,soap_dispenser,objectnet,217
9036,804,soap_dispenser,objectnet,621
9037,804,soap_dispenser,objectnet,605
9038,804,soap_dispenser,objectnet,603
9039,804,soap_dispenser,imagenet,511
9040,804,soap_dispenser,imagenet,511
9041,804,soap_dispenser,imagenet,57
9042,804,soap_dispenser,imagenet,589
9043,804,soap_dispenser,imagenet,710
9044,804,soap_dispenser,imagenet,111
9045,804,soap_dispenser,imagenet,306
9046,804,soap_dispenser,imagenet,57
9047,804,soap_dispenser,imagenet,511
9048,804,soap_dispenser,imagenet_sketch,779
9049,804,soap_dispenser,imagenet_sketch,339
9050,804,soap_dispenser,imagenet_sketch,339
9051,804,soap_dispenser,imagenet_sketch,647
9052,804,soap_dispenser,imagenet_sketch,778
9053,804,soap_dispenser,imagenet_sketch,779
9054,806,sock,imagenet,431
9055,806,sock,imagenet,279
9056,806,sock,imagenet,454
9057,806,sock,imagenet,234
9058,806,sock,imagenet,409
9059,806,sock,imagenet_sketch,436
9060,807,solar_dish,imagenet,774
9061,807,solar_dish,imagenet,151
9062,807,solar_dish,imagenet,774
9063,807,solar_dish,imagenet_sketch,414
9064,807,solar_dish,imagenet_sketch,414
9065,809,soup_bowl,objectnet,594
9066,809,soup_bowl,objectnet,655
9067,809,soup_bowl,objectnet,159
9068,809,soup_bowl,objectnet,156
9069,809,soup_bowl,objectnet,594
9070,809,soup_bowl,objectnet,99
9071,809,soup_bowl,objectnet,159
9072,809,soup_bowl,objectnet,216
9073,809,soup_bowl,objectnet,711
9074,809,soup_bowl,objectnet,655
9075,809,soup_bowl,objectnet,620
9076,809,soup_bowl,objectnet,405
9077,809,soup_bowl,objectnet,39
9078,809,soup_bowl,objectnet,711
9079,809,soup_bowl,objectnet,626
9080,809,soup_bowl,objectnet,39
9081,809,soup_bowl,objectnet,602
9082,809,soup_bowl,objectnet,604
9083,809,soup_bowl,objectnet,32
9084,809,soup_bowl,objectnet,654
9085,809,soup_bowl,objectnet,623
9086,809,soup_bowl,objectnet,629
9087,809,soup_bowl,objectnet,20
9088,809,soup_bowl,objectnet,154
9089,809,soup_bowl,objectnet,154
9090,809,soup_bowl,objectnet,629
9091,809,soup_bowl,objectnet,677
9092,809,soup_bowl,objectnet,628
9093,809,soup_bowl,objectnet,122
9094,809,soup_bowl,objectnet,629
9095,809,soup_bowl,objectnet,154
9096,809,soup_bowl,objectnet,476
9097,810,space_bar,imagenet,368
9098,810,space_bar,imagenet,368
9099,810,space_bar,imagenet,368
9100,810,space_bar,imagenet,368
9101,810,space_bar,imagenet,368
9102,810,space_bar,imagenet,368
9103,810,space_bar,imagenet,368
9104,810,space_bar,imagenet,368
9105,810,space_bar,imagenet,368
9106,810,space_bar,imagenet,368
9107,810,space_bar,imagenet,368
9108,810,space_bar,imagenet,368
9109,810,space_bar,imagenet,368
9110,810,space_bar,imagenet,368
9111,810,space_bar,imagenet,368
9112,810,space_bar,imagenet,368
9113,810,space_bar,imagenet,368
9114,810,space_bar,imagenet_sketch,380
9115,810,space_bar,imagenet_sketch,380
9116,811,space_heater,objectnet,59
9117,811,space_heater,objectnet,216
9118,811,space_heater,objectnet,20
9119,811,space_heater,objectnet,230
9120,811,space_heater,objectnet,593
9121,811,space_heater,objectnet,561
9122,811,space_heater,objectnet,593
9123,811,space_heater,imagenet,262
9124,811,space_heater,imagenet,648
9125,560,football_helmet,imagenet,408
9126,811,space_heater,imagenet,2
9127,811,space_heater,imagenet,648
9128,811,space_heater,imagenet,712
9129,811,space_heater,imagenet,2
9130,811,space_heater,imagenet,262
9131,811,space_heater,imagenet,648
9132,811,space_heater,imagenet,193
9133,811,space_heater,imagenet,262
9134,811,space_heater,imagenet,302
9135,811,space_heater,imagenet,648
9136,560,football_helmet,imagenet,408
9137,811,space_heater,imagenet,774
9138,811,space_heater,imagenet,712
9139,811,space_heater,imagenet,357
9140,811,space_heater,imagenet,262
9141,560,football_helmet,imagenet,408
9142,811,space_heater,imagenet,262
9143,811,space_heater,imagenet,648
9144,811,space_heater,imagenet,637
9145,811,space_heater,imagenet,262
9146,811,space_heater,imagenet,718
9147,811,space_heater,imagenet,648
9148,811,space_heater,imagenet_sketch,774
9149,811,space_heater,imagenet_sketch,484
9150,811,space_heater,imagenet_sketch,774
9151,811,space_heater,imagenet_sketch,484
9152,812,space_shuttle,imagenet,645
9153,812,space_shuttle,imagenet,645
9154,812,space_shuttle,imagenet,645
9155,813,spatula,objectnet,316
9156,813,spatula,objectnet,602
9157,813,spatula,objectnet,622
9158,813,spatula,objectnet,607
9159,813,spatula,objectnet,597
9160,813,spatula,objectnet,604
9161,813,spatula,objectnet,32
9162,813,spatula,objectnet,797
9163,813,spatula,objectnet,7
9164,813,spatula,objectnet,83
9165,813,spatula,objectnet,32
9166,813,spatula,objectnet,630
9167,813,spatula,objectnet,655
9168,813,spatula,objectnet,616
9169,813,spatula,objectnet,544
9170,813,spatula,imagenet,191
9171,813,spatula,imagenet,671
9172,813,spatula,imagenet,191
9173,813,spatula,imagenet,5
9174,813,spatula,imagenet,685
9175,813,spatula,imagenet,191
9176,868,tray,imagenet,4
9177,813,spatula,imagenet,191
9178,813,spatula,imagenet,191
9179,814,speedboat,imagenet,2
9180,814,speedboat,imagenet,562
9181,814,speedboat,imagenet,183
9182,814,speedboat,imagenet,562
9183,814,speedboat,imagenet,582
9184,814,speedboat,imagenet,562
9185,814,speedboat,imagenet_sketch,65
9186,814,speedboat,imagenet_sketch,65
9187,814,speedboat,imagenet_sketch,685
9188,816,spindle,imagenet,280
9189,816,spindle,imagenet,421
9190,816,spindle,imagenet,421
9191,816,spindle,imagenet,280
9192,816,spindle,imagenet,522
9193,816,spindle,imagenet,421
9194,816,spindle,imagenet,280
9195,816,spindle,imagenet,421
9196,816,spindle,imagenet,285
9197,816,spindle,imagenet,522
9198,816,spindle,imagenet,522
9199,816,spindle,imagenet,522
9200,816,spindle,imagenet,285
9201,816,spindle,imagenet,421
9202,816,spindle,imagenet,421
9203,816,spindle,imagenet,421
9204,816,spindle,imagenet,421
9205,816,spindle,imagenet,421
9206,816,spindle,imagenet,522
9207,816,spindle,imagenet,421
9208,817,sports_car,imagenet,395
9209,817,sports_car,imagenet,724
9210,818,spotlight,imagenet,725
9211,818,spotlight,imagenet,311
9212,818,spotlight,imagenet,592
9213,818,spotlight,imagenet,725
9214,818,spotlight,imagenet,311
9215,818,spotlight,imagenet,507
9216,818,spotlight,imagenet,472
9217,818,spotlight,imagenet,59
9218,818,spotlight,imagenet,592
9219,818,spotlight,imagenet,252
9220,905,window_shade,imagenet,712
9221,818,spotlight,imagenet,643
9222,818,spotlight,imagenet,725
9223,818,spotlight,imagenet,311
9224,818,spotlight,imagenet,592
9225,818,spotlight,imagenet,592
9226,905,window_shade,imagenet,712
9227,818,spotlight,imagenet,643
9228,818,spotlight,imagenet,725
9229,818,spotlight,imagenet,437
9230,818,spotlight,imagenet,311
9231,818,spotlight,imagenet,311
9232,818,spotlight,imagenet,575
9233,818,spotlight,imagenet,59
9234,818,spotlight,imagenet,736
9235,632,loudspeaker,imagenet,73
9236,818,spotlight,imagenet,726
9237,818,spotlight,imagenet,592
9238,818,spotlight,imagenet,643
9239,818,spotlight,imagenet,725
9240,818,spotlight,imagenet,311
9241,818,spotlight,imagenet,592
9242,818,spotlight,imagenet_sketch,592
9243,818,spotlight,imagenet_sketch,779
9244,818,spotlight,imagenet_sketch,779
9245,818,spotlight,imagenet_sketch,779
9246,818,spotlight,imagenet,725
9247,818,spotlight,imagenet,545
9248,818,spotlight,imagenet,311
9249,818,spotlight,imagenet,575
9250,818,spotlight,imagenet,59
9251,818,spotlight,imagenet,592
9252,905,window_shade,imagenet,712
9253,818,spotlight,imagenet,643
9254,819,stage,imagenet,164
9255,819,stage,imagenet,164
9256,819,stage,imagenet_sketch,430
9257,819,stage,imagenet_sketch,430
9258,819,stage,imagenet_sketch,430
9259,819,stage,imagenet_sketch,430
9260,819,stage,imagenet_sketch,430
9261,819,stage,imagenet_sketch,430
9262,819,stage,imagenet_sketch,792
9263,821,steel_arch_bridge,imagenet_sketch,729
9264,821,steel_arch_bridge,imagenet_sketch,729
9265,822,steel_drum,imagenet,47
9266,822,steel_drum,imagenet_sketch,51
9267,823,stethoscope,imagenet,363
9268,823,stethoscope,imagenet_sketch,243
9269,824,stole,imagenet,740
9270,824,stole,imagenet,253
9271,824,stole,imagenet,644
9272,824,stole,imagenet,253
9273,824,stole,imagenet,253
9274,824,stole,imagenet,253
9275,824,stole,imagenet,113
9276,824,stole,imagenet,17
9277,824,stole,imagenet,662
9278,824,stole,imagenet,644
9279,824,stole,imagenet,253
9280,824,stole,imagenet_r,317
9281,824,stole,imagenet_r,306
9282,825,stone_wall,imagenet,173
9283,418,ballpoint,imagenet,209
9284,826,stopwatch,imagenet,635
9285,826,stopwatch,imagenet,734
9286,826,stopwatch,imagenet,635
9287,826,stopwatch,imagenet,734
9288,826,stopwatch,imagenet,734
9289,418,ballpoint,imagenet,209
9290,418,ballpoint,imagenet,209
9291,826,stopwatch,imagenet,635
9292,826,stopwatch,imagenet,734
9293,418,ballpoint,imagenet,209
9294,828,strainer,objectnet,701
9295,828,strainer,objectnet,651
9296,828,strainer,objectnet,765
9297,828,strainer,objectnet,633
9298,828,strainer,objectnet,23
9299,828,strainer,objectnet,155
9300,828,strainer,objectnet,23
9301,828,strainer,objectnet,594
9302,828,strainer,objectnet,275
9303,828,strainer,objectnet,612
9304,828,strainer,objectnet,23
9305,828,strainer,objectnet,607
9306,828,strainer,imagenet,656
9307,828,strainer,imagenet,720
9308,828,strainer,imagenet,656
9309,828,strainer,imagenet,47
9310,828,strainer,imagenet,656
9311,828,strainer,imagenet,228
9312,970,alp,imagenet,735
9313,970,alp,imagenet,735
9314,830,stretcher,imagenet,736
9315,830,stretcher,imagenet,736
9316,830,stretcher,imagenet,137
9317,830,stretcher,imagenet_sketch,692
9318,831,studio_couch,imagenet,700
9319,831,studio_couch,imagenet,700
9320,831,studio_couch,imagenet,700
9321,831,studio_couch,imagenet,700
9322,831,studio_couch,imagenet,700
9323,833,submarine,imagenet_sketch,300
9324,834,suit,objectnet,476
9325,834,suit,objectnet,654
9326,834,suit,objectnet,155
9327,834,suit,objectnet,654
9328,834,suit,objectnet,223
9329,834,suit,objectnet,155
9330,834,suit,objectnet,765
9331,834,suit,objectnet,701
9332,834,suit,objectnet,765
9333,834,suit,objectnet,10
9334,834,suit,objectnet,622
9335,834,suit,objectnet,774
9336,834,suit,imagenet,682
9337,835,sundial,imagenet,725
9338,835,sundial,imagenet,576
9339,835,sundial,imagenet_sketch,73
9340,835,sundial,imagenet_sketch,435
9341,835,sundial,imagenet_sketch,525
9342,838,sunscreen,imagenet,738
9343,838,sunscreen,imagenet,738
9344,838,sunscreen,imagenet,738
9345,838,sunscreen,imagenet,738
9346,838,sunscreen,imagenet,435
9347,838,sunscreen,imagenet,738
9348,838,sunscreen,imagenet,738
9349,804,soap_dispenser,imagenet,441
9350,838,sunscreen,imagenet,738
9351,838,sunscreen,imagenet,738
9352,838,sunscreen,imagenet,738
9353,804,soap_dispenser,imagenet,441
9354,838,sunscreen,imagenet,738
9355,838,sunscreen,imagenet,738
9356,838,sunscreen,imagenet,738
9357,838,sunscreen,imagenet,458
9358,804,soap_dispenser,imagenet,474
9359,838,sunscreen,imagenet,738
9360,838,sunscreen,imagenet,738
9361,838,sunscreen,imagenet,738
9362,804,soap_dispenser,imagenet,441
9363,838,sunscreen,imagenet,738
9364,838,sunscreen,imagenet,738
9365,838,sunscreen,imagenet,738
9366,804,soap_dispenser,imagenet,441
9367,838,sunscreen,imagenet_sketch,298
9368,839,suspension_bridge,imagenet,153
9369,839,suspension_bridge,imagenet,591
9370,840,swab,imagenet,678
9371,840,swab,imagenet,678
9372,840,swab,imagenet,678
9373,840,swab,imagenet,424
9374,840,swab,imagenet,678
9375,840,swab,imagenet,678
9376,840,swab,imagenet,201
9377,840,swab,imagenet,678
9378,840,swab,imagenet,678
9379,840,swab,imagenet,678
9380,840,swab,imagenet,678
9381,840,swab,imagenet,678
9382,840,swab,imagenet,678
9383,840,swab,imagenet,678
9384,840,swab,imagenet,678
9385,840,swab,imagenet,201
9386,840,swab,imagenet,21
9387,840,swab,imagenet,201
9388,840,swab,imagenet,190
9389,840,swab,imagenet,190
9390,840,swab,imagenet,678
9391,840,swab,imagenet,201
9392,840,swab,imagenet,190
9393,840,swab,imagenet,424
9394,840,swab,imagenet,201
9395,840,swab,imagenet,201
9396,840,swab,imagenet,201
9397,840,swab,imagenet,678
9398,840,swab,imagenet,678
9399,840,swab,imagenet,678
9400,840,swab,imagenet,678
9401,840,swab,imagenet,678
9402,840,swab,imagenet,201
9403,840,swab,imagenet,201
9404,840,swab,imagenet,678
9405,840,swab,imagenet,678
9406,840,swab,imagenet,678
9407,840,swab,imagenet,201
9408,840,swab,imagenet,678
9409,841,sweatshirt,imagenet,415
9410,841,sweatshirt,objectnet,416
9411,841,sweatshirt,objectnet,119
9412,841,sweatshirt,objectnet,605
9413,841,sweatshirt,objectnet,616
9414,841,sweatshirt,objectnet,372
9415,841,sweatshirt,objectnet,615
9416,841,sweatshirt,objectnet,703
9417,841,sweatshirt,objectnet,651
9418,841,sweatshirt,objectnet,219
9419,841,sweatshirt,objectnet,797
9420,841,sweatshirt,objectnet,797
9421,841,sweatshirt,objectnet,216
9422,841,sweatshirt,objectnet,399
9423,841,sweatshirt,objectnet,797
9424,841,sweatshirt,objectnet,651
9425,841,sweatshirt,objectnet,701
9426,841,sweatshirt,objectnet,217
9427,841,sweatshirt,objectnet,226
9428,841,sweatshirt,objectnet,595
9429,841,sweatshirt,objectnet,31
9430,841,sweatshirt,objectnet,604
9431,841,sweatshirt,objectnet,570
9432,841,sweatshirt,objectnet,223
9433,841,sweatshirt,objectnet,10
9434,841,sweatshirt,objectnet,622
9435,841,sweatshirt,objectnet,701
9436,841,sweatshirt,objectnet,739
9437,841,sweatshirt,imagenet,399
9438,841,sweatshirt,imagenet,760
9439,841,sweatshirt,imagenet,415
9440,841,sweatshirt,imagenet,399
9441,842,swimming_trunks,imagenet,741
9442,842,swimming_trunks,imagenet,742
9443,842,swimming_trunks,objectnet,631
9444,842,swimming_trunks,objectnet,216
9445,842,swimming_trunks,objectnet,654
9446,842,swimming_trunks,imagenet,742
9447,842,swimming_trunks,imagenet,741
9448,842,swimming_trunks,imagenet,742
9449,842,swimming_trunks,imagenet,645
9450,842,swimming_trunks,imagenet,742
9451,842,swimming_trunks,imagenet,741
9452,842,swimming_trunks,imagenet,742
9453,842,swimming_trunks,imagenet,741
9454,842,swimming_trunks,imagenet,742
9455,842,swimming_trunks,imagenet,741
9456,842,swimming_trunks,imagenet,742
9457,844,switch,imagenet,726
9458,844,switch,imagenet,2
9459,844,switch,imagenet,726
9460,844,switch,imagenet,591
9461,930,French_loaf,imagenet,106
9462,844,switch,imagenet,81
9463,845,syringe,imagenet,213
9464,845,syringe,imagenet,489
9465,845,syringe,imagenet,322
9466,845,syringe,imagenet,550
9467,845,syringe,imagenet,322
9468,846,table_lamp,objectnet,44
9469,846,table_lamp,objectnet,598
9470,846,table_lamp,objectnet,604
9471,846,table_lamp,objectnet,677
9472,846,table_lamp,objectnet,37
9473,846,table_lamp,objectnet,245
9474,846,table_lamp,objectnet,598
9475,846,table_lamp,objectnet,502
9476,846,table_lamp,objectnet,209
9477,846,table_lamp,objectnet,616
9478,846,table_lamp,objectnet,565
9479,846,table_lamp,objectnet,32
9480,846,table_lamp,objectnet,764
9481,846,table_lamp,objectnet,701
9482,846,table_lamp,objectnet,598
9483,846,table_lamp,objectnet,677
9484,846,table_lamp,objectnet,594
9485,846,table_lamp,objectnet,454
9486,846,table_lamp,objectnet,765
9487,846,table_lamp,objectnet,677
9488,846,table_lamp,objectnet,32
9489,619,lampshade,imagenet,693
9490,847,tank,imagenet,438
9491,848,tape_player,imagenet,61
9492,848,tape_player,imagenet,178
9493,848,tape_player,imagenet,178
9494,848,tape_player,imagenet,178
9495,848,tape_player,imagenet,61
9496,848,tape_player,imagenet,499
9497,848,tape_player,imagenet,178
9498,848,tape_player,imagenet,670
9499,848,tape_player,imagenet,105
9500,848,tape_player,imagenet,670
9501,848,tape_player,imagenet_sketch,323
9502,848,tape_player,imagenet_sketch,323
9503,849,teapot,objectnet,594
9504,849,teapot,objectnet,764
9505,849,teapot,objectnet,595
9506,849,teapot,objectnet,629
9507,849,teapot,objectnet,226
9508,849,teapot,objectnet,156
9509,849,teapot,objectnet,623
9510,849,teapot,objectnet,372
9511,849,teapot,objectnet,567
9512,849,teapot,objectnet,159
9513,849,teapot,objectnet,32
9514,849,teapot,objectnet,162
9515,849,teapot,objectnet,44
9516,849,teapot,objectnet,695
9517,849,teapot,objectnet,15
9518,849,teapot,objectnet,262
9519,849,teapot,objectnet,604
9520,850,teddy,objectnet,405
9521,850,teddy,objectnet,765
9522,850,teddy,objectnet,259
9523,850,teddy,objectnet,491
9524,850,teddy,objectnet,454
9525,850,teddy,objectnet,454
9526,850,teddy,objectnet,226
9527,850,teddy,objectnet,606
9528,850,teddy,objectnet,708
9529,850,teddy,objectnet,700
9530,850,teddy,objectnet,603
9531,851,television,objectnet,544
9532,851,television,objectnet,702
9533,851,television,objectnet,53
9534,851,television,objectnet,561
9535,851,television,imagenet,383
9536,851,television,imagenet,383
9537,852,tennis_ball,imagenet,471
9538,852,tennis_ball,imagenet_r,347
9539,852,tennis_ball,imagenet_sketch,172
9540,852,tennis_ball,imagenet_sketch,207
9541,852,tennis_ball,imagenet_sketch,744
9542,852,tennis_ball,imagenet_sketch,722
9543,852,tennis_ball,imagenet_sketch,363
9544,852,tennis_ball,imagenet_sketch,323
9545,852,tennis_ball,imagenet_sketch,554
9546,852,tennis_ball,imagenet_sketch,172
9547,457,bow_tie,imagenet,176
9548,854,theater_curtain,imagenet,213
9549,854,theater_curtain,imagenet_sketch,119
9550,769,rule,imagenet,169
9551,769,rule,imagenet,17
9552,855,thimble,imagenet,213
9553,855,thimble,imagenet,686
9554,855,thimble,imagenet,382
9555,769,rule,imagenet,364
9556,855,thimble,imagenet,382
9557,855,thimble,imagenet_sketch,149
9558,856,thresher,imagenet,494
9559,856,thresher,imagenet,494
9560,856,thresher,imagenet,494
9561,856,thresher,imagenet,494
9562,857,throne,imagenet,781
9563,857,throne,imagenet,708
9564,857,throne,imagenet,781
9565,857,throne,imagenet,736
9566,857,throne,imagenet,716
9567,857,throne,imagenet,781
9568,858,tile_roof,imagenet,576
9569,858,tile_roof,imagenet_sketch,745
9570,858,tile_roof,imagenet_sketch,745
9571,859,toaster,objectnet,621
9572,859,toaster,objectnet,677
9573,859,toaster,objectnet,572
9574,859,toaster,objectnet,597
9575,859,toaster,objectnet,578
9576,859,toaster,objectnet,156
9577,859,toaster,imagenet,373
9578,859,toaster,imagenet,373
9579,859,toaster,imagenet,373
9580,859,toaster,imagenet,705
9581,859,toaster,imagenet,373
9582,859,toaster,imagenet,565
9583,859,toaster,imagenet,373
9584,859,toaster,imagenet,373
9585,861,toilet_seat,imagenet,230
9586,861,toilet_seat,imagenet,257
9587,861,toilet_seat,imagenet,726
9588,861,toilet_seat,imagenet,454
9589,861,toilet_seat,imagenet,230
9590,861,toilet_seat,imagenet,257
9591,861,toilet_seat,imagenet,230
9592,861,toilet_seat,imagenet,257
9593,861,toilet_seat,imagenet,454
9594,861,toilet_seat,imagenet,726
9595,861,toilet_seat,imagenet,454
9596,861,toilet_seat,imagenet,754
9597,861,toilet_seat,imagenet,230
9598,861,toilet_seat,imagenet,149
9599,861,toilet_seat,imagenet,782
9600,861,toilet_seat,imagenet,17
9601,861,toilet_seat,imagenet,454
9602,861,toilet_seat,imagenet,196
9603,861,toilet_seat,imagenet,588
9604,861,toilet_seat,imagenet,315
9605,861,toilet_seat,imagenet,230
9606,861,toilet_seat,imagenet,257
9607,861,toilet_seat,imagenet,726
9608,861,toilet_seat,imagenet,454
9609,861,toilet_seat,imagenet,196
9610,861,toilet_seat,imagenet,230
9611,861,toilet_seat,imagenet,257
9612,861,toilet_seat,imagenet,726
9613,861,toilet_seat,imagenet,454
9614,861,toilet_seat,imagenet,230
9615,861,toilet_seat,imagenet,257
9616,861,toilet_seat,imagenet,726
9617,861,toilet_seat,imagenet,454
9618,863,totem_pole,imagenet,781
9619,864,tow_truck,imagenet,578
9620,864,tow_truck,imagenet,164
9621,864,tow_truck,imagenet,746
9622,864,tow_truck,imagenet,164
9623,864,tow_truck,imagenet,746
9624,864,tow_truck,imagenet_sketch,58
9625,866,tractor,imagenet,188
9626,868,tray,imagenet,94
9627,868,tray,imagenet,212
9628,868,tray,objectnet,763
9629,868,tray,objectnet,692
9630,868,tray,objectnet,604
9631,868,tray,objectnet,634
9632,868,tray,objectnet,618
9633,868,tray,objectnet,764
9634,868,tray,objectnet,618
9635,868,tray,objectnet,316
9636,868,tray,objectnet,316
9637,868,tray,objectnet,491
9638,868,tray,objectnet,598
9639,868,tray,objectnet,763
9640,868,tray,objectnet,633
9641,868,tray,objectnet,607
9642,868,tray,objectnet,31
9643,868,tray,objectnet,561
9644,868,tray,objectnet,588
9645,868,tray,objectnet,154
9646,868,tray,objectnet,763
9647,868,tray,objectnet,630
9648,868,tray,objectnet,615
9649,868,tray,objectnet,20
9650,868,tray,objectnet,605
9651,868,tray,objectnet,316
9652,868,tray,objectnet,32
9653,868,tray,objectnet,629
9654,868,tray,objectnet,633
9655,868,tray,objectnet,83
9656,868,tray,imagenet,161
9657,868,tray,imagenet,462
9658,868,tray,imagenet,212
9659,868,tray,imagenet,94
9660,868,tray,imagenet,212
9661,868,tray,imagenet,361
9662,868,tray,imagenet,583
9663,868,tray,imagenet,739
9664,868,tray,imagenet,361
9665,868,tray,imagenet,361
9666,868,tray,imagenet,589
9667,868,tray,imagenet,583
9668,868,tray,imagenet,361
9669,868,tray,imagenet,361
9670,868,tray,imagenet,361
9671,868,tray,imagenet,94
9672,868,tray,imagenet,361
9673,868,tray,imagenet,361
9674,868,tray,imagenet,12
9675,868,tray,imagenet,212
9676,868,tray,imagenet,94
9677,868,tray,imagenet,361
9678,868,tray,imagenet,486
9679,868,tray,imagenet,94
9680,868,tray,imagenet,212
9681,868,tray,imagenet,212
9682,868,tray,imagenet,361
9683,868,tray,imagenet,578
9684,868,tray,imagenet,212
9685,868,tray,imagenet_sketch,87
9686,868,tray,imagenet_sketch,524
9687,868,tray,imagenet_sketch,706
9688,868,tray,imagenet_sketch,87
9689,868,tray,imagenet_sketch,230
9690,868,tray,imagenet_sketch,652
9691,868,tray,imagenet_sketch,652
9692,868,tray,imagenet_sketch,87
9693,868,tray,imagenet_sketch,652
9694,868,tray,imagenet_sketch,652
9695,868,tray,imagenet_sketch,652
9696,868,tray,imagenet_sketch,524
9697,868,tray,imagenet_sketch,230
9698,868,tray,imagenet_sketch,706
9699,870,tricycle,imagenet_a,715
9700,872,tripod,imagenet,224
9701,872,tripod,imagenet,586
9702,872,tripod,imagenet,670
9703,875,trombone,imagenet,786
9704,875,trombone,imagenet,199
9705,875,trombone,imagenet,770
9706,875,trombone,imagenet_sketch,104
9707,877,turnstile,imagenet,724
9708,877,turnstile,imagenet,724
9709,877,turnstile,imagenet,724
9710,877,turnstile,imagenet,724
9711,877,turnstile,imagenet,724
9712,877,turnstile,imagenet,724
9713,877,turnstile,imagenet,84
9714,877,turnstile,imagenet,724
9715,877,turnstile,imagenet_sketch,709
9716,877,turnstile,imagenet_sketch,203
9717,877,turnstile,imagenet_sketch,749
9718,877,turnstile,imagenet_sketch,509
9719,877,turnstile,imagenet_sketch,509
9720,877,turnstile,imagenet_sketch,339
9721,877,turnstile,imagenet_sketch,203
9722,877,turnstile,imagenet_sketch,749
9723,877,turnstile,imagenet_sketch,509
9724,877,turnstile,imagenet_sketch,509
9725,879,umbrella,objectnet,576
9726,879,umbrella,objectnet,604
9727,880,unicycle,imagenet,38
9728,881,upright,imagenet,347
9729,881,upright,imagenet,347
9730,881,upright,imagenet,347
9731,881,upright,imagenet,347
9732,401,accordion,imagenet,255
9733,882,vacuum,imagenet_sketch,25
9734,882,vacuum,imagenet_sketch,653
9735,883,vase,imagenet_sketch,339
9736,883,vase,objectnet,15
9737,883,vase,objectnet,39
9738,883,vase,objectnet,699
9739,883,vase,objectnet,629
9740,883,vase,objectnet,699
9741,883,vase,objectnet,154
9742,883,vase,objectnet,604
9743,883,vase,objectnet,629
9744,883,vase,objectnet,15
9745,883,vase,objectnet,298
9746,883,vase,objectnet,152
9747,883,vase,objectnet,629
9748,883,vase,objectnet,602
9749,883,vase,objectnet,608
9750,883,vase,objectnet,607
9751,883,vase,objectnet,634
9752,883,vase,objectnet,691
9753,883,vase,objectnet,298
9754,883,vase,imagenet,77
9755,883,vase,imagenet,796
9756,883,vase,imagenet,348
9757,883,vase,imagenet,231
9758,883,vase,imagenet,77
9759,883,vase,imagenet,803
9760,883,vase,imagenet,231
9761,883,vase,imagenet,77
9762,883,vase,imagenet,796
9763,883,vase,imagenet,77
9764,883,vase,imagenet,77
9765,883,vase,imagenet,796
9766,883,vase,imagenet,77
9767,884,vault,imagenet_sketch,339
9768,884,vault,imagenet_sketch,238
9769,884,vault,imagenet_sketch,339
9770,884,vault,imagenet_sketch,238
9771,884,vault,imagenet,283
9772,884,vault,imagenet,283
9773,884,vault,imagenet,283
9774,884,vault,imagenet,283
9775,885,velvet,imagenet,452
9776,885,velvet,imagenet,745
9777,885,velvet,imagenet,452
9778,885,velvet,imagenet,745
9779,885,velvet,imagenet,452
9780,885,velvet,imagenet,464
9781,885,velvet,imagenet,452
9782,885,velvet,imagenet,708
9783,887,vestment,imagenet_sketch,92
9784,887,vestment,imagenet_sketch,92
9785,887,vestment,imagenet_sketch,236
9786,888,viaduct,imagenet_sketch,792
9787,888,viaduct,imagenet,719
9788,888,viaduct,imagenet,719
9789,888,viaduct,imagenet,719
9790,888,viaduct,imagenet,719
9791,888,viaduct,imagenet,719
9792,888,viaduct,imagenet,719
9793,888,viaduct,imagenet,719
9794,888,viaduct,imagenet,719
9795,891,waffle_iron,imagenet_sketch,667
9796,891,waffle_iron,imagenet_sketch,733
9797,891,waffle_iron,imagenet_sketch,667
9798,891,waffle_iron,imagenet,776
9799,891,waffle_iron,imagenet,776
9800,891,waffle_iron,imagenet,776
9801,891,waffle_iron,imagenet,776
9802,891,waffle_iron,imagenet,75
9803,891,waffle_iron,imagenet,776
9804,891,waffle_iron,imagenet,791
9805,891,waffle_iron,imagenet,776
9806,891,waffle_iron,imagenet,193
9807,891,waffle_iron,imagenet,776
9808,891,waffle_iron,imagenet,291
9809,891,waffle_iron,imagenet,667
9810,891,waffle_iron,imagenet,776
9811,891,waffle_iron,imagenet,776
9812,409,analog_clock,imagenet,88
9813,409,analog_clock,imagenet,88
9814,892,wall_clock,imagenet,562
9815,893,wallet,objectnet,699
9816,893,wallet,objectnet,596
9817,893,wallet,imagenet,462
9818,893,wallet,imagenet,627
9819,893,wallet,imagenet,378
9820,893,wallet,imagenet,462
9821,893,wallet,imagenet,462
9822,893,wallet,imagenet,627
9823,893,wallet,imagenet,662
9824,748,purse,imagenet,578
9825,893,wallet,imagenet,627
9826,893,wallet,imagenet,462
9827,893,wallet,imagenet,462
9828,893,wallet,imagenet,627
9829,893,wallet,imagenet,644
9830,893,wallet,imagenet,462
9831,894,wardrobe,imagenet,781
9832,894,wardrobe,imagenet,781
9833,894,wardrobe,imagenet,419
9834,894,wardrobe,imagenet,781
9835,894,wardrobe,imagenet,781
9836,894,wardrobe,imagenet,105
9837,894,wardrobe,imagenet,781
9838,894,wardrobe,imagenet,419
9839,894,wardrobe,imagenet,419
9840,894,wardrobe,imagenet,781
9841,894,wardrobe,imagenet,781
9842,894,wardrobe,imagenet,781
9843,894,wardrobe,imagenet,419
9844,894,wardrobe,imagenet,419
9845,894,wardrobe,imagenet,781
9846,894,wardrobe,imagenet,419
9847,894,wardrobe,imagenet,781
9848,894,wardrobe,imagenet,419
9849,894,wardrobe,imagenet,781
9850,894,wardrobe,imagenet,419
9851,894,wardrobe,imagenet,105
9852,894,wardrobe,imagenet,419
9853,894,wardrobe,imagenet,419
9854,894,wardrobe,imagenet,781
9855,894,wardrobe,imagenet,419
9856,894,wardrobe,imagenet,781
9857,894,wardrobe,imagenet,600
9858,894,wardrobe,imagenet,419
9859,619,lampshade,imagenet,751
9860,894,wardrobe,imagenet,419
9861,894,wardrobe,imagenet,781
9862,894,wardrobe,imagenet,781
9863,894,wardrobe,imagenet,781
9864,894,wardrobe,imagenet,781
9865,894,wardrobe,imagenet,105
9866,894,wardrobe,imagenet,105
9867,894,wardrobe,imagenet,419
9868,897,washer,imagenet_sketch,435
9869,897,washer,imagenet_sketch,435
9870,897,washer,imagenet_sketch,435
9871,897,washer,imagenet_sketch,65
9872,897,washer,imagenet_sketch,237
9873,897,washer,imagenet,692
9874,897,washer,imagenet,692
9875,897,washer,imagenet,692
9876,897,washer,imagenet,692
9877,898,water_bottle,objectnet,39
9878,898,water_bottle,objectnet,699
9879,898,water_bottle,objectnet,578
9880,898,water_bottle,imagenet,592
9881,898,water_bottle,imagenet,592
9882,898,water_bottle,imagenet,346
9883,898,water_bottle,imagenet,592
9884,898,water_bottle,imagenet,551
9885,898,water_bottle,imagenet,346
9886,898,water_bottle,imagenet,592
9887,898,water_bottle,imagenet,581
9888,898,water_bottle,imagenet,592
9889,899,water_jug,imagenet_sketch,225
9890,899,water_jug,imagenet_sketch,649
9891,899,water_jug,imagenet_sketch,649
9892,899,water_jug,imagenet_sketch,243
9893,899,water_jug,imagenet_sketch,649
9894,899,water_jug,imagenet_sketch,649
9895,899,water_jug,imagenet_sketch,756
9896,899,water_jug,imagenet_sketch,756
9897,899,water_jug,imagenet,753
9898,899,water_jug,imagenet,753
9899,899,water_jug,imagenet,649
9900,899,water_jug,imagenet,137
9901,899,water_jug,imagenet,753
9902,899,water_jug,imagenet,320
9903,899,water_jug,imagenet,193
9904,899,water_jug,imagenet,320
9905,899,water_jug,imagenet,193
9906,899,water_jug,imagenet,649
9907,899,water_jug,imagenet,193
9908,505,coffeepot,imagenet,165
9909,899,water_jug,imagenet,649
9910,899,water_jug,imagenet,623
9911,899,water_jug,imagenet,753
9912,899,water_jug,imagenet,583
9913,899,water_jug,imagenet,649
9914,899,water_jug,imagenet,649
9915,899,water_jug,imagenet,623
9916,900,water_tower,imagenet_sketch,241
9917,900,water_tower,imagenet_sketch,472
9918,902,whistle,imagenet_sketch,323
9919,902,whistle,imagenet_sketch,243
9920,902,whistle,imagenet_sketch,323
9921,902,whistle,objectnet,262
9922,902,whistle,objectnet,405
9923,902,whistle,objectnet,597
9924,902,whistle,objectnet,614
9925,902,whistle,imagenet,687
9926,902,whistle,imagenet,687
9927,902,whistle,imagenet,687
9928,902,whistle,imagenet,639
9929,902,whistle,imagenet,398
9930,902,whistle,imagenet,687
9931,902,whistle,imagenet,757
9932,902,whistle,imagenet,687
9933,902,whistle,imagenet,639
9934,902,whistle,imagenet,687
9935,902,whistle,imagenet,675
9936,902,whistle,imagenet,757
9937,902,whistle,imagenet,687
9938,902,whistle,imagenet,759
9939,902,whistle,imagenet,687
9940,902,whistle,imagenet,639
9941,902,whistle,imagenet,687
9942,902,whistle,imagenet,757
9943,902,whistle,imagenet,687
9944,902,whistle,imagenet,759
9945,902,whistle,imagenet,687
9946,902,whistle,imagenet,639
9947,902,whistle,imagenet,687
9948,902,whistle,imagenet,687
9949,902,whistle,imagenet,757
9950,902,whistle,imagenet,759
9951,902,whistle,imagenet,687
9952,904,window_screen,imagenet_sketch,709
9953,904,window_screen,imagenet_sketch,709
9954,904,window_screen,imagenet_sketch,709
9955,904,window_screen,imagenet_sketch,709
9956,904,window_screen,imagenet_sketch,709
9957,904,window_screen,imagenet_sketch,709
9958,904,window_screen,imagenet_sketch,709
9959,904,window_screen,imagenet_sketch,709
9960,904,window_screen,imagenet_sketch,709
9961,904,window_screen,imagenet_sketch,709
9962,904,window_screen,imagenet,120
9963,905,window_shade,imagenet,575
9964,905,window_shade,imagenet_sketch,244
9965,905,window_shade,imagenet_sketch,407
9966,905,window_shade,imagenet_sketch,430
9967,905,window_shade,imagenet_sketch,244
9968,905,window_shade,imagenet_sketch,339
9969,905,window_shade,imagenet_sketch,704
9970,905,window_shade,imagenet_sketch,704
9971,905,window_shade,imagenet_sketch,407
9972,905,window_shade,imagenet_sketch,430
9973,905,window_shade,imagenet_sketch,339
9974,905,window_shade,imagenet_sketch,244
9975,905,window_shade,imagenet_sketch,339
9976,905,window_shade,imagenet_sketch,704
9977,905,window_shade,imagenet_sketch,704
9978,905,window_shade,imagenet_sketch,704
9979,905,window_shade,imagenet_sketch,704
9980,905,window_shade,imagenet_sketch,430
9981,905,window_shade,imagenet_sketch,244
9982,905,window_shade,imagenet_sketch,339
9983,905,window_shade,imagenet_sketch,704
9984,905,window_shade,imagenet_sketch,704
9985,905,window_shade,imagenet_sketch,407
9986,905,window_shade,imagenet,674
9987,905,window_shade,imagenet,674
9988,905,window_shade,imagenet,674
9989,905,window_shade,imagenet,190
9990,905,window_shade,imagenet,375
9991,905,window_shade,imagenet,674
9992,905,window_shade,imagenet,272
9993,906,Windsor_tie,imagenet_sketch,207
9994,906,Windsor_tie,imagenet_sketch,207
9995,906,Windsor_tie,imagenet_sketch,207
9996,906,Windsor_tie,imagenet_sketch,207
9997,906,Windsor_tie,imagenet_sketch,28
9998,906,Windsor_tie,imagenet_sketch,207
9999,906,Windsor_tie,imagenet_sketch,207
10000,906,Windsor_tie,imagenet_sketch,207
10001,906,Windsor_tie,imagenet,760
10002,906,Windsor_tie,imagenet,760
10003,906,Windsor_tie,imagenet,330
10004,906,Windsor_tie,imagenet,760
10005,906,Windsor_tie,imagenet,95
10006,906,Windsor_tie,imagenet,760
10007,906,Windsor_tie,imagenet,237
10008,906,Windsor_tie,imagenet,330
10009,906,Windsor_tie,imagenet,803
10010,906,Windsor_tie,imagenet,760
10011,907,wine_bottle,objectnet,156
10012,908,wing,imagenet,761
10013,908,wing,imagenet,761
10014,908,wing,imagenet,184
10015,908,wing,imagenet,761
10016,908,wing,imagenet,761
10017,908,wing,imagenet,761
10018,908,wing,imagenet,761
10019,908,wing,imagenet,761
10020,908,wing,imagenet,761
10021,908,wing,imagenet,761
10022,908,wing,imagenet,761
10023,908,wing,imagenet,184
10024,908,wing,imagenet,761
10025,908,wing,imagenet,761
10026,909,wok,imagenet_sketch,767
10027,909,wok,imagenet_sketch,767
10028,909,wok,imagenet_sketch,434
10029,909,wok,imagenet_sketch,434
10030,909,wok,imagenet_sketch,767
10031,909,wok,imagenet_sketch,767
10032,909,wok,imagenet_sketch,434
10033,909,wok,imagenet_sketch,767
10034,909,wok,imagenet_sketch,434
10035,909,wok,imagenet_sketch,434
10036,909,wok,imagenet_sketch,767
10037,909,wok,imagenet_sketch,774
10038,909,wok,imagenet_sketch,767
10039,909,wok,imagenet_sketch,671
10040,909,wok,imagenet_sketch,434
10041,909,wok,imagenet_sketch,767
10042,909,wok,imagenet_sketch,434
10043,909,wok,imagenet_sketch,434
10044,909,wok,imagenet_sketch,767
10045,909,wok,imagenet_sketch,774
10046,909,wok,imagenet_sketch,767
10047,909,wok,imagenet_sketch,767
10048,909,wok,imagenet_sketch,671
10049,909,wok,imagenet_sketch,434
10050,909,wok,imagenet_sketch,767
10051,909,wok,imagenet_sketch,434
10052,909,wok,imagenet_sketch,767
10053,909,wok,imagenet_sketch,767
10054,909,wok,imagenet_sketch,767
10055,909,wok,objectnet,154
10056,909,wok,objectnet,502
10057,909,wok,objectnet,605
10058,909,wok,objectnet,616
10059,909,wok,objectnet,32
10060,909,wok,objectnet,633
10061,909,wok,objectnet,154
10062,909,wok,objectnet,290
10063,909,wok,objectnet,154
10064,909,wok,objectnet,405
10065,909,wok,objectnet,290
10066,909,wok,objectnet,290
10067,909,wok,objectnet,159
10068,909,wok,objectnet,633
10069,909,wok,objectnet,154
10070,909,wok,objectnet,159
10071,909,wok,objectnet,620
10072,909,wok,objectnet,622
10073,909,wok,objectnet,354
10074,909,wok,objectnet,703
10075,909,wok,objectnet,290
10076,909,wok,objectnet,154
10077,909,wok,objectnet,258
10078,909,wok,objectnet,799
10079,909,wok,objectnet,602
10080,909,wok,objectnet,763
10081,909,wok,objectnet,631
10082,909,wok,objectnet,167
10083,909,wok,objectnet,154
10084,909,wok,objectnet,791
10085,909,wok,objectnet,122
10086,909,wok,objectnet,620
10087,909,wok,objectnet,155
10088,909,wok,objectnet,20
10089,909,wok,objectnet,20
10090,909,wok,objectnet,763
10091,909,wok,objectnet,797
10092,909,wok,objectnet,290
10093,909,wok,objectnet,290
10094,909,wok,objectnet,631
10095,909,wok,objectnet,154
10096,909,wok,objectnet,763
10097,909,wok,objectnet,765
10098,909,wok,imagenet,749
10099,909,wok,imagenet,749
10100,909,wok,imagenet,749
10101,909,wok,imagenet,16
10102,909,wok,imagenet,8
10103,909,wok,imagenet,749
10104,909,wok,imagenet,749
10105,910,wooden_spoon,imagenet_sketch,632
10106,910,wooden_spoon,imagenet_sketch,422
10107,910,wooden_spoon,imagenet_sketch,685
10108,910,wooden_spoon,imagenet_sketch,518
10109,910,wooden_spoon,imagenet_sketch,373
10110,910,wooden_spoon,imagenet_sketch,422
10111,910,wooden_spoon,imagenet_sketch,685
10112,910,wooden_spoon,imagenet_sketch,92
10113,544,Dutch_oven,imagenet,191
10114,926,hot_pot,imagenet,191
10115,910,wooden_spoon,imagenet,777
10116,910,wooden_spoon,imagenet,769
10117,544,Dutch_oven,imagenet,191
10118,910,wooden_spoon,imagenet,769
10119,910,wooden_spoon,imagenet,777
10120,910,wooden_spoon,imagenet,191
10121,910,wooden_spoon,imagenet,422
10122,910,wooden_spoon,imagenet,373
10123,910,wooden_spoon,imagenet,769
10124,910,wooden_spoon,imagenet,718
10125,910,wooden_spoon,imagenet,777
10126,910,wooden_spoon,imagenet,769
10127,910,wooden_spoon,imagenet,395
10128,544,Dutch_oven,imagenet,191
10129,910,wooden_spoon,imagenet,777
10130,910,wooden_spoon,imagenet,191
10131,910,wooden_spoon,imagenet,544
10132,910,wooden_spoon,imagenet,769
10133,910,wooden_spoon,imagenet,395
10134,544,Dutch_oven,imagenet,191
10135,926,hot_pot,imagenet,191
10136,910,wooden_spoon,imagenet,191
10137,910,wooden_spoon,imagenet,777
10138,910,wooden_spoon,imagenet,191
10139,910,wooden_spoon,imagenet,769
10140,910,wooden_spoon,imagenet,769
10141,911,wool,imagenet_sketch,554
10142,911,wool,imagenet_sketch,544
10143,911,wool,imagenet_sketch,554
10144,911,wool,imagenet_sketch,544
10145,911,wool,imagenet_sketch,544
10146,911,wool,imagenet_sketch,554
10147,911,wool,imagenet,718
10148,911,wool,imagenet,41
10149,911,wool,imagenet,253
10150,911,wool,imagenet,718
10151,911,wool,imagenet,253
10152,721,pillow,imagenet,665
10153,923,plate,imagenet,543
10154,911,wool,imagenet,253
10155,911,wool,imagenet,718
10156,911,wool,imagenet,253
10157,911,wool,imagenet,41
10158,911,wool,imagenet,718
10159,911,wool,imagenet,41
10160,923,plate,imagenet,543
10161,911,wool,imagenet,253
10162,911,wool,imagenet,718
10163,911,wool,imagenet,253
10164,913,wreck,imagenet,506
10165,914,yawl,imagenet_sketch,438
10166,920,traffic_light,imagenet_sketch,744
10167,920,traffic_light,imagenet_sketch,770
10168,920,traffic_light,imagenet_sketch,477
10169,920,traffic_light,imagenet_sketch,697
10170,920,traffic_light,imagenet_sketch,744
10171,920,traffic_light,imagenet_sketch,770
10172,920,traffic_light,imagenet,169
10173,920,traffic_light,imagenet,782
10174,920,traffic_light,imagenet,169
10175,920,traffic_light,imagenet,169
10176,920,traffic_light,imagenet,169
10177,920,traffic_light,imagenet,475
10178,920,traffic_light,imagenet,782
10179,920,traffic_light,imagenet,565
10180,920,traffic_light,imagenet,169
10181,920,traffic_light,imagenet,643
10182,921,book_jacket,imagenet_sketch,745
10183,921,book_jacket,imagenet_sketch,745
10184,923,plate,imagenet_sketch,87
10185,923,plate,imagenet_sketch,6
10186,923,plate,objectnet,691
10187,923,plate,objectnet,602
10188,923,plate,objectnet,605
10189,923,plate,objectnet,316
10190,923,plate,objectnet,781
10191,923,plate,objectnet,34
10192,923,plate,objectnet,351
10193,923,plate,objectnet,631
10194,923,plate,objectnet,605
10195,923,plate,objectnet,630
10196,923,plate,objectnet,629
10197,923,plate,objectnet,156
10198,923,plate,objectnet,633
10199,923,plate,objectnet,597
10200,923,plate,objectnet,94
10201,923,plate,objectnet,316
10202,923,plate,objectnet,703
10203,923,plate,objectnet,514
10204,923,plate,objectnet,405
10205,923,plate,objectnet,147
10206,923,plate,objectnet,605
10207,923,plate,objectnet,630
10208,923,plate,objectnet,7
10209,923,plate,objectnet,20
10210,923,plate,objectnet,154
10211,923,plate,objectnet,738
10212,923,plate,imagenet,532
10213,923,plate,imagenet,532
10214,923,plate,imagenet,233
10215,923,plate,imagenet,532
10216,923,plate,imagenet,233
10217,923,plate,imagenet,76
10218,923,plate,imagenet,532
10219,923,plate,imagenet,233
10220,923,plate,imagenet,532
10221,923,plate,imagenet,233
10222,923,plate,imagenet,76
10223,923,plate,imagenet,532
10224,923,plate,imagenet,233
10225,924,guacamole,imagenet_sketch,499
10226,924,guacamole,imagenet_sketch,499
10227,924,guacamole,imagenet_sketch,284
10228,924,guacamole,imagenet_sketch,521
10229,924,guacamole,imagenet_sketch,744
10230,924,guacamole,imagenet_sketch,239
10231,924,guacamole,imagenet_sketch,520
10232,924,guacamole,imagenet_sketch,521
10233,924,guacamole,imagenet_sketch,744
10234,924,guacamole,imagenet_sketch,239
10235,924,guacamole,imagenet_sketch,499
10236,924,guacamole,imagenet_sketch,744
10237,924,guacamole,imagenet_sketch,499
10238,925,consomme,imagenet_sketch,638
10239,925,consomme,imagenet_sketch,638
10240,925,consomme,imagenet_sketch,750
10241,925,consomme,imagenet_sketch,638
10242,925,consomme,imagenet_sketch,297
10243,925,consomme,imagenet_sketch,638
10244,925,consomme,imagenet_sketch,638
10245,926,hot_pot,imagenet_sketch,297
10246,926,hot_pot,imagenet_sketch,671
10247,926,hot_pot,imagenet_sketch,149
10248,926,hot_pot,imagenet_sketch,671
10249,926,hot_pot,imagenet_sketch,435
10250,926,hot_pot,imagenet_sketch,149
10251,926,hot_pot,imagenet_sketch,297
10252,926,hot_pot,imagenet_sketch,671
10253,926,hot_pot,imagenet_sketch,671
10254,926,hot_pot,imagenet,777
10255,926,hot_pot,imagenet,777
10256,926,hot_pot,imagenet,777
10257,926,hot_pot,imagenet,777
10258,926,hot_pot,imagenet,777
10259,927,trifle,imagenet_sketch,751
10260,927,trifle,imagenet_sketch,751
10261,927,trifle,imagenet_sketch,751
10262,928,ice_cream,imagenet,2
10263,928,ice_cream,imagenet,16
10264,928,ice_cream,imagenet,4
10265,928,ice_cream,imagenet,16
10266,928,ice_cream,imagenet,532
10267,928,ice_cream,imagenet,672
10268,928,ice_cream,imagenet,172
10269,928,ice_cream,imagenet_r,462
10270,929,ice_lolly,imagenet_sketch,435
10271,929,ice_lolly,imagenet,550
10272,929,ice_lolly,imagenet,550
10273,929,ice_lolly,imagenet,550
10274,929,ice_lolly,imagenet,804
10275,929,ice_lolly,imagenet,550
10276,929,ice_lolly,imagenet,48
10277,929,ice_lolly,imagenet,550
10278,929,ice_lolly,imagenet,550
10279,929,ice_lolly,imagenet,550
10280,930,French_loaf,imagenet_sketch,794
10281,930,French_loaf,objectnet,653
10282,930,French_loaf,objectnet,502
10283,930,French_loaf,objectnet,491
10284,930,French_loaf,objectnet,594
10285,930,French_loaf,objectnet,156
10286,930,French_loaf,objectnet,594
10287,930,French_loaf,objectnet,336
10288,930,French_loaf,objectnet,155
10289,930,French_loaf,objectnet,491
10290,930,French_loaf,objectnet,604
10291,930,French_loaf,objectnet,222
10292,930,French_loaf,imagenet,340
10293,930,French_loaf,imagenet,4
10294,930,French_loaf,imagenet,340
10295,930,French_loaf,imagenet,340
10296,932,pretzel,imagenet_sketch,442
10297,932,pretzel,imagenet_sketch,243
10298,932,pretzel,imagenet_sketch,243
10299,932,pretzel,imagenet,4
10300,932,pretzel,imagenet,4
10301,932,pretzel,imagenet,591
10302,932,pretzel,imagenet,4
10303,932,pretzel,imagenet,4
10304,932,pretzel,imagenet_r,243
10305,932,pretzel,imagenet,4
10306,934,hotdog,imagenet_r,724
10307,934,hotdog,imagenet_r,473
10308,935,mashed_potato,imagenet_sketch,414
10309,935,mashed_potato,imagenet_sketch,783
10310,935,mashed_potato,imagenet_sketch,802
10311,935,mashed_potato,imagenet_sketch,414
10312,935,mashed_potato,imagenet_sketch,297
10313,935,mashed_potato,imagenet_sketch,671
10314,935,mashed_potato,imagenet_sketch,127
10315,935,mashed_potato,imagenet_sketch,696
10316,935,mashed_potato,imagenet_sketch,671
10317,935,mashed_potato,imagenet_sketch,783
10318,935,mashed_potato,imagenet_sketch,414
10319,935,mashed_potato,imagenet_sketch,696
10320,935,mashed_potato,imagenet_sketch,671
10321,935,mashed_potato,imagenet_sketch,127
10322,935,mashed_potato,imagenet_sketch,696
10323,935,mashed_potato,imagenet_sketch,783
10324,935,mashed_potato,imagenet_sketch,783
10325,935,mashed_potato,imagenet,429
10326,936,head_cabbage,imagenet_sketch,434
10327,936,head_cabbage,imagenet,717
10328,936,head_cabbage,imagenet_r,435
10329,936,head_cabbage,imagenet,717
10330,938,cauliflower,imagenet,532
10331,939,zucchini,imagenet_sketch,65
10332,939,zucchini,imagenet_sketch,521
10333,940,spaghetti_squash,imagenet_sketch,225
10334,940,spaghetti_squash,imagenet_sketch,13
10335,940,spaghetti_squash,imagenet_sketch,225
10336,940,spaghetti_squash,imagenet_sketch,785
10337,940,spaghetti_squash,imagenet_sketch,225
10338,940,spaghetti_squash,imagenet_sketch,225
10339,940,spaghetti_squash,imagenet_sketch,785
10340,940,spaghetti_squash,imagenet_sketch,225
10341,940,spaghetti_squash,imagenet_sketch,225
10342,940,spaghetti_squash,imagenet_sketch,785
10343,940,spaghetti_squash,imagenet_sketch,13
10344,940,spaghetti_squash,imagenet_sketch,225
10345,940,spaghetti_squash,imagenet_sketch,785
10346,940,spaghetti_squash,imagenet_sketch,785
10347,940,spaghetti_squash,imagenet_sketch,785
10348,940,spaghetti_squash,imagenet_sketch,13
10349,940,spaghetti_squash,imagenet_sketch,225
10350,940,spaghetti_squash,imagenet_sketch,785
10351,940,spaghetti_squash,imagenet_sketch,13
10352,940,spaghetti_squash,imagenet_sketch,225
10353,940,spaghetti_squash,imagenet_sketch,225
10354,940,spaghetti_squash,imagenet_sketch,785
10355,940,spaghetti_squash,imagenet_sketch,225
10356,940,spaghetti_squash,imagenet_sketch,785
10357,940,spaghetti_squash,imagenet_sketch,225
10358,940,spaghetti_squash,imagenet_sketch,225
10359,940,spaghetti_squash,imagenet_sketch,785
10360,940,spaghetti_squash,imagenet,146
10361,940,spaghetti_squash,imagenet,161
10362,940,spaghetti_squash,imagenet,784
10363,940,spaghetti_squash,imagenet,99
10364,940,spaghetti_squash,imagenet,784
10365,942,butternut_squash,imagenet,4
10366,942,butternut_squash,imagenet,340
10367,942,butternut_squash,imagenet,160
10368,943,cucumber,imagenet,13
10369,943,cucumber,imagenet,13
10370,943,cucumber,imagenet,13
10371,943,cucumber,imagenet,13
10372,945,bell_pepper,imagenet,747
10373,945,bell_pepper,imagenet_r,792
10374,945,bell_pepper,imagenet_a,650
10375,945,bell_pepper,imagenet_a,533
10376,945,bell_pepper,imagenet_a,650
10377,945,bell_pepper,imagenet_a,520
10378,947,mushroom,imagenet,754
10379,947,mushroom,imagenet,754
10380,947,mushroom,imagenet,754
10381,947,mushroom,imagenet,754
10382,947,mushroom,imagenet,754
10383,947,mushroom,imagenet,754
10384,947,mushroom,imagenet,754
10385,947,mushroom,imagenet,754
10386,947,mushroom,imagenet,754
10387,947,mushroom,imagenet,754
10388,947,mushroom,imagenet,754
10389,947,mushroom,imagenet_r,47
10390,947,mushroom,imagenet_r,253
10391,947,mushroom,imagenet_r,762
10392,949,strawberry,imagenet_r,306
10393,950,orange,imagenet_sketch,744
10394,950,orange,imagenet_sketch,172
10395,950,orange,imagenet_sketch,744
10396,950,orange,imagenet_sketch,521
10397,950,orange,imagenet_sketch,802
10398,950,orange,imagenet_sketch,744
10399,950,orange,imagenet_sketch,172
10400,950,orange,imagenet_sketch,744
10401,950,orange,objectnet,711
10402,950,orange,objectnet,711
10403,950,orange,objectnet,711
10404,951,lemon,objectnet,711
10405,951,lemon,imagenet,556
10406,951,lemon,imagenet_r,783
10407,951,lemon,imagenet_a,351
10408,952,fig,imagenet_sketch,710
10409,952,fig,imagenet_sketch,710
10410,952,fig,imagenet_sketch,785
10411,952,fig,imagenet_sketch,225
10412,952,fig,imagenet_sketch,710
10413,952,fig,imagenet_sketch,710
10414,955,jackfruit,imagenet_sketch,233
10415,955,jackfruit,imagenet_sketch,233
10416,955,jackfruit,imagenet_sketch,233
10417,955,jackfruit,imagenet_sketch,233
10418,956,custard_apple,imagenet_sketch,580
10419,956,custard_apple,imagenet_sketch,520
10420,956,custard_apple,imagenet_sketch,463
10421,956,custard_apple,imagenet_sketch,73
10422,956,custard_apple,imagenet_sketch,463
10423,956,custard_apple,imagenet_sketch,653
10424,956,custard_apple,imagenet_sketch,463
10425,956,custard_apple,imagenet_sketch,73
10426,956,custard_apple,imagenet_sketch,463
10427,956,custard_apple,imagenet_sketch,432
10428,956,custard_apple,imagenet,242
10429,956,custard_apple,imagenet,63
10430,956,custard_apple,imagenet,432
10431,956,custard_apple,imagenet,242
10432,956,custard_apple,imagenet,117
10433,956,custard_apple,imagenet,710
10434,956,custard_apple,imagenet,242
10435,956,custard_apple,imagenet,242
10436,956,custard_apple,imagenet,242
10437,956,custard_apple,imagenet,432
10438,956,custard_apple,imagenet,242
10439,956,custard_apple,imagenet,242
10440,956,custard_apple,imagenet,242
10441,956,custard_apple,imagenet,242
10442,956,custard_apple,imagenet,242
10443,956,custard_apple,imagenet,242
10444,956,custard_apple,imagenet,432
10445,956,custard_apple,imagenet,242
10446,958,hay,imagenet_sketch,379
10447,958,hay,imagenet_sketch,207
10448,958,hay,imagenet_sketch,81
10449,958,hay,imagenet_sketch,81
10450,958,hay,imagenet_sketch,379
10451,958,hay,imagenet_sketch,207
10452,958,hay,imagenet_sketch,696
10453,958,hay,imagenet_sketch,198
10454,958,hay,imagenet_sketch,198
10455,958,hay,imagenet_sketch,792
10456,958,hay,imagenet_sketch,342
10457,958,hay,imagenet,41
10458,958,hay,imagenet,248
10459,958,hay,imagenet,775
10460,959,carbonara,imagenet_sketch,671
10461,959,carbonara,imagenet_sketch,671
10462,959,carbonara,imagenet_sketch,671
10463,959,carbonara,imagenet_sketch,671
10464,960,chocolate_sauce,imagenet_sketch,783
10465,960,chocolate_sauce,imagenet_sketch,783
10466,960,chocolate_sauce,imagenet_sketch,521
10467,960,chocolate_sauce,imagenet_sketch,426
10468,960,chocolate_sauce,imagenet_sketch,783
10469,960,chocolate_sauce,imagenet_sketch,783
10470,960,chocolate_sauce,imagenet_sketch,521
10471,960,chocolate_sauce,imagenet_sketch,426
10472,961,dough,imagenet_sketch,744
10473,961,dough,imagenet_sketch,554
10474,961,dough,imagenet_sketch,671
10475,961,dough,imagenet_sketch,554
10476,961,dough,imagenet_sketch,671
10477,961,dough,imagenet_sketch,554
10478,961,dough,imagenet_sketch,554
10479,961,dough,imagenet_sketch,744
10480,961,dough,imagenet_sketch,554
10481,961,dough,imagenet_sketch,554
10482,962,meat_loaf,imagenet_sketch,520
10483,962,meat_loaf,imagenet_sketch,520
10484,962,meat_loaf,imagenet_sketch,520
10485,962,meat_loaf,imagenet_sketch,520
10486,962,meat_loaf,imagenet_sketch,744
10487,962,meat_loaf,imagenet_sketch,521
10488,962,meat_loaf,imagenet_sketch,806
10489,962,meat_loaf,imagenet_sketch,520
10490,962,meat_loaf,imagenet_sketch,520
10491,962,meat_loaf,imagenet_sketch,520
10492,962,meat_loaf,imagenet_sketch,744
10493,962,meat_loaf,imagenet_sketch,806
10494,962,meat_loaf,imagenet_sketch,520
10495,962,meat_loaf,imagenet_sketch,521
10496,962,meat_loaf,imagenet_sketch,806
10497,962,meat_loaf,imagenet_sketch,520
10498,962,meat_loaf,imagenet_sketch,520
10499,962,meat_loaf,imagenet_sketch,744
10500,962,meat_loaf,imagenet_sketch,806
10501,962,meat_loaf,imagenet_sketch,520
10502,962,meat_loaf,imagenet_sketch,521
10503,962,meat_loaf,imagenet_sketch,520
10504,962,meat_loaf,imagenet_sketch,520
10505,962,meat_loaf,imagenet_sketch,737
10506,962,meat_loaf,imagenet_sketch,744
10507,962,meat_loaf,imagenet_sketch,521
10508,962,meat_loaf,imagenet_sketch,520
10509,962,meat_loaf,imagenet_sketch,520
10510,962,meat_loaf,imagenet_sketch,737
10511,962,meat_loaf,imagenet_sketch,520
10512,962,meat_loaf,imagenet_sketch,744
10513,962,meat_loaf,imagenet_sketch,744
10514,962,meat_loaf,imagenet_sketch,521
10515,962,meat_loaf,imagenet,672
10516,962,meat_loaf,imagenet,672
10517,962,meat_loaf,imagenet,672
10518,962,meat_loaf,imagenet,672
10519,962,meat_loaf,imagenet,171
10520,962,meat_loaf,imagenet,16
10521,962,meat_loaf,imagenet,672
10522,962,meat_loaf,imagenet,153
10523,962,meat_loaf,imagenet,16
10524,962,meat_loaf,imagenet,672
10525,964,potpie,imagenet_sketch,713
10526,964,potpie,imagenet_sketch,435
10527,964,potpie,imagenet_sketch,411
10528,964,potpie,imagenet_sketch,713
10529,964,potpie,imagenet_sketch,713
10530,964,potpie,imagenet_sketch,435
10531,964,potpie,imagenet_sketch,411
10532,964,potpie,imagenet_sketch,713
10533,964,potpie,imagenet_sketch,713
10534,964,potpie,imagenet_sketch,435
10535,964,potpie,imagenet_sketch,411
10536,964,potpie,imagenet_sketch,713
10537,964,potpie,imagenet_sketch,713
10538,964,potpie,imagenet_sketch,435
10539,965,burrito,imagenet,4
10540,966,red_wine,imagenet_sketch,770
10541,966,red_wine,imagenet_sketch,770
10542,966,red_wine,imagenet_sketch,770
10543,966,red_wine,imagenet_sketch,770
10544,966,red_wine,imagenet_sketch,770
10545,966,red_wine,imagenet_sketch,770
10546,966,red_wine,imagenet_sketch,770
10547,966,red_wine,imagenet_sketch,770
10548,967,espresso,imagenet_sketch,320
10549,967,espresso,imagenet_sketch,225
10550,967,espresso,imagenet_sketch,237
10551,967,espresso,imagenet_sketch,208
10552,967,espresso,imagenet_sketch,750
10553,967,espresso,imagenet_sketch,208
10554,967,espresso,imagenet_sketch,225
10555,967,espresso,imagenet_sketch,237
10556,967,espresso,imagenet_sketch,208
10557,967,espresso,imagenet_sketch,750
10558,967,espresso,imagenet_sketch,208
10559,968,cup,objectnet,622
10560,968,cup,objectnet,298
10561,968,cup,objectnet,405
10562,968,cup,objectnet,20
10563,968,cup,objectnet,298
10564,968,cup,objectnet,493
10565,968,cup,objectnet,298
10566,968,cup,objectnet,298
10567,968,cup,objectnet,622
10568,968,cup,objectnet,298
10569,968,cup,objectnet,298
10570,968,cup,objectnet,156
10571,968,cup,objectnet,622
10572,968,cup,objectnet,690
10573,968,cup,objectnet,226
10574,968,cup,objectnet,597
10575,968,cup,objectnet,37
10576,968,cup,objectnet,154
10577,968,cup,objectnet,298
10578,968,cup,objectnet,599
10579,968,cup,objectnet,298
10580,968,cup,objectnet,493
10581,968,cup,objectnet,298
10582,968,cup,objectnet,606
10583,968,cup,objectnet,493
10584,968,cup,objectnet,634
10585,968,cup,objectnet,32
10586,968,cup,objectnet,298
10587,968,cup,objectnet,59
10588,968,cup,objectnet,298
10589,968,cup,objectnet,298
10590,968,cup,objectnet,20
10591,968,cup,imagenet,431
10592,968,cup,imagenet,13
10593,968,cup,imagenet,5
10594,968,cup,imagenet,431
10595,968,cup,imagenet,431
10596,969,eggnog,imagenet_sketch,284
10597,969,eggnog,imagenet_sketch,177
10598,969,eggnog,imagenet_sketch,693
10599,969,eggnog,imagenet_sketch,284
10600,970,alp,imagenet,108
10601,970,alp,imagenet,735
10602,970,alp,imagenet,108
10603,970,alp,imagenet,108
10604,970,alp,imagenet,735
10605,971,bubble,imagenet_sketch,225
10606,971,bubble,imagenet,153
10607,971,bubble,imagenet,259
10608,971,bubble,imagenet,259
10609,971,bubble,imagenet_a,305
10610,971,bubble,imagenet_a,178
10611,972,cliff,imagenet_sketch,792
10612,972,cliff,imagenet_sketch,792
10613,973,coral_reef,imagenet_sketch,426
10614,973,coral_reef,imagenet_sketch,149
10615,973,coral_reef,imagenet_sketch,426
10616,973,coral_reef,imagenet_sketch,40
10617,973,coral_reef,imagenet_sketch,40
10618,973,coral_reef,imagenet,18
10619,976,promontory,imagenet_sketch,802
10620,976,promontory,imagenet_sketch,400
10621,976,promontory,imagenet,666
10622,976,promontory,imagenet,506
10623,976,promontory,imagenet,70
10624,976,promontory,imagenet,506
10625,976,promontory,imagenet,506
10626,976,promontory,imagenet,666
10627,976,promontory,imagenet,506
10628,976,promontory,imagenet,70
10629,976,promontory,imagenet,666
10630,976,promontory,imagenet,506
10631,976,promontory,imagenet,666
10632,976,promontory,imagenet,666
10633,976,promontory,imagenet,70
10634,976,promontory,imagenet,506
10635,976,promontory,imagenet,666
10636,976,promontory,imagenet,800
10637,976,promontory,imagenet,666
10638,976,promontory,imagenet,506
10639,976,promontory,imagenet,125
10640,976,promontory,imagenet,70
10641,976,promontory,imagenet,111
10642,976,promontory,imagenet,800
10643,976,promontory,imagenet,666
10644,976,promontory,imagenet,506
10645,976,promontory,imagenet,506
10646,976,promontory,imagenet,800
10647,976,promontory,imagenet,800
10648,976,promontory,imagenet,70
10649,976,promontory,imagenet,788
10650,976,promontory,imagenet,788
10651,976,promontory,imagenet,800
10652,976,promontory,imagenet,788
10653,976,promontory,imagenet,506
10654,976,promontory,imagenet,666
10655,976,promontory,imagenet,788
10656,976,promontory,imagenet,800
10657,976,promontory,imagenet,788
10658,976,promontory,imagenet,666
10659,976,promontory,imagenet,70
10660,976,promontory,imagenet,70
10661,976,promontory,imagenet,506
10662,976,promontory,imagenet,666
10663,976,promontory,imagenet,506
10664,976,promontory,imagenet,666
10665,976,promontory,imagenet,70
10666,976,promontory,imagenet,111
10667,976,promontory,imagenet,70
10668,976,promontory,imagenet,506
10669,976,promontory,imagenet,666
10670,976,promontory,imagenet,506
10671,976,promontory,imagenet,800
10672,977,sandbar,imagenet_sketch,729
10673,977,sandbar,imagenet_sketch,800
10674,977,sandbar,imagenet_sketch,719
10675,977,sandbar,imagenet_sketch,729
10676,977,sandbar,imagenet,805
10677,977,sandbar,imagenet,805
10678,977,sandbar,imagenet,666
10679,977,sandbar,imagenet,788
10680,977,sandbar,imagenet,569
10681,977,sandbar,imagenet,805
10682,977,sandbar,imagenet,788
10683,977,sandbar,imagenet,788
10684,977,sandbar,imagenet,788
10685,977,sandbar,imagenet,805
10686,977,sandbar,imagenet,8
10687,978,seashore,imagenet_sketch,650
10688,978,seashore,imagenet_sketch,751
10689,978,seashore,imagenet_sketch,202
10690,978,seashore,imagenet_sketch,141
10691,978,seashore,imagenet_sketch,53
10692,978,seashore,imagenet_sketch,202
10693,978,seashore,imagenet_sketch,293
10694,978,seashore,imagenet_sketch,650
10695,978,seashore,imagenet_sketch,751
10696,978,seashore,imagenet_sketch,202
10697,978,seashore,imagenet_sketch,141
10698,978,seashore,imagenet,610
10699,978,seashore,imagenet,18
10700,977,sandbar,imagenet,41
10701,978,seashore,imagenet,41
10702,978,seashore,imagenet,610
10703,979,valley,imagenet_sketch,792
10704,979,valley,imagenet_sketch,141
10705,979,valley,imagenet_sketch,495
10706,979,valley,imagenet_sketch,792
10707,979,valley,imagenet_sketch,141
10708,979,valley,imagenet_sketch,141
10709,979,valley,imagenet_sketch,444
10710,979,valley,imagenet_sketch,495
10711,979,valley,imagenet_sketch,729
10712,979,valley,imagenet_sketch,792
10713,979,valley,imagenet_sketch,141
10714,979,valley,imagenet_sketch,141
10715,979,valley,imagenet_sketch,444
10716,979,valley,imagenet,234
10717,979,valley,imagenet,70
10718,979,valley,imagenet,70
10719,979,valley,imagenet,125
10720,979,valley,imagenet,70
10721,979,valley,imagenet,424
10722,979,valley,imagenet,125
10723,979,valley,imagenet,70
10724,979,valley,imagenet,125
10725,979,valley,imagenet,158
10726,979,valley,imagenet,70
10727,979,valley,imagenet,70
10728,979,valley,imagenet,125
10729,979,valley,imagenet,70
10730,979,valley,imagenet,70
10731,979,valley,imagenet,70
10732,979,valley,imagenet,424
10733,979,valley,imagenet,125
10734,979,valley,imagenet,70
10735,979,valley,imagenet,125
10736,979,valley,imagenet,512
10737,979,valley,imagenet,70
10738,979,valley,imagenet,70
10739,980,volcano,imagenet,2
10740,980,volcano,imagenet,666
10741,980,volcano,imagenet,41
10742,980,volcano,imagenet,569
10743,977,sandbar,imagenet,569
10744,980,volcano,imagenet_r,51
10745,980,volcano,imagenet_r,485
10746,980,volcano,imagenet_r,543
10747,980,volcano,imagenet,666
10748,982,groom,imagenet_sketch,695
10749,983,scuba_diver,imagenet_r,306
10750,987,corn,imagenet,777
10751,987,corn,imagenet,777
10752,987,corn,imagenet,777
10753,988,acorn,imagenet_sketch,625
10754,988,acorn,imagenet,180
10755,988,acorn,imagenet_r,407
10756,988,acorn,imagenet_a,736
10757,988,acorn,imagenet_a,664
10758,988,acorn,imagenet_a,559
10759,991,coral_fungus,imagenet_sketch,754
10760,991,coral_fungus,imagenet_sketch,806
10761,991,coral_fungus,imagenet_sketch,806
10762,991,coral_fungus,imagenet,348
10763,991,coral_fungus,imagenet,75
10764,992,agaric,imagenet_sketch,754
10765,992,agaric,imagenet_sketch,754
10766,993,gyromitra,imagenet_sketch,754
10767,993,gyromitra,imagenet_sketch,291
10768,993,gyromitra,imagenet_sketch,754
10769,993,gyromitra,imagenet_sketch,754
10770,993,gyromitra,imagenet_sketch,455
10771,993,gyromitra,imagenet_sketch,291
10772,993,gyromitra,imagenet_sketch,754
10773,993,gyromitra,imagenet_sketch,754
10774,993,gyromitra,imagenet,232
10775,993,gyromitra,imagenet,232
10776,993,gyromitra,imagenet,754
10777,994,stinkhorn,imagenet_sketch,645
10778,994,stinkhorn,imagenet_sketch,779
10779,994,stinkhorn,imagenet_sketch,806
10780,994,stinkhorn,imagenet_sketch,645
10781,994,stinkhorn,imagenet_sketch,373
10782,994,stinkhorn,imagenet_sketch,645
10783,994,stinkhorn,imagenet,227
10784,994,stinkhorn,imagenet,539
10785,994,stinkhorn,imagenet,242
10786,994,stinkhorn,imagenet,227
10787,994,stinkhorn,imagenet,232
10788,994,stinkhorn,imagenet,539
10789,994,stinkhorn,imagenet,157
10790,994,stinkhorn,imagenet,539
10791,995,earthstar,imagenet_sketch,463
10792,995,earthstar,imagenet_sketch,801
10793,995,earthstar,imagenet_sketch,806
10794,995,earthstar,imagenet_sketch,463
10795,995,earthstar,imagenet_sketch,348
10796,995,earthstar,imagenet_sketch,785
10797,995,earthstar,imagenet_sketch,348
10798,995,earthstar,imagenet_sketch,530
10799,995,earthstar,imagenet_sketch,801
10800,995,earthstar,imagenet_sketch,806
10801,995,earthstar,imagenet_sketch,348
10802,995,earthstar,imagenet_sketch,150
10803,995,earthstar,imagenet_sketch,785
10804,995,earthstar,imagenet_sketch,400
10805,995,earthstar,imagenet_sketch,530
10806,995,earthstar,imagenet_sketch,806
10807,995,earthstar,imagenet_sketch,801
10808,995,earthstar,imagenet_sketch,806
10809,995,earthstar,imagenet_sketch,463
10810,995,earthstar,imagenet_sketch,348
10811,995,earthstar,imagenet_sketch,400
10812,995,earthstar,imagenet_sketch,530
10813,995,earthstar,imagenet_sketch,801
10814,995,earthstar,imagenet_sketch,785
10815,995,earthstar,imagenet_sketch,530
10816,995,earthstar,imagenet,396
10817,995,earthstar,imagenet,396
10818,995,earthstar,imagenet,396
10819,995,earthstar,imagenet,180
10820,995,earthstar,imagenet,396
10821,995,earthstar,imagenet,754
10822,996,hen-of-the-woods,imagenet_sketch,308
10823,996,hen-of-the-woods,imagenet_sketch,308
10824,996,hen-of-the-woods,imagenet_sketch,308
10825,996,hen-of-the-woods,imagenet_sketch,308
10826,996,hen-of-the-woods,imagenet_sketch,308
10827,996,hen-of-the-woods,imagenet_sketch,308
10828,996,hen-of-the-woods,imagenet_sketch,308
10829,996,hen-of-the-woods,imagenet_sketch,308
10830,996,hen-of-the-woods,imagenet_sketch,308
10831,996,hen-of-the-woods,imagenet_sketch,308
10832,996,hen-of-the-woods,imagenet,110
10833,996,hen-of-the-woods,imagenet,75
10834,996,hen-of-the-woods,imagenet,75
10835,996,hen-of-the-woods,imagenet,736
10836,996,hen-of-the-woods,imagenet,75
10837,996,hen-of-the-woods,imagenet,50
10838,997,bolete,imagenet_sketch,754
10839,997,bolete,imagenet_sketch,640
10840,997,bolete,imagenet_sketch,640
10841,998,ear,imagenet,784
10842,998,ear,imagenet,784
10843,998,ear,imagenet,784
10844,998,ear,imagenet,784
10845,998,ear,imagenet,784
10846,998,ear,imagenet,784
10847,998,ear,imagenet,784
10848,998,ear,imagenet,784
10849,998,ear,imagenet,784
10850,998,ear,imagenet,784
10851,998,ear,imagenet,784
10852,998,ear,imagenet,784
10853,998,ear,imagenet,784
10854,998,ear,imagenet,784
10855,998,ear,imagenet,784
10856,998,ear,imagenet,784
10857,998,ear,imagenet,784
10858,998,ear,imagenet,784
10859,998,ear,imagenet,784
10860,998,ear,imagenet,784
10861,998,ear,imagenet,125
10862,998,ear,imagenet,784
10863,998,ear,imagenet,784
10864,998,ear,imagenet,784
10865,998,ear,imagenet,784
10866,998,ear,imagenet,784
10867,998,ear,imagenet,784
10868,998,ear,imagenet,784
10869,998,ear,imagenet,784
10870,998,ear,imagenet,784
10871,998,ear,imagenet,784
10872,998,ear,imagenet,784
10873,998,ear,imagenet,784
10874,998,ear,imagenet,784
10875,998,ear,imagenet,784
10876,998,ear,imagenet,784
10877,999,toilet_tissu,imagenet,367
10878,999,toilet_tissu,objectnet,37
10879,999,toilet_tissu,objectnet,32
10880,700,paper_towel,imagenet,532
10881,999,toilet_tissu,imagenet,341
10882,999,toilet_tissu,imagenet,367
10883,999,toilet_tissu,imagenet,454
10884,999,toilet_tissu,imagenet,367
10885,999,toilet_tissu,imagenet,224
10886,700,paper_towel,imagenet,442
10887,893,wallet,imagenet,613
10888,608,jean,imagenet,769
10889,999,toilet_tissu,imagenet,367
10890,999,toilet_tissu,imagenet,361
10891,999,toilet_tissu,imagenet,454
10892,999,toilet_tissu,imagenet,367
10893,700,paper_towel,imagenet,532
10894,999,toilet_tissu,imagenet,508
10895,999,toilet_tissu,imagenet,367
10896,999,toilet_tissu,imagenet,715
10897,999,toilet_tissu,imagenet,454
10898,999,toilet_tissu,imagenet,367
10899,158,toy_terrier,imagenet_v2,465
10900,163,bloodhound,imagenet_v2,309
10901,166,Walker_hound,imagenet_v2,272
10902,166,Walker_hound,imagenet_v2,313
10903,176,Saluki,imagenet_v2,335
10904,179,Staffordshire_bullterrier,imagenet_v2,335
10905,186,Norwich_terrier,imagenet_v2,5
10906,194,Dandie_Dinmont,imagenet_v2,360
10907,196,miniature_schnauzer,imagenet_v2,377
10908,200,Tibetan_terrier,imagenet_v2,271
10909,204,Lhasa,imagenet_v2,360
10910,204,Lhasa,imagenet_v2,272
10911,204,Lhasa,imagenet_v2,390
10912,216,clumber,imagenet_v2,417
10913,2,great_white_shark,imagenet_v2,3
10914,231,collie,imagenet_v2,440
10915,268,Mexican_hairless,imagenet_v2,471
10916,303,long-horned_beetle,imagenet_v2,497
10917,312,cricket,imagenet_v2,189
10918,337,beaver,imagenet_v2,540
10919,341,hog,imagenet_v2,391
10920,356,weasel,imagenet_v2,492
10921,380,titi,imagenet_v2,559
10922,380,titi,imagenet_v2,579
10923,380,titi,imagenet_v2,559
10924,381,spider_monkey,imagenet_v2,62
10925,418,ballpoint,imagenet_v2,320
10926,469,caldron,imagenet_v2,588
10927,497,church,imagenet_v2,548
10928,501,cloak,imagenet_v2,760
10929,505,coffeepot,imagenet_v2,534
10930,508,computer_keyboard,imagenet_v2,587
10931,519,crate,imagenet_v2,633
10932,526,desk,imagenet_v2,594
10933,54,hognose_snake,imagenet_v2,97
10934,542,drumstick,imagenet_v2,363
10935,54,hognose_snake,imagenet_v2,140
10936,54,hognose_snake,imagenet_v2,140
10937,550,espresso_maker,imagenet_v2,320
10938,572,goblet,imagenet_v2,770
10939,589,hand_blower,imagenet_v2,418
10940,590,hand-held_computer,imagenet_v2,336
10941,593,harmonica,imagenet_v2,181
10942,60,night_snake,imagenet_v2,97
10943,60,night_snake,imagenet_v2,140
10944,656,minivan,imagenet_v2,407
10945,662,modem,imagenet_v2,618
10946,681,notebook,imagenet_v2,53
10947,681,notebook,imagenet_v2,53
10948,69,trilobite,imagenet_v2,535
10949,699,panpipe,imagenet_v2,424
10950,700,paper_towel,imagenet_v2,558
10951,705,passenger_car,imagenet_v2,209
10952,725,pitcher,imagenet_v2,165
10953,725,pitcher,imagenet_v2,588
10954,725,pitcher,imagenet_v2,588
10955,725,pitcher,imagenet_v2,165
10956,729,plate_rack,imagenet_v2,351
10957,731,plunger,imagenet_v2,770
10958,767,rubber_eraser,imagenet_v2,693
10959,77,wolf_spider,imagenet_v2,186
10960,784,screwdriver,imagenet_v2,657
10961,794,shower_curtain,imagenet_v2,704
10962,81,ptarmigan,imagenet_v2,195
10963,824,stole,imagenet_v2,482
10964,845,syringe,imagenet_v2,719
10965,855,thimble,imagenet_v2,64
10966,885,velvet,imagenet_v2,734
10967,894,wardrobe,imagenet_v2,781
10968,894,wardrobe,imagenet_v2,781
10969,902,whistle,imagenet_v2,683
10970,902,whistle,imagenet_v2,354
10971,909,wok,imagenet_v2,290
10972,911,wool,imagenet_v2,751
10973,911,wool,imagenet_v2,253
10974,911,wool,imagenet_v2,734
10975,911,wool,imagenet_v2,260
10976,947,mushroom,imagenet_v2,754
10977,970,alp,imagenet_v2,193
10978,972,cliff,imagenet_v2,28
10979,977,sandbar,imagenet_v2,501
